group,count,documented_meaning,source_url,coarse_kind_families_interpretive,dominant_coarse_family_interpretive,dominant_coarse_family_share,normalized_kind_count,normalized_kinds,curator_value_type_count,curator_value_types,curator_structure_count,curator_structures,min_dimension,max_dimension,dimension_ratio,size_span,min_nnz,max_nnz,shape_profile,square,rectangular,symmetry_profile,exact_symmetric_square,structurally_symmetric_square,known_spd,value_profile,binary,geometric_2d3d,cohesion,official_notes
HB,292,"The original Harwell-Boeing collection. Iain Duff, Roger Grimes, and John Lewis. Duff, I. S. and R. G. Grimes and J. G. Lewis,",https://sparse.tamu.edu/HB,chemistry/biology; electrical/circuit/device; electromagnetics/acoustics; fluids/transport; generic spatial PDE/thermal; graph/network data; mathematics/statistics; optimization/control; other; structures/materials,structures/materials,0.4178082191780822,16,structural problem (121); 2D/3D problem (36); computational fluid dynamics problem (27); power network problem (18); optimization problem (17); chemical process simulation problem (16); economic problem (14); thermal problem (12); least squares problem (11); directed weighted graph (8); acoustics problem (4); counter-example problem (3); semiconductor device problem (2); materials problem (1); statistical/mathematical problem (1); directed graph (1),4,real (170); binary (112); integer (7); complex (3),4,symmetric (169); unsymmetric (105); rectangular (16); skew-symmetric (2),9,44609,4956.555555555556,wide (>100×),24,2043492,mixed,276,16,mixed among square matrices,169,184,60,real + complex,112,203,multi-domain/mixed,"The original Harwell-Boeing collection. Iain Duff, Roger Grimes, and John Lewis.

Duff, I. S. and R. G. Grimes and J. G. Lewis,
Sparse Matrix Problems, ACM Trans. on Mathematical Software,
vol 14, no. 1, pp 1-14, 1989."
ATandT,4,"Frequency domain analysis of large nonlinear analog circuits, AT&T. See ATT.ps for a paper describing these matrices, in the Other directory:",https://sparse.tamu.edu/ATandT,electrical/circuit/device,electrical/circuit/device,1.0,1,frequency-domain circuit simulation problem (4),1,real (4),1,unsymmetric (4),36057,659033,18.277532795296338,moderate (4–100×),222596,5834044,square only,4,0,no square matrix exactly symmetric/Hermitian,0,0,0,real only,0,0,coherent family/series,"Frequency domain analysis of large nonlinear analog circuits, AT&T.

See ATT.ps for a paper describing these matrices, in the Other directory:  

@inproceedings{FeldmannMelvilleLong96,
	author={Feldmann, P. and Melville, R. and Long, D.},
	title={Efficient frequency domain analysis of large nonlinear analog circuits},
	booktitle={Proceedings of the IEEE Custom Integrated Circuits Conference},
	year={1996}
	,address={Santa Clara, CA}
	,annote={online, in matrices/ATandT/Documentation/ATT.ps}
	}


--------------------------------------------------------------------------------

rich.m converted to onetone1.rua, and sparse.m converted to onetone2.rua:

	Date: Wed, 8 May 96 07:30:09 EDT
	From: David Long <long at research.att.com>
	To: davis at cise.ufl.edu
	Subject: matrices

	I put two matrices in incoming/rich.m.gz and incoming/sparse.m.gz.
	Both are for the same medium-sized example.  The first one has a
	relatively rich collection of off-diagonal entries and is typical of
	what we might use for an SSOR-like preconditioner.  The second is
	sparser, but probably more typical of what would be used with direct
	factorization.  Both of these are fairly typical of the matrices that
	arise in ""one-tone"" problems, in that the off-diagonal entries are
	generally confined in some band around the diagonal.  I'll also try to
	find an appropriate matrix from a multi-tone problem.  Those tend to
	have one set of off-diagonal entries close to the diagonal and another
	set relatively far away.

	David

--------------------------------------------------------------------------------

The tt3.m (multitone) matrix was converted to twotone.rua:

	Date: Thu, 9 May 96 07:12:46 EDT
	From: David Long <long at research.att.com>
	To: davis at cise.ufl.edu
	Subject: Re: matrices

	A matrix from a two-tone problem is in incoming/tt3.m.gz.

--------------------------------------------------------------------------------
Regarding a question about the paper (ATT.ps):
--------------------------------------------------------------------------------
	
	Date: Fri, 10 May 96 14:07:22 EDT
	From: David Long <long at research.att.com>
	To: davis at cise.ufl.edu
	Subject: Re: matrices
	
	Yes, figure 2 is supposed to be a diagram of the Jacobian, but let me
	add a few comments that may help clarify things.  First, you can just
	ignore the Y part.  It's included in the formulation for completeness,
	but is not generally needed.  None of the matrices that I sent have a
	Y part.  Second, the matrices can be naturally structured in one of
	two ways, which we call nN format and Nn format.  In nN format, you
	view the matrix as an n by n block matrix, with each block having size
	N by N.  Similarly, Nn format indicates an N by N block matrix, with
	each block having size n by n.  The two formats are related by the
	obvious permutations.  The picture of the Jacobian in figure 2 is for
	the matrix in nN format.  However, to confuse matters, our program
	actually builds the preconditioner matrix in Nn format, and that's the
	format of the matrices that I sent.  (Also to confuse matters, the
	paper is a bit inconsistent.  For example, the statement before
	equation 15 about the Jacobian being block-diagonal for a linear
	circuit assumes that Jacobian is in Nn format.)  The almost-circulant
	structure in figure 2 is in the dense N by N blocks, i.e., each N by N
	block is basically a circulant matrix.  I say almost-circulant because
	the multiplication of Gamma C Gamma^-1 by Omega breaks the circulant
	structure.  For simplicity, in the paper, the discussion of the
	Jacobian structure is carried out assuming that the problem is
	formulated in the complex domain.  In the complex case though, half of
	the coefficients that define the soluation are just conjugates of the
	other half.  Thus, if you translate everything into the real domain,
	you can save some memory.  The program uses this observation, and
	that's why the matrices that I sent are real.  The Jacobian in the
	real case is
	
	Omega T^-1 Gamma C Gamma^-1 T + T^-1 Gamma G Gamma^-1 T
	
	where T is a matrix that translates from the real domain to the
	complex domain.  It turns out that when you apply T^-1 and T to the
	complex circulant matrix, each pair of conjugate stripes in the
	circulant maps into one of those tilted boxes that we discussed.  You
	can see these clearly in the tt3.m preconditioner matrix.
	
	The paper appeared in the 1996 Custom Integrated Circuits Conference
	(CICC'96).  The conference just ended Wednesday, and I haven't
	actually seen the proceedings yet, so I can't give you page numbers
	and such.
	
	David

--------------------------------------------------------------------------------
My response to the message just above:
--------------------------------------------------------------------------------

To: David Long <long at research.att.com>
cc: davis at cise.ufl.edu, rcm at allegra.att.com
Subject: Re: matrices 
Date: Fri, 10 May 1996 17:22:19 -0400
From: Tim Davis <davis at cise.ufl.edu>


In a previous message, David Long <long at research.att.com> wrote
> Yes, figure 2 is supposed to be a diagram of the Jacobian, but let me
> add a few comments that may help clarify things...

Yes - that clarifies things a lot.  I'll have to think it through.
In the nN form, the N-by-N blocks are dense?

So in the Nn format, the n-by-n blocks have a sparse structure like the
left hand side of Figure 2 (the ""MNA"" matrix)?  And the n-by-n matrix
has a rather irregular structure, right?

The dense blocks, by the way, are why UMFPACK gets good performance on these
matrices.  You may have observed this ... as you increase N, the mflop
rate should increase nicely.

The dense blocks are still there, in nN or Nn format, at least in the
sense that UMFPACK will find them no matter how you contort the input
matrix.  In one sense this is an ideal matrix for UMFPACK ... unsymmetric
in the n-by-n structure (UMFPACK handles asymmetry and irregular structure
fairly well, but there are better methods when the structure is regular),
with each element being a dense N-by-N matrix (UMFPACK likes dense blocks,
since it gets good performance on them in the dense BLAS kernels).

Here are some results so far, on my UltraSparc (128 MB memory, two level
cache (Level 1: 16K data and 16K instruction, Level 2: 512K), and 2GB swap
space).  Peak performance of the BLAS is about 80 mflops in double precision,
160 mflops in single.  Theoretical peak is 333 mflops.

I've renamed the matrices (rich.m = onetone1, sparse.m = onetone2,
and tt3 = twotone).

Methods used:
	UMFPACK2-defaults: with default parameters
	UMFPACK2-nondef.:  no BTF, prefer symmetric pivots
	UMFPACK2 is the same as MA38 (to appear in Harwell Subr. Library).
	SuperLU: a sparse partial pivoting code, from Berkeley.   Also uses
		the BLAS.
	MA48:	a successor to MA28.  Lots faster than MA28.  Does not make as
		extensive use of the BLAS as does SuperLU and UMFPACK.  Better
		suited to more irregular problems (I've seen it much faster
		than UMFPACK for some matrices).

The following is the factorization time (including ordering,
symbolic factorization, etc.):

			time(cpu)	nz in LU	flops		Mflops
			in seconds

onetone1:

UMFPACK2-defaults	60.8  		4693767		0.2148D+10	35.3
UMFPACK2-nondef.	61.0		4907410		0.2337D+10	38.2
SuperLU		       108.2		4674848		0.2525D+10	23.3
MA48		       331.0		5109483		0.4564D+10	13.8


onetone2:

UMFPACK2-defaults	10.5  		1269790		0.1588D+09	15.1
UMFPACK2-nondef.	 9.6		1439817		0.2200D+09	22.9
SuperLU			 8.6		1319194		0.1306D+09	15.2
MA48			38.3		1260893		0.2229D+09	 5.8

twotone:

UMFPACK2-defaults      217.3  		9746806		0.6988D+10	32.2
UMFPACK2-nondef.       238.9	       15730302		0.9601D+10	40.2
SuperLU			failed**
MA48		       734.1	       10860368         1.4675D+10	20.0

For twotone, SuperLU ran out of memory in a preordering part that I wrote,
not in SuperLU proper (I need to try it again, and give it more memory in
that part).

I haven't included pure factorization time - all of these methods can use
prior orderings, for example (UMD2FA vs. UMD2RF, for example).
Do you use UMD2RF?  It would be used if the values of the
Jacobian changes, but the pattern remains the same (and the pivot order
remains the same, and stays numerical acceptable).  In that case, UMFPACK2,
SuperLU, and MA48 would all be faster in the 2nd factorization than they would
in the first.

Do these numbers compare with the results you have?  Actually, your BLAS on
the RS/6000 should get closer to the theoretical peak than does the
UltraSparc.

Oh - and thanks for the matrices.  Nice to have larger ones in which UMFPACK2
does so nicely.

Thanks,
Tim


--------------------------------------------------------------------------------
Matrix pre2.m, converted to pre2.rua"
Averous,4,"Matrices from David Averous, Institut National Polytechnique de Toulouse (INPT). --------------------------------------------------------------------------------",https://sparse.tamu.edu/Averous,generic spatial PDE/thermal,generic spatial PDE/thermal,1.0,1,thermal problem (4),1,real (4),1,unsymmetric (4),1794,84617,47.166666666666664,moderate (4–100×),7764,463625,square only,4,0,no square matrix exactly symmetric/Hermitian,0,0,0,real only,0,4,coherent family/series,"Matrices from David Averous, Institut National Polytechnique de Toulouse (INPT).

--------------------------------------------------------------------------------

Date: Thu, 19 Feb 1998 15:13:41 +0100
To: davis at cise.ufl.edu
From: David Averous <David.Averous at ensigct.fr>
Subject: UMFPACK

Dear Prof. T. DAVIS,
We work at ENSIGCT (in Toulouse (France) which is in the same university as
ENSEEIHT)in Laboratory of Chemical Engineering. Ours fields are simulation,
dynamic and static, and modeling of chemical processes. So we deal with
matrices that can be small and quiet full (N=100) up to very large, very
sparse and unsymmetric (N=100000, NNZ=500000).
We have tested various codes and according to literature and also workshops
(ILAY 95 CERFACS) we use UMF (2.*). For most of ours cases we have very
good results, fast integration and acceptable fill in.

We use it with a general DAE (differential Algebraic Equations) systems
solver using Gear, write in Fortran 77. Due to its general aspect we don't
know a priori the structure of matrix. So for static allocation of
integrator work vector, does a method (or a function) exist to evaluate an
upper limit of LVALUE and LINDEX with N(nb of equations) and NNZ(nb of non
zero) ? (Do you intend to make a f90 version of UMF in the future.. ?)

We have another problem due to fill in. For static simulation of plate fin
heat exchanger, we deal with matrices
from N~10000 and NNZ~50000 to N~100000 and NNZ~500000. But we can't reach
the upper limit of N due to fill in, the factor range from 5 to 50 ,
depending of cases. It depends on matrix structure. But perhaps there is a
matrix structure (large or small bandwidth, with or without border ...)
that reduce fill-in in UMF ?(we tried to change the number of columns
examined during pivot search but the behavior was unpredictable.)

Thanking you by advance for your courtesy,

	Best regards.					Prof. J.M. LE LANN
							D. AVEROUS
							K. HAMMADI
							A. SARGOUSSE


--------------------------------------------------------------------------
David AVEROUS
Institut National Polytechnique de Toulouse (INPT)
Ecole Nationale Sup=E9rieure d'Ing=E9nieurs de G=E9nie Chimique (ENSIGC)
Laboratoire de G=E9nie Chimique (UMR 5503 CNRS)
Equipe Analyse Fonctionnelle des Proc=E9d=E9s
18, Chemin de la Loge - F31078 TOULOUSE CEDEX (France)=09
	T=E9l.: 33 (0)5 62 25 23 00 Poste 2585	Fax : 33 (0)5 62 25 23 18
	E-mail : David.Averous at ensigct.fr
--------------------------------------------------------------------------

Date: Mon, 02 Mar 1998 10:47:35 +0100
To: davis at cise.ufl.edu
From: David Averous <David.Averous at ensigct.fr>
Subject: Matrices

I have sent you matrices (epb0.mat, epb1.mat, epb2.mat, epb3.mat). I use
gunzip for compression.=20

epb0 : N = 1794 ; NE = 8960 Plate-Fin Heat Exchanger with Simple Model
epb1 : N = 14734 ; NE = 95053 PFHE Model (simple case)
epb2 : N = 25228 ; NE = 175027 PFHE model ( case with flow redistributio=
n
represent by the extra diagonal blocs)
epb3 : N = 84617 ; NE = 463625 PFHE model (large case)

I have made some tests on memory requirements as function of the amalgation
parameter. Normalized memory requirements increases faster than in your
tests (TR-97-016) unfortunately for me I have an extremun at default value
(2.0), I reach 1.6 in some case. A value of 1.1 for amalgation seems better
for my kind of matrices, of course it means a little increase in
factorization time.

Best wishes

David Averous"
Bai,78,"Matrices from Z. Bai, D. Day, J. Demmel, and J. Dongarra. located at ftp.ms.uky.edu : pub/misc/bai/Collection.",https://sparse.tamu.edu/Bai,chemistry/biology; electrical/circuit/device; electromagnetics/acoustics; fluids/transport; generic spatial PDE/thermal; imaging/graphics/robotics; mathematics/statistics; structures/materials,fluids/transport,0.3974358974358974,8,computational fluid dynamics problem (31); electromagnetics problem (26); 2D/3D problem (8); statistical/mathematical problem (4); power network problem (3); chemical process simulation problem (2); robotics problem (2); materials problem (2),3,real (70); complex (6); integer (2),3,unsymmetric (66); symmetric (11); Hermitian (1),62,23560,380.0,wide (>100×),342,463360,square only,78,0,mixed among square matrices,8,39,4,real + complex,0,69,multi-domain/mixed,"Matrices from Z. Bai, D. Day, J. Demmel, and J. Dongarra.
located at ftp.ms.uky.edu : pub/misc/bai/Collection.

Modifications:
Header line (line 1) of AF23560 modified - 11 null characters removed.
Names changed to reflect the naming conventions at this site
(lower case, followed by a 3 character extension with the matrix type - .rua,
.rsa, etc.).

Jan, 2003: Matrices with unsorted columns were sorted (originals in
Jumbled directory).
Apr 2003: Matrices with ""(5E16)"" format changed to ""(5E16.8)"".  Originals in
5e16 directory.

--------------------------------------------------------------------------------
Original README file:
--------------------------------------------------------------------------------

This directory contains the data files for the test matrices. 


Title                                                                   Key     
-----------------------------------------------------------------------+--------

square dielectric waveguid, H. Dong                                     DW256A
                                                                        DW245B
                                                                        DW1024
                                                                        DW4096

bounded finline waveguide eigenmodes, B. Shultz and S. Gedney           BFWA62
                                                                        BFWB62
                                                                        BFWA398
                                                                        BFWB398
                                                                        BFWA782
                                                                        BFWB782

Magneto-hydro-dynamics Alfven spectral problem,                         MHDA416
                                                                        MHDB416

Airfoil  (A. Mahajan)                                                   AF23560 

Quebec Hydro Power system, Deo                                          QH882 

Chuck matrix (multiple eigenvalues)  J. Cullum                          CK104
                                                                        CK400
                                                                        CK656

LOPSI Stochastic Test Matrix                                            LOP163


Model ordinary differential eigenvalue problem                          ODEPA400
                                                                        ODEPB400
							
Model convection-diffusion differential equations                       CDDE1 
                                                                        CDDE2 
                                                                        CDDE3 
                                                                        CDDE4 
                                                                        CDDE5 
                                                                        CDDE6 

Brusselator wave model in transport interaction of chemical solutions   BWM200 
                                                                        BWM2000 
                                              

Markov Chain Modeling, Random Walk  (m = 15)  G. W. Stewart             RW136
                                    (m = 30)                            RW496
                                    (m = 100)                           RW5151

model PDE problem, H. Elman         nx = ny = 15                        PDE225
                                    nx = ny = 30                        PDE900
                                    nx=47, ny=63                        PDE2961


Quantum chemistry (complex symmetric)                                   QC324
                                                                        QC2534 

---------------- to be included ------------------------------------------------ 
Orr-Sommerfeld  (complex matrix) 

Ising mode (size? and parameters?)  

Robotic control (CAD in C program)                                      ROB480

Taylor-Couette flow 

NASA AMES arc2d problems (16,256 by 16,256)"
Boeing,32,"Structural engineering matrices from Roger Grimes, Boeing. The files have been renamed to fit my naming scheme (matrixname.type),",https://sparse.tamu.edu/Boeing,structures/materials,structures/materials,1.0,2,structural problem (24); materials problem (8),2,real (27); binary (5),1,symmetric (32),588,217918,370.60884353741494,wide (>100×),10485,11524432,square only,32,0,all square matrices symmetric/Hermitian,32,32,15,real only,5,32,one broad domain; mixed matrix forms,"Structural engineering matrices from Roger Grimes, Boeing.
The files have been renamed to fit my naming scheme (matrixname.type),
where type = rsa, rua, psa, etc. (via the script ""fix"" in this directory).

NOTE: the BCSSTK39 matrix has been recently added (Dec 2002).

The NASA* matrices are almost duplicates of ../Nasa/*:

nasa1824.rsa:  Boeing version has different numerical values (same pattern).
	I think the Nasa/nasa1824.rsa copy is the true version (do a diff
	between the two, and you'll see what I mean).

nasa2910.?sa and nasa4704.?sa:  Boeing versions are just the pattern
	The Nasa/ versions include numerical values, and right-hand side.
	The patterns are the same.

--------------------------------------------------------------------------------
The following matrices appear to be corrupted:

	ct20mass.rsa
	mn12k.rsa
	mn12m.rsa
	pwtm.rsa

--------------------------------------------------------------------------------
Date: Fri, 2 Jun 95 09:23:48 PDT
From: Roger Grimes 206-865-3585 <rgrimes :at: espresso.rt.cs.boeing.com>
Message-Id: <9506021623.AA02721 :at: espresso.rt.cs.boeing.com>
To: davis :at: cis.ufl.edu
Subject: Re:  sparse matrices

Tim,

I am sending you (u.s. snail mail) today an 8 mm tape.
It has a copy of 2 tar tapes.
+
The first tar tape has the following matrices.

BCSSTK34
BCSSTK35
BCSSTK36
BCSSTK37
BCSSTK38
BCSSTK39
BCSSTM34
BCSSTM35
BCSSTM36
BCSSTM37
BCSSTM38
BCSSTM39
CRYSTK01
CRYSTK02
CRYSTK03
CRYSTM01
CRYSTM02
CRYSTM03
CT20MASS
CT20STIF
MSC00726
MSC01050
MSC01440
MSC04515
MSC10848
MSC23052
NASA1824
NASA2910
NASA4704

The second tar tape has

mn12.K
mn12.M
pwt.K
pwt.M

I believe I already have sent you the headers for all of these matrices.
If not let me know and I will do so.

To extract the 2 different tar files from the 8 mm tape you will need
to know some about the 'dd' and 'mt' command on unix.  I had to learn
this recently so, in case you need it, here are commands that will let
you get the table of contents from the two tar files.  Note that our
8 mm tape drive is referenced by 'rst1'.  'nrst1' says look at tape
device rst1 but do not rewind the tape.  

mt -f /dev/rst1 rewind     ""positions tape to beginning""  
tar tvf /dev/rst1          ""gets table of contents of first tar file""
mt -f /dev/rst1 rewind     ""positions tape to beginning""
mt -f /dev/nrst1 fsf 1     ""skips past first tar file""
tar tvf /dev/rst1          ""gets table of contents of second tar file""

If you are interested only working on ordering/symbolic factorization 
for these problems you may find the following program useful.  It
reads the H-B matrix and puts out a H-B representation of only
the pattern.

      program pattern
c
c---------------------------------------------------------------------
c
c     this program creates a pattern only representation of a sparse
c     matrix in the harwell/boeing sparse matrix format.     
c
c---------------------------------------------------------------------
c
      character* 3    mtxtyp, rhstyp
      character* 8    key
      character*16    ptrfmt, indfmt
      character*20    valfmt, rhsfmt
      character*72    title
      character*80    line
c
      integer         lintot, linptr, linind, linval, linrhs,
     1                nrow,   ncol,   nnzero, nelmnt, nrhs,   nrhsi
c
c---------------------------------------------------------------------
c
      read ( 5, 1000, end = 900 ) title, key,
     1                 lintot, linptr, linind, linval, linrhs,
     2                 mtxtyp, nrow,   ncol,   nnzero, nelmnt,
     3                 ptrfmt, indfmt, valfmt, rhsfmt
 1000 format ( a72, a8 / 5i14 / a3, 11x, 4i14 / 2a16, 2a20 )
c
      if ( linrhs .gt. 0 ) read ( 5, 1100 ) rhstyp, nrhs, nrhsi
 1100 format ( a3, 11x, 2i14 )
c
	  if ( mtxtyp(1:1) .ne. 'P' ) then
			lintot = linptr + linind
			linval = 0
			linrhs = 0
			mtxtyp(1:1) = 'P'
			valfmt(1:20) = '                    '
			rhsfmt(1:20) = '                    '
      end if
c
      write ( 6, 2000) title, key,
     1                 lintot, linptr, linind, linval, linrhs,
     2                 mtxtyp, nrow,   ncol,   nnzero, nelmnt,
     3                 ptrfmt, indfmt, valfmt, rhsfmt
 2000 format ( a72, a8 / 5i14 / a3, 11x, 4i14 / 2a16, 2a20 )
c
      do 200 i = 1, lintot
          read  ( 5, '(a80)' ) line
          write ( 6, '(a80)' ) line
  200 continue
c
c---------------------------------------------------------------------
c
  900 stop
      end

Just a reminder.  You will need some significant disk space to deal with
mn12.K and pwt.K.  As a compress file, mn12.K requires 28M and pwt.K
requires 54M.  Uncompressed files will need 2.5 to 3 times as much.  
They are definitely not files for the weak of heart or for those short
on disk space.

Roger Grimes

--
------------------------------+-------------------------------------
Roger G. Grimes          | E-mail: rgrimes :at: espresso.rt.cs.boeing.com
Math and Eng. Analysis   | Tel.:   (206) 865-3585         
Boeing Information and   | FAX:    (206) 865-2966         
  Support Services       |
------------------------------+-------------------------------------
The comments in this message are mine and not necessarily those of 
The Boeing Company.
---------------------------+----------------------------------------"
Bomhof,4,"Matrices from circuit simulation problems. Wim Bomhof, Univ. Utrecht. Modelled as a system of differential algebraic equations.",https://sparse.tamu.edu/Bomhof,electrical/circuit/device,electrical/circuit/device,1.0,1,circuit simulation problem (4),1,real (4),1,unsymmetric (4),2624,80209,30.567454268292682,moderate (4–100×),21199,307604,square only,4,0,no square matrix exactly symmetric/Hermitian,0,0,0,real only,0,0,coherent family/series,"Matrices from circuit simulation problems.  Wim Bomhof, Univ. Utrecht.

Modelled as a system of differential algebraic equations.
Normally solved with a BDF method, and Newton's method, which
give rise to linear systems that need to be solved.  A, x, and b
are provided.

Wim Bomhof, Univ. Utrecht (now at PLAXIS (www.plaxis.nl), a small company
that develops a finite element code for geomechanical problems.
email:  (first name in lower case).(current directory name in lower case) at hetnet.nl.
circuit matrices posted at http://www.math.uu.nl/people/bomhof/.

Added to the UF sparse matrix collection in December 2001.


Citations:

Wim Bomhof and Henk van der Vorst, A parallel linear system solver
for circuit simulation problems. Numer. Linear Algebra Appl. 7 (2000), pp.
649-665. 

Wim Bomhof and Henk van der Vorst, A parallelizable GMRES-type method
for p-cyclic matrices, with applications in circuit simulation. To appear
in the proceedings of the SCEE-2000 Workshop, August 20-23, 2000, Warnemunde. 

Wim Bomhof, Iterative and parallel methods for linear systems, with
applications in circuit simulation. PhD thesis, Mathematical Institute, Utrecht
University, 2001."
Bova,1,"Model of Charleston Harbor. Steve Bova, Nichols Research Corporation. 2524 S. I-20 Frontage Road, Suite A, P.0. Box 820186,",https://sparse.tamu.edu/Bova,fluids/transport,fluids/transport,1.0,1,computational fluid dynamics problem (1),1,real (1),1,unsymmetric (1),46835,46835,1.0,one size,2329092,2329092,square only,1,0,no square matrix exactly symmetric/Hermitian,0,1,0,real only,0,1,single matrix,"Model of Charleston Harbor. Steve Bova, Nichols Research Corporation.
2524 S. I-20 Frontage Road, Suite A, P.0. Box 820186,
Vicksburg, MS 39182-0186.  email: swb :at the domain: nrcpet3.wes.army.mil.
Located at the U.S. Army Engineer Waterways Experiment
Station, Vicksburg, MS.

RMA10: A 3D finite-element element matrix from a CFD code.

From Steve Bova: This is a discretization of Charleston
Harbor, which has an island in the middle of it."
Brethour,2,"Numerical simulation of coating flows, from Jim Brethour. Original data was sent with 12 decimal digits in the mantissa, thus",https://sparse.tamu.edu/Brethour,fluids/transport,fluids/transport,1.0,1,computational fluid dynamics problem (2),1,real (2),1,unsymmetric (2),1348,9540,7.077151335311573,moderate (4–100×),19457,207308,square only,2,0,no square matrix exactly symmetric/Hermitian,0,0,0,real only,0,2,coherent family/series,"Numerical simulation of coating flows, from Jim Brethour.

Original data was sent with 12 decimal digits in the mantissa, thus
the 4E20.12 format for the numerical values.

Jim Brethour writes:

""Problems such as ours, incompressible 
free-surface flows, with (in my case) deformable boundaries, represent 
practical problems where direct solvers are typically the best way to go.
The large system is for the tail end of a converging slot 
coater (418 elements) and the smaller is for a 64 element lid-drvien cavity.""

--------------------------------------------------
Jim Brethour,                brethour :at the domain: cems.umn.edu
Box #13, 151 Amundson Hall, 
Dept. of Chemical Engineering & Materials Science,
University of Minnesota, 
421 Washington Avenue S.E.
Minneapolis, MN 55455
(612)-625-3083
--------------------------------------------------

(PhD student of Prof. Scriven).

Added November 3, 1997."
Brunetiere,1,"A matrix from Noel Brunetiere. Finite-element discretization of thermal problem. (Noel.Brunetiere :at the domain: lms.univ-poitiers.fr),",https://sparse.tamu.edu/Brunetiere,generic spatial PDE/thermal,generic spatial PDE/thermal,1.0,1,thermal problem (1),1,real (1),1,unsymmetric (1),3456,3456,1.0,one size,66528,66528,square only,1,0,no square matrix exactly symmetric/Hermitian,0,1,0,real only,0,1,single matrix,"A matrix from Noel Brunetiere. Finite-element discretization of thermal problem.
(Noel.Brunetiere :at the domain: lms.univ-poitiers.fr),
a PhD student (as of Spring 2001) in University of Poitiers (France).

Finite-element discretization of a thermal problem.
The original matrix in triplet form had 100,512 duplicate entries
(not present in the RUA form of the matrix).

The mesh is regular."
Cote,2,"Vibroacoustic matrices from Andre Cote, Univ. Sherbrooke, Quebec. Andre Cote",https://sparse.tamu.edu/Cote,electromagnetics/acoustics,electromagnetics/acoustics,1.0,1,acoustics problem (2),2,complex (1); real (1),1,symmetric (2),5962,12328,2.067762495806776,narrow (≤4×),142190,301700,square only,2,0,mixed among square matrices,1,2,0,real + complex,0,2,one broad domain; mixed matrix forms,"Vibroacoustic matrices from Andre Cote, Univ. Sherbrooke, Quebec.

  Andre Cote
  GAUS, genie mecanique
  Universite de Sherbrooke     |  E-mail :
  Andre.Cote :at the domain: gme.usherb.ca
  2500, boul. Universite       |  Tel    : (819) 821-8000 ext. 3166
  Sherbrooke ( Quebec )        |  Fax    : (819) 821-7163
  J1K 2R1                      |  Web    : http://www-gaus.gme.usherb.ca/


Andre Cote writes:

Depending on the type of problems we solve ( structure only, fluid only,
fluid-structure, etc.), and the type of solutions we are interested in
(eigenvalue or forced problems), we use different calculations schemes.
But, basically, the main bottleneck for every path comes down to two
situations:

1. Solving Ax = b for A symmetric and real (double precision)

	file name:	vibrobox.rsa

	How large                  ?  12328 DOFS       
	What is the structure like ?  symmetric with large bandwidth
	What structural problem    ?  flexible box (structure only)


2. Solving Ax = b for A symmetric and complex (double precision)

	file name:	mplate.csa

	How large                  ?  5962 DOFS        
	What is the structure like ?  symmetric 
	What structural problem    ?  multi-layer plate (that is
	a plate-air-poroelastic-air-plate system)

Many solves are required (a few to 5000)."
DRIVCAV,26,"Driven cavity, finite element matrices from Yousef Saad (SPARSKIT2 collection). Matrix types appended to file names by Tim Davis.",https://sparse.tamu.edu/DRIVCAV,fluids/transport,fluids/transport,1.0,1,computational fluid dynamics problem (26),1,real (26),1,unsymmetric (26),317,4562,14.391167192429021,moderate (4–100×),5923,138040,square only,26,0,no square matrix exactly symmetric/Hermitian,0,0,0,real only,0,26,coherent family/series,"Driven cavity, finite element matrices from Yousef Saad (SPARSKIT2 collection).
Matrix types appended to file names by Tim Davis.

c----------------------------------------------------------------------------
c  Code for Driven Cavity (Finite Element Method)
c
c  Author: Andrew Chapman (chapman :at the domain: msi.umn.edu)
c
c  Matrices extracted by: Abdelkader Baggag (baggag :at the domain: cs.umn.edu)
c
c  For more information, contact Prof.
c  Yousef Saad (saad :at the domain: cs.umn.edu)
c
c----------------------------------------------------------------------------
c                       Directories
c----------------------------------------------------------------------------
c src         : source code
c Block_fmt   : Matrices in Block format
c NoBlock_fmt : Matrices in Non Block format
c
c----------------------------------------------------------------------------"
FIDAP,35,"Fluid dynamics, finite element matrices from Yousef Saad (SPARSKIT2 collection). Names converted to Univ. of Florida naming convention (.mat changed to",https://sparse.tamu.edu/FIDAP,fluids/transport,fluids/transport,1.0,1,computational fluid dynamics problem (35),1,real (35),2,unsymmetric (22); symmetric (13),27,19716,730.2222222222222,wide (>100×),279,1096948,square only,35,0,mixed among square matrices,13,35,8,real only,0,35,one broad domain; mixed matrix forms,"Fluid dynamics, finite element matrices from Yousef Saad (SPARSKIT2 collection).
Names converted to Univ. of Florida naming convention (.mat changed to
.rua).

c------------------------------------------------------------------------c
c                           FIDAP MATRICES:                              c
c------------------------------------------------------------------------c
c  These  matrices are extracted from the examples provided by Fidap     c
c  The matrices are stored in Harwell-Boeing format                      c
c  For the physic of the problems, see detailed description in Fidap     c
c                                                                        c
c  Matrices extracted by:     Abdelkader Baggag  (baggag at cs.umn.edu)
c  with the help of Barry Rackner (bnr at msc.edu)
c									 c
c  For help or more informations, contact:				 c
c           Prof. Yousef Saad  (saad at cs.umn.edu)
c                                                                        c
c------------------------------------------------------------------------c
c            GENERAL INFORMATION ON THE PROBLEMS                         c
c------------------------------------------------------------------------c
c The elements used are Q2 for the velocity and P1 for the pressure      c
c for 2D problems and the so-called Brick elements (8 nodes) for 3D      c
c problems  (unless specified)					    	 c
c									 c
c We are solving the fully coupled Navier-Stokes Equations (unless       c
c specified), including the Temperature Equation for the Heat Transfer   c
c Problems and the Chemical Convection-Diffusion Equations for different c
c species                                                                c
c The Mesh is regular structured but not uniform                         c
c									 c
c                 | Kmax  				                 c
c		  |							 c
c                 |							 c
c  	 	  | 							 c
c		  |__________________ Jmax  		                 c
c                / 							 c
c               /     							 c
c	       /							 c
c             /								 c
c            / Imax							 c	
c------------------------------------------------------------------------c
c     This version is dated: June 09, 1994                               c
c------------------------------------------------------------------------c
c  ex1.mat  : 2D Transient Poiseuille Flow in a Pipe
c             Reynolds = 1.0
c             Imax = 9, Jmax = 5
c
c  ex2.mat  : 3D Steady Couette Flow
c             Reynolds = 1.0
c             Imax = 9, Jmax = 3
c
c  ex3.mat  : 2D Flow Past a Cylinder in Freestream
c             Reynolds = 40.0
c             Imax = 19, Jmax = 9
c
c  ex4.mat  : 2D Hamel Flow
c             Reynolds = 0.0
c             Imax = 9, Jmax = 5
c
c  ex5.mat  : Non-newtonian Flow in a Channel (Power Law Poiseuille Flow)
c             Reynolds = Power Law
c             
c  ex6.mat  : 2D Die Swell Problem
c             Capillary number = 1.0
c             Imax = 43, Jmax = 15
c
c  ex7.mat  : 2D natural Convection in a Square Enclosure
c             Rayleigh = 1000
c             Imax = 9, Jmax = 9
c
c  ex8.mat  : Developing Flow, Vertical Channel, Angle = 0.0
c             Rayleigh = 1000
c             Imax = 5, Jmax = 13
c
c  ex9.mat  : 2D Jet Impingement Cooling
c             Reynolds = 0.0 ; (Jet) = 300
c             Imax = 21, Jmax = 89
c
c  ex10.mat : 2D Flow over Multisteps in a Channel
c             Reynolds = 100 ; Prandtl = 0.6896
c             Imax = 13, Jmax = 5
c
c  ex11.mat : 3D Steady Flow; Cylinder and Flat Plate Heat Exchanger
c             Imax = 21; Jmax = 7; Kmax = 5 
c             Density = 1.0; Viscosity = 0.025; SpecifiHeat = 1.0; 
c             Conductivity = 3.760e-3
c
c  ex12.mat : 2D Flow Stokes Flow in Lid-Driven Wedge (28.5 Degree Angle)
c             Imax = 7; Jmax = 5
c             Density = 1.0; Viscosity = 5.0 
c
c  ex13.mat : Axisymmetric Flow through a Poppet Valve
c             Imax = 12; Jmax = 13
c             Steady, Newtonian, Axi-Symmetric, Isothermal, Nonlinear
c             Density = 3.122e-2; Viscosity = 6.77e-4
c
c  ex14.mat : 2D Isothermal Seepage Flow
c             Imax = 23; Jmax = 23
c             Density = 1000.0; Permeability = 100; Porosity = 0.5
c
c  ex15.mat : 2D Spin up of a Liquid in an Annulus                           
c             Imax = 7; Jmax = 7
c             Transient, Nonlinear, Newtonian, Cylindrical
c             Density = 1.0; Viscosity = 0.02
c
c  ex16.mat : 3D Flow Past a Heated Obstacle
c             Imax = 13; Jmax = 13; Kmax = 9
c             Nonlinear
c             Density = 1.0; Viscosity = 0.1; Conductivity = 0.1
c
c  ex17.mat : 3D Flow in a Rectangular Duct Around a 120 Degree Bend
c             Imax = 5; Jmax = 3; Kmax = 3
c             Nonlinear, Turbulent
c             Density = 1.74e-3; Viscosity = 1.84e-4  1.0 (Mixing)
c
c  ex18.mat : 2D Turbulent Flow Over a backward-Facing Step
c	      Imax = 5; Jmax = 9
c             Nonlinear, Turbulent (k-epsilon)
c             Density = 1.0; Viscosity = 2.2222e-5
c             
c  ex19.mat : 2D Developing Pipe Flow, Turbulent k-epsilon
c             Imax = 5; Jmax = 5
c             Nonlinear, Axi-Symmetric, Turbulent
c             Density = 1.0; Viscosity = 1.0e-5
c
c  ex20.mat : 2D Attenuation of a Surface Disturbance
c             Imax = 7; Jmax = 5
c             Transient, Nonlinear, free
c             Density = 1.0; Viscosity = 0.1
c
c  ex21.mat : 2D Growth of a Drop from a Nozzle
c             Imax = 5; Jmax = 3
c             Transient, Nonlinear, free, axi-symmetric
c             Density = 1.0; Viscosity = 1.0
c
c  ex22.mat : 2D Slot Coater
c             Imax = 6; Jmax = 3
c             Steady, Nonlinear, free
c             Density = 1.0; Viscosity = 0.1; SurfaceTension = 1.0
c
c  ex23.mat : 2D Fountain Flow in Injection Molding
c             Imax = 4; Jmax = 3
c             Nonlinear, Free
c             Density = 1.0; Viscosity = 2706.0
c
c  ex24.mat : 2D Unsymmetric Forward Roll Coating
c             Imax = 5; Jmax = 3
c             Nonlinear, Free
c             Viscosity = 1.0; Density = 1.0; SurfaceTension = 10
c
c  ex25.mat : 2D Drop Growth Resulting from a Moving Piston
c             Imax = 3; Jmax = 3
c             Transient, Nonlinear, Free, AxiSymmetric
c             Density = 1.0; Viscosity = 1.0; SurfaceTension = 10.0
c
c  ex26.mat : 2D surface Tension Gradient Driven Thermal Convection
c             Imax = 3; Jmax = 3
c             Steady, Nonlinear, Free, Weakly
c             Density = 1.0; Viscosity = 1.0; Surface Tension = variable;
c             Conductivity = 0.565
c
c  ex27.mat : 2D Crystal Growth Simulation
c             Imax = 3; Jmax = 3
c             Axisymmetric, Transient, Nonlinear, Free, Strongly     
c             Density = 1.0; Viscosity = 1.0; Conductivity = 0.051282
c
c  ex28.mat : 2D Two Merging Liquids with one External and an interior Interface
c             Imax = 7; Jmax = 6
c             Nonlinear, Steady, Free
c             Viscosity = 0.50; density = 
c
c  ex29.mat : 2D Turbulent flow in AxiSymmetric U-Bend: k-epsilon
c             Imax = 5; Jmax = 3
c             Nonlinear, Turbulent, Axisymmetric
c             Density = 1.0; Viscosity = 1.0e-5
c
c  ex30.mat : 3D Crystal Growth: Bridgman Technique
c             Imax = 11; Jmax = 7; Kmax = 3; MaxPoints = 999
c             Nonlinear, Strongly
c             Density = 1.0; Conductivity = 0.6; SpecifiHeat = 1.0 (Solid region)
c             density = 306; Viscosity = 4; Enthalpy = 4; Conductivity = 4 (Fluid Region)
c
c  ex31.mat : 2D Dilute Species Deposition on a Titled heated Plate
c             Imax = 7; Jmax = 3
c             Nonlinear, Weakly
c             Density = 1.0; Viscosity = 0.16; Conductivity = variable; Diffusivity = 0.15
c
c  ex32.mat : 2D radiation Heat Transfer in an Open Channel
c             Imax = 5; Jmax = 7
c             Nonlinear, weakly
c             Density = 1.3698; Conductivity = variable; Emissivity = variable
c
c  ex33.mat : 2D Radiation Heat Transfer in a Square Cavity
c             Imax = 7; Jmax = 7
c             Ra = 1.6e7; Rad = 5.88; Density = 1.3698; SpecifiHeat = 0.7300
c             Emissivity = 0.45--0.88
c             Nonlinear, Strongly 
c
c  ex34.mat : 2D Conduction Melting
c             Imax = 3; Jmax = 3
c             Transient, Nonlinear, Strongly
c             Density = 1.0; Conductivity = 0.1; Diffusivity = 1.0 (NonIsotropic)
c             Viscosity and Enthalpy definec on curves
c
c  ex35.mat : 2D Turbulent Flow in a Heated Channel
c             Imax = 41; Jmax = 7
c             Reynolds = 25960; k-epsilon
c             Nonlinear, Turbulent
c
c  ex36.mat : 2D Chemical Vapor Deposition in a Horizontal Reactor
c             Imax = 7; Jmax = 3
c             Nonlinear, Strongly 
c             Density = variable; Viscosity = variable defined on a curve
c             All the other properties are variable and defined on curves
c
c  ex37.mat : 3D Flow of Plastic in a profile extrusion Die
c             Imax = 7; Jmax = 9; Kmax = 5
c             Nonlinear, NonNewtonian, Weakly
c             Viscosity = variable; Conductivity = 1.0 
c
c  ex38.mat : Multiple Species Reaction A + 2B -----> 2C + D
c             Imax = 5; Jmax = 5
c             axisymmetric, nonlinear, weakly
c             all the properties are variable
c
c  ex39.mat : 3D Mixing Tank 2 Blades
c             Imax = 9; Jmax = 5; Kmax =7
c             Nonlinear
c             Density = 1.0; Viscosity = 1.0
c
c  ex40.mat : 3D Die Swell Problem on a Square Die
c             Imax = 5; Jmax = 11; Kmax = 5
c             Re = 1.0; Ca = inf
c             Viscosity = 1.0; Density = 0.5
c
c-----------------------------------------------------------------------
c-----------------------------------------------------------------------"
Gaertner,3,"Matrices from Dr. Klaus Gaertner, Weierstrass Institute Berlin.",https://sparse.tamu.edu/Gaertner,graph/network data,graph/network data,1.0,2,directed weighted graph (2); undirected weighted graph (1),1,integer (3),2,unsymmetric (2); symmetric (1),10774,13209,1.2260070540189345,narrow (≤4×),70842,91465,square only,3,0,mixed among square matrices,1,3,0,real only,0,0,one broad domain; mixed matrix forms,"Matrices from Dr. Klaus Gaertner, Weierstrass Institute Berlin."
Garon,2,"Matrices from Andre Garon, Univ. of Montreal. 2D Navier-Stokes. (andreg :at the domain: CERCA.UMontreal.CA).",https://sparse.tamu.edu/Garon,fluids/transport,fluids/transport,1.0,1,computational fluid dynamics problem (2),1,real (2),1,unsymmetric (2),3175,13535,4.262992125984252,moderate (4–100×),84723,373235,square only,2,0,no square matrix exactly symmetric/Hermitian,0,2,0,real only,0,2,coherent family/series,"Matrices from Andre Garon, Univ. of Montreal. 2D Navier-Stokes.

(andreg :at the domain: CERCA.UMontreal.CA).
2D Finite-Element discretisation of the Navier-Stokes
Equations. The geometry is a simply a square, with inlet and outlet on 
opposing sides.

The ""matrix_big"" file got truncated in transmission...

Performance of various solvers:

--------------------------------------------------------------------------------
To: andreg :at the domain: CERCA.UMontreal.CA
cc: bramley :at the domain: cs.indiana.edu, davis :at the domain: cise.ufl.edu
Date: Mon, 13 May 1996 13:48:24 -0400
From: Tim Davis <davis :at the domain: cise.ufl.edu>

Andre,

Here are some initial results with your matrices.
Run time is the complete factorization time (ordering,
symbolic factorization, and numerical factorization).

This is on a Sun UltraSparc, with 128MB of memory,
2GB of swap space.  Peak performance in the BLAS is about
80 mflops in double precision, 160 mflops in single
(I'm using double prec.).

The methods used:

	UMFPACK2: default parameters, version 2.1 (at my ftp site,
		but very similar to version 2.0 in netlib).
	SuperLU-mmd:  SuperLU with MMD preordering on A'*A
	SuperLU-camd: SuperLU with COLAMD preodering on A'*A
		(COLAMD is a code I'm working on).
	MA48-def: from Harwell Subr. Library.  default parameters,
		successor to MA28.
	MA48-sym: MA48 but strictly with symmetric pivoting only.
	MA42: from Harwell Subr. Library.  A unifrontal code.

Both matrix_small and matrix_medium are easily factorizable.
Perhaps not as fast as an iterative method might work, but
they can be factorized.

""matrix_small"" n=3175, nz=88927.

		time(sec)	nz in LU	flop count
UMFPACK2	3.95		754158		0.1318D+09
SuperLU-mmd	4.62		700626		0.1061D+09
SuperLU-camd	3.94		625623		0.0788D+09
MA48-def       17.8		646982		0.1371D+09
MA48-sym       11.9		485733		0.0693D+09
MA42	       10.9	       1044187		0.0772D+09

""matrix_medium"" n=13535, nz=390607

		time(sec)	nz in LU	flop count
UMFPACK2	116.9		8298907		0.5235D+10
SuperLU-mmd	 48.1		4725883		0.1251D+10
SuperLU-camd	 54.5		4673004		0.1280D+10
MA48-def	472.1		6297647		0.4531D+10
MA48-sym	293.9		3826925		0.1520D+10
MA42		128.1		9020565		1.3587D+10

It looks like UMFPACK2 is getting unacceptable fill-in.  The
diagonal is good - MA48-sym works better than MA48-def.
SuperLU seems to work the best ... HOWEVER ... you can't use
just SuperLU alone.  It needs a column preordering.  I shudder to
think what would happen if you didn't preordering the columns
(maybe I should try it).

This is from a fluid flow problem, right?  UMFPACK seems to have
trouble with those.  Can you email me the details?






--------------------------------------------------------------------------------
Subject: more results
Date: Fri, 17 May 1996 16:23:22 -0400
From: Tim Davis <davis :at the domain: cise.ufl.edu>


Andre,

I ran MA41, the ""symmetric-pattern"" multifrontal method (a new version,
to appear in the next release of the Harwell Subroutine Library), on
your matrices.

Here are the results.  Basically, MA41 is quite a bit faster for these
matrices than UMFPACK (=MA38).  I doubt there's much I can do to beat
these run times.  It would be possible to improve UMFPACK, I think,
so it wouldn't be as slow as it is.  MA41 is also faster than
SuperLU, MA42, and MA48 for these matrices.  MA41 is also more
accurate than UMFPACK2, probably because of the smaller flop count.

These matrices have symmetric nonzero pattern.

Do you have problems that lead to matrices with unsymmetric nonzero
pattern?

Thanks,
Tim

p.s., you'll need a wide screen to read these results.
--------------------------------------------------------------------------------

This is on a lightly loaded UltraSparc, May 15-17, 1996,
128MB memory, 2GB swap space.  Large differences between CPU and
WALL CLOCK time indicate swap-space thrashing of the method.

Method.A is the method using DEFAULT parameters, except UMFPACK uses u=0.01.
Method.B uses non-default parameters.

        MA41.A: no max transversal, u=0.01 (defaults)
        MA41.B: max transversal, u=0.01
        UMF*.A: BTF and no symmetric preference (defaults), u=0.01
        UMF*.B: no BTF, and with symmetric preference, u=0.01


""total time"" is analysis+factorize, not including solve time.
All times in seconds.

method     total time        |  num. factorize  |  solve time      |  nz in | flop     | error
           cpu       wall    |  cpu      wall   |  cpu       wall  |  LU    | count    | (max norm)


matrices/Garon/garon1.rua
MA41.A     0.835     0.938     0.729     0.810     0.036     0.078    357037 2.6470e+07     5.15D-12
MA41.B     0.869     0.941     0.730     0.790     0.036     0.037    357037 2.6470e+07     5.15D-12
UMF2.A     3.844     3.951     3.304     3.332     0.068     0.082    728318 1.3160e+08   0.6468E-04
UMF2.B     2.501     2.504     2.103     2.110     0.057     0.057    606371 8.2460e+07   0.3974E-07
UMF1.A     4.077     4.087     3.863     3.889     0.083     0.083    821459 1.1397e+08   0.1419E-03
UMF1.B     2.102     2.109     1.641     1.643     0.058     0.058    558734 5.5743e+07   0.7491E-06


matrices/Garon/garon2.rua
MA41.A     7.645     8.046     7.133     7.492     0.215     0.217   2396585 3.4220e+08     2.76D-11
MA41.B     7.785     8.187     7.141     7.499     0.216     0.224   2396585 3.4220e+08     2.76D-11
UMF2.A    76.076    81.396    82.050   167.636     1.013    27.110   7322867 3.2870e+09   0.6202E+02
UMF2.B    31.693    31.801    30.761    31.005     0.386     0.386   4556143 1.2800e+09   0.5692E-04
UMF1.A    73.480    82.058    86.705   239.346     1.098    28.960   7100507 2.9960e+09   0.7279E-01
UMF1.B    25.236    25.665    25.874    26.828     0.408     0.408   4099241 9.2035e+08   0.1846E-04"
Goodwin,12,Fluid mechanics matrices from Ralph Goodwin Matrices from 2018:,https://sparse.tamu.edu/Goodwin,fluids/transport,fluids/transport,1.0,2,computational fluid dynamics (10); computational fluid dynamics problem (2),1,real (12),1,unsymmetric (12),1182,178437,150.96192893401016,wide (>100×),32282,5778545,square only,12,0,no square matrix exactly symmetric/Hermitian,0,0,0,real only,0,12,coherent family/series,"Fluid mechanics matrices from Ralph Goodwin

Matrices from 2018:

    Finite element discretization of the Navier-Stokes and similar transport
    equations on various geometries:

    Goodwin_010
    Goodwin_013
    Goodwin_017
    Goodwin_023
    Goodwin_030
    Goodwin_040
    Goodwin_054
    Goodwin_071
    Goodwin_095
    Goodwin_127

Matrices from 1995:

The goodwin.rua matrix:

	A finite-element matrix from Ralph Goodwin, Chemical Engineering Dept.,
	Univ. of Illinois at Urbana-Champaign.  A fluid mechanics problem.
	From a nonlinear solver (Newton iterations.  Uses several back
	substitutions for the Sherman-Morrison formula to deal with a dense
	row  (not given in the matrix).

	The matrix was originally obtained in triplet (i,j,a_ij) format, with
	lots of duplicate entries (from unassembled finite elements). 
	Converted (and duplicates assembled) into RUA format by Tim Davis.

	email:  ralph :at the domain: wsnext.scs.uiuc.edu 

The rim.rua matrix: n=22560, nz=1014951.  Originally in triplet format with
	duplicate entries.  See comments below:


	From ralph :at the domain: wsnext.scs.uiuc.edu Mon May 22 16:31:26 1995

	Tim,

	I have another matrix that may interest you.  It is similar 
	to the matrix that you added to the Boeing-Harwell library.
	THere are 22560 equations.  The frontwidth is about 144.
	However pivoting consideration cause the frontwidth to grow
	to 2174.  I have not tried using UMFPACK with this matrix
	because my code requires 287 Mbytes to store the LU factors,
	and therefore goes out-of-core. Still if you are
	interested in a matrix that appears to have severe pivoting
	problems and is big then I have one for you.

	Ralph Goodwin

	From ralph :at the domain: wsnext Fri May 26 08:03:45 1995

	Tim,

	I solved my problem of excessive front width growth by rescaling
	the rows of the matrix, so I guess I sounded a false alarm.
	Previously, the front would grow from 155 to 2300, now it stays
	at 144.  I rescaled by the 1 norm of each row.

	Ralph

	From ralph :at the domain: wsnext.scs.uiuc.edu Fri May 26 14:27:21 1995

	Tim,

	I ftped the matrix to you.  It is in the
	directory incoming and is named  rim.mat.gz.  It is
	a 15Mb file that uncompresses to about 42Mb. The matrix
	is stored in triple format with the first two lines
	being the order of the matrix and the number of nonzeroes.
	There are duplicate nonzeroes that must be summed.

	Earlier I said that I scaled the rows by their 1 norm.
	This is not exactly correct. I scaled by the 1 norm 
	of the *unsummed* nonzeroes in the row, which is of
	course different than the 1 norm of the row.

	Ralph


	From ralph :at the domain: wsnext.scs.uiuc.edu Fri May 26 14:53:18 1995


	Yes, it is from the same application.  The physical properties
	are different (viscosity, density, ...) but otherwise it is
	the same problem.  One more thing about this problem is that
	it involves not only solving the steady Navier-Stokes (N-S) equations
	but also solving a pair of elliptic mesh generation (EMG) equations.
	The EMG equations are coupled to the N-S equations by
	boundary conditions. So the system of equations represented
	by the matrix I sent you (and also goodwin.rua) is both
	N-S equations and EMG equations all discretized using quadrilateral
	biquadratic finite elements. The main point is that the matrix
	is not just a discretization of the N-S equations.

	Ralph


Minor change, 3/31/03:  ""rua"" changed to ""RUA"", in rim.rua header."
Graham,1,"Finite element matrix from Dave Graham, Univ. of Illinois. GRAHAM1 Obtained Feb. 18, 1998.",https://sparse.tamu.edu/Graham,fluids/transport,fluids/transport,1.0,1,computational fluid dynamics problem (1),1,real (1),1,unsymmetric (1),9035,9035,1.0,one size,335472,335472,square only,1,0,no square matrix exactly symmetric/Hermitian,0,0,0,real only,0,1,single matrix,"Finite element matrix from Dave Graham, Univ. of Illinois.

GRAHAM1		Obtained Feb. 18, 1998.
		Jacobian from a Galerkin finite element discretization of
		the Navier-Stokes equations applied to a two-phase fluid flow
		problem.

		Original problem was in finite-element (unassembled) form.
		When converted to RUA type, 93877 entries with duplicate
		row & column indices were summed."
Grund,22,"Matrices from Friedrich Grund, WIAS Berlin. Chemical process simulation. --------------------------------------------------------------------------------",https://sparse.tamu.edu/Grund,chemistry/biology; electrical/circuit/device; other,chemistry/biology,0.7272727272727273,3,chemical process simulation problem (16); economic problem (4); circuit simulation problem (2),1,real (22),2,unsymmetric (21); symmetric (1),7,57735,8247.857142857143,wide (>100×),15,275094,square only,22,0,mixed among square matrices,1,1,0,real only,0,0,multi-domain/mixed,"Matrices from Friedrich Grund, WIAS Berlin. Chemical process simulation.

--------------------------------------------------------------------------------

To: davis :at the domain: cise.ufl.edu
Subject: Matrices to your subdirectory
Date: Tue, 07 Oct 97 10:53:02 +0200
From: ""F. Grund, WIAS Berlin"" <grund :at the domain: wias-berlin.de>


I put the files

bayer.tar.gz   
chem.tar.gz    
poli.tar.gz

in your subdirectory pub/faculty/davis/incoming

The matrices in bayer.tar.gz are of the german chemical industry
  (chemical process simulation). 

In chem.tar.gz you find matrices of demonstration examples of the
  chemical process simulator SPEEDUP.

The two matrices in poli.tar.gz are of account of capital links. The
  problem is:

Determine the inverse matrix of I-A. I is the unity matrix and A a matrix
  with elements a(i,j) and

	0 <= a(i,j) < 1

The elements b(i,j) of B = (I-A)**(-1) are >= 0. These matrices are
  very sparse and the fill in is very small.



Best Regards,
Friedrich Grund"
Gset,67,"Random graphs from Yinyu Ye, Univ. of Iowa. Obtained from ftp://dollar.biz.uiowa.edu/pub/yyye/Gset/",https://sparse.tamu.edu/Gset,graph/network data,graph/network data,1.0,2,undirected random graph (34); undirected weighted random graph (33),2,binary (34); integer (33),1,symmetric (67),800,10000,12.5,moderate (4–100×),3200,82918,square only,67,0,all square matrices symmetric/Hermitian,67,67,0,real only,34,0,one broad domain; mixed matrix forms,"Random graphs from Yinyu Ye, Univ. of Iowa.

Obtained from ftp://dollar.biz.uiowa.edu/pub/yyye/Gset/
See also http://dollar.biz.uiowa.edu/col/ye/

From 'rudy', an automatic graph generator.

  Three types of patterns:
 	even:	evenly, randomly distributed entries
 	tor:	2D torus.   All nodes have degree 4.  Wrapped in both directions
 	skew:	randomly distributed entries, but the avg degree of nodes 1:n
 		appears to be a decaying function, from high (node 1) to low
 		(node n)

  Matrices are binary or have values 0,1,-1.  The distribution of +/-1 are
  random.  Entries are in the strictly lower triangular part only.
  The original G* files in ftp://dollar.biz.uiowa.edu/pub/yyye/Gset/
  contain no duplicate entries, and are strictly upper triangular.

  mat	n	nz	type	binary	comments
 -------------------------------------------------------------------------------
  Matrices G1-G10: exactly 3% of the upper tri. entries are nonzero
  G1	800	19176	even	yes	= spones (G6)
  G2	800	19176	even	yes	= spones (G7)
  G3	800	19176	even	yes	= spones (G8)
  G4	800	19176	even	yes	= spones (G9)
  G5	800	19176	even	yes	= spones (G10)
  G6	800	19176	even	no
  G7	800	19176	even	no
  G8	800	19176	even	no
  G9	800	19176	even	no
  G10	800	19176	even	no

 -------------------------------------------------------------------------------
  G11	800	1600	tor	no	8-by-100
  G12	800	1600	tor	no	16-by-50
  G13	800	1600	tor	no	32-by-25

 -------------------------------------------------------------------------------
  G14	800	4694	skew	yes	= spones (G18)
  G15	800	4661	skew	yes	= spones (G19)
  G16	800	4672	skew	yes	= spones (G20)
  G17	800	4667	skew	yes	= spones (G21)
  G18	800	4694	skew	no
  G19	800	4661	skew	no
  G20	800	4672	skew	no
  G21	800	4667	skew	no

 -------------------------------------------------------------------------------
  Matrices G22-G31: exactly 1% of the upper tri. entries are nonzero
  G22	2000	19990	even	yes	= spones (27)
  G23	2000	19990	even	yes	NOT = spones (28), a unique pattern
  G24	2000	19990	even	yes	= spones (29)
  G25	2000	19990	even	yes	= spones (30)
  G26	2000	19990	even	yes	= spones (31)
  G27	2000	19990	even	no
  G28	2000	19990	even	no
  G29	2000	19990	even	no
  G30	2000	19990	even	no
  G31	2000	19990	even	no

 -------------------------------------------------------------------------------
  G32	2000	4000	tor	no	20-by-100
  G33	2000	4000	tor	no	25-by-80
  G34	2000	4000	tor	no	40-by-50

 -------------------------------------------------------------------------------
  G35	2000	11778	skew	yes	= spones (G39)
  G36	2000	11766	skew	yes	= spones (G40)
  G37	2000	11785	skew	yes	= spones (G41)
  G38	2000	11779	skew	yes	= spones (G42)
  G39	2000	11778	skew	no
  G40	2000	11766	skew	no
  G41	2000	11785	skew	no
  G42	2000	11779	skew	no

 -------------------------------------------------------------------------------
  Matrices G43-G47: exactly 1% of the upper tri. entries are nonzero
  G43	1000	9990	even	yes
  G44	1000	9990	even	yes
  G45	1000	9990	even	yes
  G46	1000	9990	even	yes
  G47	1000	9990	even	yes

 -------------------------------------------------------------------------------
  G48	3000	6000	tor	yes	60-by-50
  G49	3000	6000	tor	yes	100-by-30
  G50	3000	6000	tor	yes	120-by-25

 -------------------------------------------------------------------------------
  G51	1000	5909	skew	yes
  G52	1000	5916	skew	yes
  G53	1000	5914	skew	yes
  G54	1000	5916	skew	yes

 -------------------------------------------------------------------------------
  Matrices G55-G56:  approximately 0.05% of the upper tri. entries are nonzero
  (0.05% is 12497.5, which rounds up to 12498)
  G55	5000	12498	even	yes	= spones (56)
  G56	5000	12498	even	no

 -------------------------------------------------------------------------------
  G57	5000	10000	tor	no	50-by-100

 -------------------------------------------------------------------------------
  G58	5000	29570	skew	yes	= spones (58)
  G59	5000	29570	skew	no

 -------------------------------------------------------------------------------
  Matrices G60-G61:  approximately 0.035% of the upper tri. entries are nonzero
  (0.035% is 17147.55, which rounds up to 17148)
  G60	7000	17148	even	yes	= spones (61)
  G61	7000	17148	even	no

 -------------------------------------------------------------------------------
  G62	7000	14000	tor	no	70-by-100

 -------------------------------------------------------------------------------
  G63	7000	41459	skew	yes	= spones (64)
  G64	7000	41459	skew

 -------------------------------------------------------------------------------
  G65	8000	16000	tor	no	80-by-100

 -------------------------------------------------------------------------------
  G66	9000	18000	tor	no	100-by-90

 -------------------------------------------------------------------------------
  G67	10000	20000	tor	no	100-by-100

 -------------------------------------------------------------------------------"
Gupta,3,"Linear programming matrices from Anshul Gupta, IBM T. J. Watson Research Center. Discussed in ""Fast and Effective Algorithms for Graph Partitioning and Sparse",https://sparse.tamu.edu/Gupta,optimization/control,optimization/control,1.0,1,optimization problem (3),1,binary (3),1,symmetric (3),16783,62064,3.69802776619198,narrow (≤4×),2164210,9323427,square only,3,0,all square matrices symmetric/Hermitian,3,3,0,real only,3,0,coherent family/series,"Linear programming matrices from Anshul Gupta, IBM T. J. Watson Research Center.

Discussed in ""Fast and Effective Algorithms for Graph Partitioning and Sparse
Matrix Ordering,"" Ansul Gupta, IBM Research Division, T.J. Watson Research
Center, PO Box 218, Yorktown Heights, New York, 10598, USA,
anshul :at the domain: watson.ibm.com.  Tech Report RC 20496 (90799)
July 10, 1996
Computer Science / Mathematics.  The report discusses the WGPP graph
partitioner.

All three matrices come from linear programming problems.  They
are matrices of the form A times A transpose, where A is a rectangular
matrix with N rows (not provided).  All three matrices are positive definite,
but values are not provided.

	   N	     NZ (in all of matrix, not just lower triangular part)

Gupta1.psa  31,802   2,164,210

Gupta2.psa  62,064   4,248,286

Gupta3.psa  16,783   9,323,427


If you ""spy"" these matrices in Matlab, you can see that
the Gupta1 and Gupta2 matrices have a structure roughly of the form:

	A D
	D A D
	  D A D
	    D ...

where D is banded, and A is an arrowhead matrix of the form

	x x x x x x x x x 
	x x
	x   x
	x     x
	x       x
	x         x
	x           x
	x             x
	x               x

where the ""x"" above, is a dense block.  Gupta1 has 3 of these arrowheads,
and Gupta2 has 6 of them.  The Gupta1 matrix is not used in the tech. report,
but it is similar to Gupta2, which is used in the experiments reported there.

The Gupta3 matrix has a form

	 x               x
	   x             x
	     x           x
	       x         x
	         x       x
	           x     x
	             x   x
	               x x
	 x x x x x x x x x	<=== the border, with nearly all the nonzeros

where the ""x""'s are block submatrices (dense, or with some sparse pattern).

The leading 15343-by-15343 submatrix of Gupta3 has only 596,765 nonzeros.
This leading submatrix appears to be block diagonal, with dense blocks of
size 39, 40, or 41.  If a natural ordering is used, L has the same number of
nonzeros in its leading 15343-by-15343 submatrix as does the lower triangular
part of the leading 15343-by-15343 submatrix of Gupta3.  That is, no fill-in
occurs in this part of the matrix.

The remaining 8.72 million nonzeros are in the border (which is very dense).
Cholesky factorization of Gupta3, using the natural ordering, results in a
factor L with 5.4 million nonzeros, requiring 2.262 billion floating-point
operations to compute.  This compares with 2.181 billion flops when using an
ordering from WGPP.  Essentially, the matrix does not need any permutation to
reduce fill-in.

These dense rows cause minimum degree ordering algorithms (AMD, for example)
to take a long time to run.  A simple preprocessing can remove them from
the matrix prior to calling AMD.  The dense rows/columns can then be
ordered last.   This technique can greatly improve AMD's run time."
Hamm,6,"Semiconductor simulation matrices from Steve Hamm, Motorola, Inc. Semiconductor Systems Design Technology",https://sparse.tamu.edu/Hamm,electrical/circuit/device,electrical/circuit/device,1.0,1,circuit simulation problem (6),1,real (6),1,unsymmetric (6),2395,170998,71.39791231732777,moderate (4–100×),13151,958936,square only,6,0,no square matrix exactly symmetric/Hermitian,0,4,0,real only,0,0,coherent family/series,"Semiconductor simulation matrices from Steve Hamm, Motorola, Inc.
Semiconductor Systems Design Technology
3501 Ed Bluestein Blvd., MD-M2, Austin TX 78762  USA
Internet:  hamm :at the domain: ssdt-bluestein.sps.mot.com   
Ph:  512-928-6612  
Fax: 512-928-7662  

In Harwell/Boeing format.  One dense right-hand side with each matrix.

add20.rua	20-bit adder
add32.rua	32-bit adder
memplus.rua	memory circuit


Matrices added July 2001.  New address:

 email Steve.Hamm :at the domain: motorola.com
 Motorola Inc. Circuit Simulation Group
 TX32 PL29, 7700 W. Parmer Lane, Austin TX 78729   USA

bcircuit.rua	with parasitics
hcircuit.rua	no parasitics
scircuit.rua	many parasitics"
Hollinger,49,"Economic models from Peter Holinger, Intex Solutions, Inc. from MULTIMOD, a multi-country forward-looking macroeconometric model",https://sparse.tamu.edu/Hollinger,other,other,1.0,1,economic problem (49),1,real (49),1,unsymmetric (49),2880,64089,22.253125,moderate (4–100×),18229,717620,square only,49,0,no square matrix exactly symmetric/Hermitian,0,0,0,real only,0,0,coherent family/series,"Economic models from Peter Holinger, Intex Solutions, Inc.

from MULTIMOD, a multi-country forward-looking macroeconometric model
(see http://www.imf.org/external/np/res/mmod/mark3/index.htm).

mark3jacTTT[sc]:

    These matrices are the large block of a Jacobian matrix from the IMF's
    MULTIMOD Mark3 model stacked for 'TTT' periods.  In each 'TTT' pair,
    the 'sc' version is the same matrix after row and column scaling.

jan99jac*:

    Jacobians from a stacked forward-looking macroeconomic model, 
    in this case from the Bank of Canada.  

g7jac*:

    This set of matrices is from an ""Overlapping Generations Model""
    used to study the social security systems of the G7 nations.
    It's from CEPII, a research institute in Paris.


-=-=-=-=-=-=-=-=-=-=-=-=-=-=-=-=-=-=-=-=-=-=-=-=-=-=-=-=-=-=-=-=-=-=-
 Peter Hollinger  Tel:781-449-6222 Fax:781-444-2318
 peterh :at the domain: intex.com
 Intex Solutions, Inc.      110 A Street      Needham, MA 02494-2807
-=-=-=-=-=-=-=-=-=-=-=-=-=-=-=-=-=-=-=-=-=-=-=-=-=-=-=-=-=-=-=-=-=-=-"
LPnetlib,138,"NETLIB Linear Programming problems, www.netlib.org. matrices/LPnetlib/README. Tim Davis, May 15, 1997. (davis :at the domain:",https://sparse.tamu.edu/LPnetlib,optimization/control,optimization/control,1.0,1,linear programming problem (138),2,real (108); integer (30),1,rectangular (138),13,243246,18711.23076923077,wide (>100×),22,1408073,rectangular only,0,138,N/A (rectangular only),0,0,0,real only,0,0,one broad domain; mixed matrix forms,"NETLIB Linear Programming problems, www.netlib.org.

matrices/LPnetlib/README.  Tim Davis, May 15, 1997. (davis :at the domain:
cise.ufl.edu)

The files in this directory are a translation of the linear programming
problems in Netlib.  You can obtain more information about the Netlib LP
problems by sending email to netlib :at the domain:
ornl.gov with the message
""send index from lp"".


++++++++++++++++++++++++++++++++++++++++++++++++++++++++++++++++++++++++++++++++
NOTICE!  The Netlib LP problems, in MPS format, should be considered the
""canonical"" problems.  If you find any problems with different optimal
objectives than what is reported in Netlib, then please let me know.
++++++++++++++++++++++++++++++++++++++++++++++++++++++++++++++++++++++++++++++++

The Netlib LP problems are in MPS or compressed MPS format.  Any compressed
MPS files were uncompressed using emps.c in the Netlib lp/data directory.
The MPS files were then converted to the KAR format using the mpsrd program
by M.G.C. Resende and G. Veiga.  The mpsrd program does not process RANGES,
so five problems (boeing1, boeing2, forplan, nesm, and seba) do not appear
here.  The KAR format is written out by mpsrd as follows:

c     name   - problem name (same as mps name card)
      write(out,'(a8)') name
c     m      - number or rows (input)
c     n      - number of columns (input)
      write(out,*) m,n
c     ia     - pointers to the begining of storage of column
      write(out,*) (ia(i),i=1,n+1)
c     ja     - row indices for each non zero entry (input)
      write(out,*) (ja(i),i=1,ia(n+1)-1)
c     a      - non zero entries (input)
      write(out,*) (a(i),i=1,ia(n+1)-1)
c     b      - right hand side (input)
      write(out,*) (b(i),i=1,m)
c     c      - objective vector (minimize)
      write(out,*) (c(i),i=1,n)
c     z0     - initial fixed value for objective
      write(out,*) z0
c     lobnd  - lower bounds on variables
      write(out,*) (lobnd(i),i=1,n)
c     upbnd  - upper bounds on variables
      write(out,*) (upbnd(i),i=1,n)

Mpsrd converts the MPS problem into a single form:

	minimize c'*x, subject to Ax=b and l<=x<=u.
	(and given an initial value of the objective, z0).

Next, the KAR formatted version of the LP problem was converted into
two formats by the readkar.f program, written by Tim Davis.  It generates
a single Matlab script, such as lp_afiro.m for the AFIRO problem.
For infeasible (lp/infeas) problems, the prefix is lpi_ (lpi_galenet.m for
the problem GALENET, for example).  This prefix was chosen so that you
are sure to notice that the problem is infeasible, and also because there
are two versions of the same problem in Netlib (GREENBEA), one feasible
and the other not.



--------------------------------------------------------------------------------


The *.clu files contain the c, l, and u vectors,
and the scalar z0, for the LP problems held in
RRA format in the LPnetlib directory.  The dense vectors
appear in order: c, l, u, and then z0.  One entry is held
on each line. 

The RRA files contain A and b, in Harwell/Boeing format.

The LP problems are all of the form

	minimize c'*x, subject to Ax=b and l<=x<=u
	and where z0 is the initial value of the
	objective."
Li,2,"3D magnetohydrodynamics finite element matrix from Ben Li, Washington State Univ. A magnetohydrodynamics problem with 5 variables. Collected and converted",https://sparse.tamu.edu/Li,electromagnetics/acoustics,electromagnetics/acoustics,1.0,1,electromagnetics problem (2),2,real (1); binary (1),2,unsymmetric (1); symmetric (1),22695,22695,1.0,one size,1215181,1350309,square only,2,0,mixed among square matrices,1,2,0,real only,1,2,one broad domain; mixed matrix forms,"3D magnetohydrodynamics finite element matrix from Ben Li, Washington State Univ.
A magnetohydrodynamics problem with 5 variables.  Collected and converted
to Harwell/Boeing format by Tim Davis.

Email: li :at the domain:
mme.wsu.edu. http://www.mme.wsu.edu/people/bql.htm

Order: 22,695 with 1,350,309 entries.  1,215,181 nonzero entries.
If the specified zero entries (135,128 of them)
in li.rua are included, the pattern is symmetric.

Doing a Cholesky factorization (if it were possible) would lead
to 19,896,926 entries in L if *no* reordering is done, and about 2e10
floating-point operations.  A symmetric-pattern LU code, such as MA41,
could get close to that (with about 4e10 ops), I would think, assuming 
that the diagonal entries are reasonably large in value.  The smallest
nonzero entry on the diagonal is 0.09, which is not too bad.

For comparison, a skyline solver got 40,262,417 entries
in L and U.  That's almost the same as a non-skyline code
(L+L' for Cholesky would have about 39.7 million entries).
So a skyline solver is doing very well for this matrix.

On an 167 Mhz UltraSPARC-I, AMDBAR takes only 2.06 seconds to get a
permutation P such that the L (for Cholesky factorization) has 30,408,134
entries ... much worse than when using the given ordering, which is unusual.

Doing a nested dissection ordering using Chaco (from Sandia) as the
graph partitioner gives an ordering such that the Cholesky factorization
has 13,142,711 nonzeros in L.  It took 81.7 seconds to get this
ordering on an UltraSPARC-1.  I used John Gilbert's mesh partitioner code at
ftp://parcftp.xerox.com in /pub/gilbert/meshpart.uu which as a Matlab
interface to Chaco, and P = ndperm ('chaco', 8, B) in Matlab,
where B is the pattern that includes the explicit zeros.
This ordering results in only 1.4e10 flops for Cholesky, or about
twice that for a symmetric-pattern LU factorization, assuming no ""delayed
pivoting"" becaose of small entries on the diagonal.

li.psa is the symmetric pattern of li.rua, where all specified entries of
li.rua are included, including entries with zero value.

Using the li.psa version, Bruce Hendrickson reports the following.
Using BEND on an SGI Onyx, in 8 seconds and ordering was obtained
in which L has 13,052,539 nonzeros and about 1.37e10 flops for a
Cholesky factorization.

Tim Davis, June 23, 1999"
Mallya,18,"Chemical process simulation matrices, J. Mallya, S. Zitney, M. Stadtherr. Reference:",https://sparse.tamu.edu/Mallya,chemistry/biology,chemistry/biology,1.0,1,chemical process simulation problem (18),1,real (18),1,unsymmetric (18),1477,70304,47.599187542315505,moderate (4–100×),18427,1528092,square only,18,0,no square matrix exactly symmetric/Hermitian,0,0,0,real only,0,0,coherent family/series,"Chemical process simulation matrices, J. Mallya, S. Zitney, M. Stadtherr.

Reference:
Zitney, S. E. and Mallya, J. and Davis, T. A. and Stadtherr, M. A.,
Multifrontal Techniques for Chemical Process Simulation on Supercomputers,
Fifth International Symposium on Process Systems Engineering, May 1994,
Kyongju, Korea (available via anonymous ftp to ftp.cis.ufl.edu as the
file cis/tech-reports/tr94/tr94-002.ps.Z).

Light hydrocarbon recovery problems - large-scale chemical process
simulation using rigorous equation-based models.  Note that these matrices
seem to be well-suited to unifrontal methods.

	    ---Mallya, Jayarama U
	       Dept of Chemical Engg
	       U of Illinois.
	       mally :at the domain: turing.scs.uiuc.edu

	 NOTE:  The 1k problem is the same as the old lhr (light hydrocarbon)
	 recovery problem.   The other problems are constructed from the 1k
	 problem.  Some of the matrices are ill-conditioned, but this is OK,
	 since even with a poor residual the nonlinear solver rapidly
	 converges.  Subsequent linear systems (not provided - these are
	 the first in the sequences) can be solved with a much lower residual.

These matrices occur in steady-state chemical process simulation problems.
The problems involve a light hydrocarbon recovery process.  The larger
problems are extensions of the smallest, involving more chemical species
with larger and/or more chemical processing units.  These problems were
developed by Jayarama Mallya and Mark Stadtherr at the University of
Illinois (Department of Chemical Engineering).  The matrices are taken
from an early iteration in a Newton-based solution procedure starting 
from a poor initial guess.  Automatic scaling options in the simulation
code were turned off.  The matrices are ill-conditioned and contain hard
zeros.  Please relate experiences with these matrices to Mark Stadtherr
(m-stadtherr :at the domain: uiuc.edu).

The rank of lhr71 was estimated at 70301 (it is 70304-by-70304) by MA48.

================================================================================

May 16, 1997:

Some of the ill-conditioned behaviour of these matrices is due to a modelling
error.  Better-conditioned versions have been derived (lhr04c, lhr07c, etc.),
with permission of the creators of these matrices.  The two smallest
matrices (lhr01 and lhr02) are already reasonably well-conditioned and do not
require any modifications.

The corrections were made as follows (see the FIX subdirectory for the
code to do this):

	1) the matrices were converted to triplet format, with explicit zeros
		replaced by the value 1e-300.  The modified matrices were
		then loaded into Matlab.  Zeros were changed to 1e-300 so
		that Matlab would not drop the explicit zeros.

	2) the matrices were fixed, in Matlab.  First, the matrix A is
		permuted to block triangular form (PAQ), with a zero-free
		diagonoal.  Next, 0.001 is
		added to each entry (PAQ)_ii for which (PAQ)_ii => 0,
		and -0.001 if added to each (PAQ)_ii for which (PAQ)_ii is
		< 0.  The correction to A is then P'*F*Q', where F is
		diagonal, and F_ii is the correction made to (PAQ)_ii.

	3) the corrected matrix C = A+(P'*F*Q') was then written in the
		Harwell/Boeing format.  It has the same pattern of its
		entries as A."
Mulvey,2,"Multistage stochastic financial modelling. J. Mulvey, Princeton. Matrices provided by Ed Rothberg, Silicon Graphics, Inc.",https://sparse.tamu.edu/Mulvey,other,other,1.0,1,economic problem (2),2,real (1); binary (1),1,symmetric (2),74752,74752,1.0,one size,596992,596992,square only,2,0,all square matrices symmetric/Hermitian,2,2,1,real only,1,0,one broad domain; mixed matrix forms,"Multistage stochastic financial modelling.  J. Mulvey, Princeton.
Matrices provided by Ed Rothberg, Silicon Graphics, Inc.
From the paper:

	A. Berger, J. Mulvey, E. Rothberg, and R. Vanderbei,
	""Solving multistage stochastic programs using tree dissection,""
	tech. report SOR-97-07, Program in Statistics and Operations
	Research

Ed Rothberg, email: rothberg :at the domain: multnomah.engr.sgi.com
John Mulvey, email: mulvey :at the domain: macbeth.Princeton.edu 

A stochastic programming matrix in an interior-point algorithm
for financial portfolio optimization.

Random nonzero values added (finan512.rsa) by Tim Davis.  The values were
then modified to ensure that the matrix was symmetric positive definite.

This matrix is quite strange, and appears to be highly sensitive to
tie-breaking issues, or some other phenomenon...  See the paper, above,
for a description of the phenomenon.

The following ordering algorithms were run
on a Sparc-10.  AMDperm is the Approximate Minimum Degree method, with
various ""elbow room"" sizes (see TR-94-038),
based on upper bounds on the external degree.
AMDtry3 is AMD with a different tie-breaking strategy.  oldAMDt is the same
as MA27, except that exact degree computations are replaced with an upper
bound on the true degree.  initMD is MA27, and origMD is a modification in MUPS
that ignores the computation of degrees above a certain threshold.  MMD is
Joseph Liu's multiple minimum degree algorithm (with delta = 0, 1, and 2).
ND is the nested dissection algorithm in Sparspak, and QMD is the minimum
degree ordering algorithm in Sparspak.  The columns in the table are
the number of nonzeros in L, the Mflops needed to compute L, the ordering
time, the number of garbage collections, the memory usage (excluding O(n)-size
arrays), and the number of size-n work arrays.

NOTE: Lnz is the number of nonzeros in the strictly lower diagonal part.
The A+AT number is the number of off-diagonal nonzeros in A+A^T.
Since this is a symmetric matrix, that's just the nonzeros in A minus n.

Matrix Portfolio/finan512.psa.gz n  74752 Anz   596992 A+AT   522240 -
Method:delta/elbow Lnz      LL^Tmflops      time comp memory O(n)usage
AMDperm:      3361993       1035.385920      5.53    0    833747  8
AMDperm:4     3361993       1035.385920      5.47    0    833747  8
AMDperm:3     3361993       1035.385920      5.63    1    776090  8
AMDperm:2     3361993       1035.385920      5.66    1    671745  8
AMDperm:1     3361993       1035.385920      5.64    1    671745  8
AMDtry3:      2522769        536.937792      5.18    0    797305  9
oldAMDt:      9285069      14968.698880      5.90    0    996344  8
 initMD:      9285069      14968.315904     10.07    0   1000263  7
 origMD:      9237356      14654.392320      6.56    0   1036206  7
    MMD:0     6432433       5933.023232    292.65    0    522240  7
    MMD:1     6432433       5933.025280    291.97    0    522240  7
    MMD:2     6432433       5933.025280    278.82    0    522240  7
     ND:      8530875       3412.739840      6.20    0    522240  5
    QMD:      4345895       2121.354368    970.03    0    522240  9


These minimum degree algorithms do show large variations in ordering times for
other matrices, but they usually produce comparable results.  This matrix
(finan512) is a very unusual exception.  The bcsstk30 matrix shows
more typical relative results, for example:


Matrix HB/bcsstk30.psa           n  28924 Anz  2043492 A+AT  2014568 -
Method:delta/elbow Lnz      LL^Tmflops      time comp memory O(n)usage
AMDperm:      3768625        899.876992      2.30    0   2088703  8
AMDperm:4     3768625        899.876992      2.31    0   2088703  8
AMDperm:3     3768625        899.876992      2.29    0   2088703  8
AMDperm:2     3768625        899.876992      2.31    0   2088703  8
AMDperm:1     3768625        899.876992      2.76    1   2072417  8
AMDtry3:      3764679        916.359040      2.32    0   2088942  9
oldAMDt:      4518625       1363.998720      2.23    0   2107723  8
 initMD:      4583033       1409.133568      2.66    0   2107538  7
 origMD:      4487456       1336.230912      2.73    0   2135673  7
    MMD:0     3849328        938.700288      4.63    0   2014568  7
    MMD:1     3863974        955.433984      4.53    0   2014568  7
    MMD:2     3886867        963.582848      4.29    0   2014568  7
     ND:      5743266       2204.590848     12.11    0   2014568  5
    QMD:      4689554       1586.877184     59.55    0   2014568  9"
Nasa,11,"NASA matrices obtained from Alex Pothen, ICASE and Old Dominion Univ. Converted to HB format by Tim Davis. The following is the original",https://sparse.tamu.edu/Nasa,structures/materials,structures/materials,1.0,1,structural problem (11),2,binary (6); real (5),2,symmetric (8); unsymmetric (3),1824,54870,30.082236842105264,moderate (4–100×),23492,2677324,square only,11,0,mixed among square matrices,8,8,5,real only,6,11,one broad domain; mixed matrix forms,"NASA matrices obtained from Alex Pothen, ICASE and Old Dominion Univ.
Converted to HB format by Tim Davis.  The following is the original
README file, and email discussing the *.nas format.

The original *.nas files have coordinate information for the nodes of the
graph.  They are located in the Conversion/ subdirectory, if you're interested.

--------------------------------------------------------------------------------

ftp://ftp.cs.odu.edu/pub/incoming/kumfert/README

WARNING:
The contents of this ftp site are temporary and subject
to change without notice.

DISCLAIMER:
Nothing free is guaranteed.

CONTENTS:
The current contents are matrices in various formats.
All are compressed and should be ftp'd using binary mode.
The two major formats are .nas and .hb  for NASA and 
Harwell-Boeing formats respectively.  The current list includes:

	barth.nas.Z
	barth4.nas.Z
	barth5.nas.Z
	nasa1824.hb.Z
	nasa2146.hb.Z
	nasa2910.hb.Z
	nasa4704.hb.Z
	nasasrb.hb.Z
	pwt.nas.Z
	shuttle_eddy.nas.Z
	skirt.nas.Z

Also included are some files for reading in these problems into
the Matlab(R) environment.  

        hbo2mat.f
        hbo.m
        readnasa.m

Nasa files can be read in using the readnasa.m utility.  Loading
in Harwell-Boeing files is a two step process.  First one must
convert the .hb file to a .mat file using hbo2mat.  Compilation
instructions are included in the file.  Then within Matlab, 
use hbo.m to properly load the .mat file.  The latter two
files were written by Cleve Moler, The MathWorks.  The readnasa.m
file was writtem by Gary Kumfert, Old Dominion University.

Comments/suggestions can be sent to Gary Kumfert <kumfert :at the domain: cs.odu.edu>.

Matlab is a registered trademark of The MathWorks Inc.

--------------------------------------------------------------------------------


Date: Thu, 1 Jun 1995 12:59:00 -0400
From: Pothen Alex <pothen :at the domain: icase.edu>
To: davis :at the domain: cis.ufl.edu
Subject: Re:  problems

problem.nas is an inhouse format used by us. 
It lists n coordinates of the nodes 
x_i y_i (z_i) 
and then tuples or triples
i j a_{ij} 
The first line lists n (no. of nodes) and 
nnz (the no. of nonzeros).

--Alex 


From: Alex Pothen <pothen :at the domain: cs.odu.edu>
Date: Thu, 1 Jun 1995 18:25:15 -0400
To: davis :at the domain: cis.ufl.edu
Subject: Re:  matrices

Tim, 
I am working at Icase and don't have access to barth
I will check and let you know tomorrow.
--Alex 
P.S. If it is a nas file, I trust you are using 
readnasa.m file to read it. 
It is an airfoil problem, so you should be able to 
visualize it using gplot. 
--Alex 

From: Alex Pothen <pothen :at the domain: cs.odu.edu>
Date: Fri, 2 Jun 1995 10:06:46 -0400
To: davis :at the domain: cis.ufl.edu
Subject: Re:  matrices

It is possible that the original numbering of barth makes 
it look random in a spy plot.
--Alex"
Nemeth,26,"A set of matrices from Karoly Nemeth, theoretical chemistry. currently postdoctoral fellow at Rice University with Prof. G.E. Scuseria",https://sparse.tamu.edu/Nemeth,chemistry/biology,chemistry/biology,1.0,1,theoretical/quantum chemistry problem (26),1,real (26),1,symmetric (26),9506,9506,1.0,one size,394808,1511760,square only,26,0,all square matrices symmetric/Hermitian,26,26,0,real only,0,0,coherent family/series,"A set of matrices from Karoly Nemeth, theoretical chemistry.
currently postdoctoral fellow at Rice University with Prof. G.E. Scuseria
(as of Summer 1999).

Symmetric-positive semidefinite matrices.


--------------------------------------------------------------------------------

Dear Prof Davis,

The problem, where my matrices come from, is the Newton-Schultz iteration 
(NSI), which is used for the calculation of the matrix sign function. 
If we denote the ""sign"" of a hermitian matrix ""F"" by ""sign(F)"",
sign(F) can be calculated by the NSI, like:

 Z_{k+1} = Z_{k} + 1/2 * (I - Z_{k}^2) * Z_{k} .

""Z"" is a general symmetric matrix, ""k"" is the iteration step, ""I"" is the
identity, Z_{0} = F/||F||, where ||F|| is the absolute value of the
largest eigenvalue of F. In my problems NSI converged in most cases in
less than 20 iterations. 

Currently I am very much interested in the Cholesky-decomposition of
(I - Z_{k}^2)^2: (I - Z_{k}^2)^2 = T^{t}T (T is upper triangular) . This 
would help me to construct some orthogonal vectors, which are important 
for some applications, the vectors are generated by :
(I - Z_{k}^2)*T^{-1}.

As NSI converges, the eigenvalues in Z_{k} tend to +1 or -1. (I - Z_{k}^2) 
gets more and more rank deficient (Z_{k}^2 tend to I). Thus normal Cholesky
cannot be used for the decomposition of (I - Z_{k}^2)^2. This is why I 
need Cholesky factorization for positive semidefinite matrices. Thus I 
expect to be able to generate ""r"" orthonormal vectors from (I - Z_{k}^2), 
where ""r"" is the rank of (I - Z_{k}^2). 

Here I used a somewhat 
modified version of NSI, where the trace of the matrices is kept fixed. 
However the matrices needed to be Cholesky decomposed are the corresponding 
(1-Z_{k}^2)^2 matrices. 

Best regards:

Karoly


(The Nemeth{K}.rsa file holds the Z_{k} matrix.)



***********************************
Karoly Nemeth, Ph.D.
----------------------------------
Rice University
Department of Chemistry - MS 60
6100 Main Street
Houston, TX 77005-1892

e-mail: karoly :at the domain: celaeno.rice.edu

office phone: before 5.30pm : +713-527-8101/2826 
              after  5.30pm : +713-527-8750/2826 
       fax: +713-285-5155
***********************************"
Okunbor,2,Acoustic radiation around aft duct fan. Walter Eversman and Daniel Okunbor. These matrices are generated by a finite element code.,https://sparse.tamu.edu/Okunbor,electromagnetics/acoustics,electromagnetics/acoustics,1.0,1,acoustics problem (2),2,real (1); complex (1),2,symmetric (1); unsymmetric (1),8184,8205,1.0025659824046922,narrow (≤4×),125567,127762,square only,2,0,mixed among square matrices,1,2,1,real + complex,0,2,one broad domain; mixed matrix forms,"Acoustic radiation around aft duct fan.  Walter Eversman and Daniel Okunbor.
These matrices are generated by a finite element code.

(C)1997 Copyright by
Walter Eversman and Daniel Okunbor
University of Missouri-Rolla

okunbor :at the domain: cs.umr.edu

--------------------------------------------------------------------------------

NOTE (added Feb 9, 2012): The aft01 matrix is numerically rank deficient.  It
is tagged in the UF Sparse Matrix Collection as 'positive definite' because
chol works on it, but some eigensolvers report negative eigenvalues.  See below
for details.

--------------------------------------------------------------------------------

On 01/26/2012 11:37 AM, Alexander Andrianov wrote:
Just a quick note somewhat related to the previous discussion. It looks like
aft01 instance is not PD: its smallest eigenvalue is about -2.0312E-03. Just
confirmed that by running dense eigensolvers including one from MKL library
(LAPACK’s DSYEV with 'N' option).

A modified Cholesky factorization however does not choke and factorizes it
nicely, with normalized residual of about 1.0e-17.

Not sure about its numerical rank though.

Best regards, Alex

--------------------------------------------------------------------------------

From: Tim Davis
Sent: Friday, January 27, 2012 5:50 PM
To: Alexander Andrianov
Cc: Leslie Foster
Subject: Re: UF collection matrices info

This is a wierd matrix.  Its numerical rank is one.

chol in MATLAB succeeds, unmodified, with a low residual

[L,p,s]=chol(A,'lower','vector');
norm (L*L'-A(s,s),1)

the diagonal of L has elements in the range 0.1325 to 3.16e7

Maybe the eigenvalue solver is the one giving the 'wrong' answer.
This problem might be close to PD, and chol and eig are giving
different results.  I tried this:

e = eig (full(A)) ;

and got a largest eigenvalue of 1e15, and a smallest one as 1.493e-4.
I don't see the -2e-3 that you got.

So eig in MATLAB (also uses LAPACK), says the matrix (barely) PD.

Numerically, the positive definiteness of this matrix looks like a
toss up.

Thanks,
Tim


--------------------------------------------------------------------------------

From:   Alexander Andrianov at SAS.com
Subject:    RE: UF collection matrices info
Date:   January 30, 2012 9:52:55 AM EST
To:     Davis Tim
Cc:     Leslie Foster

You may be right. I just ran it under various dense MKL solvers and got the
following:

           Smallest
DSYEV      -2.0311917e-3            eigenvalues only ('N' option)
DYSEV      -2.3789104e-1            complete eigendecomposition ('V' option)
DSYEVR      1.5329287e-4            complete eigendecomposition
DSYEVD     -2.2634604e-3            complete eigendecomposition

Also ran with my version of DSYEVD and got:
1.5259751e-4 for eigenvalues only
9.0656595e-3 for complete eigendecomposition

The normalized maximum residual was 6.423e-4 (excellent) but the normalized
orthogonality loss was 1.347e11 (very bad). This is probably due to the fact
that it is rank-deficient.

I don't know if this helps: the LAPACK team labels DSYEV and DSYEVD as being in
general more accurate (see LAPACK working note 183, page 16) but it doesn't
imply that they will beat DSYEVR all the time.

I guess this instance can be labeled as 'numerically PD' due to the rounding
error during Cholesky factorization which helps make it PD after all.

Thank you for running MATLAB on it,
Alex"
Qaplib,8,"Linear programming, lower bounds for quadratic assignment problem, M. Resende. In the paper ""Computing lower bounds for the quadratic assignment problem",https://sparse.tamu.edu/Qaplib,optimization/control,optimization/control,1.0,1,linear programming problem (8),1,integer (8),1,rectangular (8),225,379350,1686.0,wide (>100×),1050,1567800,rectangular only,0,8,N/A (rectangular only),0,0,0,real only,0,0,coherent family/series,"Linear programming, lower bounds for quadratic assignment problem, M. Resende.

In the paper ""Computing lower bounds for the quadratic assignment problem
with an interior point algorithm for linear programming,"" (Resende,
Ramakrishnan, and Drezner, O.R. 43 (781-791) 1995), compute an LP-based lower 
bound for the QAP using a interior point algorithm on numerous 
problems from the QAPLIB.  These linear programs are very difficult 
for direct factorization based LP solvers.

See http://www.research.att.com/~mgcr/ for more information.
The above paper is at http://www.research.att.com/~mgcr/doc/qaplp.ps. 

--------------------------------------------------------------------------------

See ../LPnetlib/README.txt for a description of the *.clu files."
Ronis,2,"Crystalline compounds (zeolites,sodalites), D. Ronis, Univ. of McGill. Two matrices from David Ronis, Chemistry Dept, Univ of McGill, Canada.",https://sparse.tamu.edu/Ronis,structures/materials,structures/materials,1.0,1,materials problem (2),1,real (2),1,unsymmetric (2),48600,157464,3.24,narrow (≤4×),1181120,3866688,square only,2,0,no square matrix exactly symmetric/Hermitian,0,2,0,real only,0,2,coherent family/series,"Crystalline compounds (zeolites,sodalites), D. Ronis, Univ. of McGill.

Two matrices from David Ronis, Chemistry Dept, Univ of McGill, Canada.
Email:  ronis :at the domain: onsager.chem.mcgill.ca.

Added to the UF sparse matrix collection on March 19, 2001.

His comments:

    The matrix is generated on the fly in a large code that analyses the
    elastic properties (and many other things) in a class of complicated
    crystalline compounds called zeolites or sodalites.

    Note that in the actual inversions, I add a positive number times the
    unit matrix to this matrix.  The typical value of this scalar is
    anywhere from 1e24 to 1e28--it really doesn't matter from the point of
    view of the calculation I want to do--the matrix is nonsingular in all
    cases.

(in the two matrices, xenon1.rua and xenon2.rua, 1e24 has already been
added to the diagonal)."
Rothberg,6,"Structural engineering matrices from Ed Rothberg, Silicon Graphics, Inc. Some of the matrix names and file names don't match.",https://sparse.tamu.edu/Rothberg,fluids/transport; structures/materials,fluids/transport,0.5,2,computational fluid dynamics problem (3); structural problem (3),2,binary (4); real (2),1,symmetric (6),4350,153746,35.34390804597701,moderate (4–100×),237798,9080404,square only,6,0,all square matrices symmetric/Hermitian,6,6,2,real only,4,6,multi-domain/mixed,"Structural engineering matrices from Ed Rothberg, Silicon Graphics, Inc.

Some of the matrix names and file names don't match.
This might be changed soon."
Shyy,2,"Computational fluid dynamics, viscous flow, Wei Shyy, Univ. Florida. Matrices: shyy161.rua, shyy41.rua",https://sparse.tamu.edu/Shyy,fluids/transport,fluids/transport,1.0,1,computational fluid dynamics problem (2),1,real (2),1,unsymmetric (2),4720,76480,16.203389830508474,moderate (4–100×),20042,329762,square only,2,0,no square matrix exactly symmetric/Hermitian,0,0,0,real only,0,2,coherent family/series,"Computational fluid dynamics, viscous flow, Wei Shyy, Univ. Florida.

Matrices:  shyy161.rua, shyy41.rua

From:

Prof. Wei Shyy
Aerospace Engineering, Mechanics & Engineering Science
231 Aerospace Building
P.O. Box 116250
University of Florida
Gainesville, FL 32611-6250
USA
email:  wss :at the domain: tiger.aero.ufl.edu
phone:  (904) 392-6416

Matrices are derived from a direct, fully-coupled method for solving
the Navier-Stokes equations for viscous flow calculations (in which the
pressure and velocity fields are coupled within the same linear system).
A body-fitted co-ordinate system is used.  This method is less sensitive
to variations in parameters (such as the Reynolds number) than decoupled
methods, in which the pressure equation is artificially derived by combining
the momentum and continuity equations.

Reference:
Braaten, M.E. and Shyy, W., ""Comparison of Iterative and Direct Solution
Methods for Viscous Flow Calculations in Body-Fitted Coordinates,""
Inter.  J. Numer. Meths. in Fluids, vol 6, pp. 325-349, 1986.


NOTE:  these matrices give large errors and residuals when factorized.
They are linear systems from early on in the nonlinear iteration.  A seemingly
poor solution to these linear systems is OK, since the solution still moves the
nonlinear iteration in the right direction.  For example, Mups (multifrontal
code) gives the following for shyy41.rua (with a right-hand-side of b(i)=n/i):

	maxnorm (Ax-b)			2.2e+68
	maxnorm (A)			1.9e+02
	maxnorm (x)			2.9e+67
	maxnorm(b-Ax)/maxnorm(Ax)	3.9E-02



Minor change 3/31/03: ""rua"" changed to ""RUA"" in both files."
Simon,12,"Structural engineering, computational fluid dynamics. Horst Simon. Matrices from Horst Simon,",https://sparse.tamu.edu/Simon,fluids/transport; graph/network data; structures/materials,fluids/transport,0.5833333333333334,3,computational fluid dynamics problem (7); structural problem (4); directed weighted random graph (1),1,real (12),2,unsymmetric (10); symmetric (2),3242,62424,19.254780999383097,moderate (4–100×),130371,1853104,square only,12,0,mixed among square matrices,2,9,2,real only,0,11,multi-domain/mixed,"Structural engineering, computational fluid dynamics.  Horst Simon.

Matrices from Horst Simon,
NAS Systems Division
NASA Ames Research Center
Moffett Field, CA 94035
USA

email:  simon :at the domain: nas.nasa.gov
phone:  (415) 604-4322


The following matrices have the same nonzero pattern:
	1) VENKAT01, VENKAT25, and VENKAT50
	2) RAEFSKY1 and RAEFSKY2

Names changed (see ""fix"" script).

Minor change 3/31/03:  ""rua"" changed to ""RUA"" in bbmat.rua header."
TOKAMAK,4,"TOKAMAK test matrices from the SPARSKIT2 collection, Yousef Saad, Univ. MN. (saad :at the domain: cs.umn.edu)",https://sparse.tamu.edu/TOKAMAK,electromagnetics/acoustics,electromagnetics/acoustics,1.0,1,electromagnetics problem (4),1,real (4),1,unsymmetric (4),300,5940,19.8,moderate (4–100×),3155,83842,square only,4,0,no square matrix exactly symmetric/Hermitian,0,0,0,real only,0,4,coherent family/series,"TOKAMAK test matrices from the SPARSKIT2 collection, Yousef Saad, Univ. MN.

 (saad :at the domain: cs.umn.edu)

Names changed (see ""fix"" script).  Keys in first lines of
header fixed, also."
Vavasis,1,"Irregular finite-element matrix from Steve Vavasis, Cornell. (copy provided by Sherry Li).",https://sparse.tamu.edu/Vavasis,generic spatial PDE/thermal,generic spatial PDE/thermal,1.0,1,2D/3D problem (1),1,real (1),1,unsymmetric (1),41092,41092,1.0,one size,1683902,1683902,square only,1,0,no square matrix exactly symmetric/Hermitian,0,0,0,real only,0,1,single matrix,"Irregular finite-element matrix from Steve Vavasis, Cornell.

(copy provided by Sherry Li).
Converted to Harwell/Boeing format by Tim Davis.

This matrix has also been refered to as ""Vavasis3""."
Wang,6,"3D semiconductor device, 2D incompressible flow. S. Wang, Univ. New South Wales. The simulators solve the corresponding coupled nonlinear PDE",https://sparse.tamu.edu/Wang,electrical/circuit/device,electrical/circuit/device,1.0,1,semiconductor device problem (6),1,real (6),1,unsymmetric (6),2903,26068,8.979676197037547,moderate (4–100×),19093,177196,square only,6,0,no square matrix exactly symmetric/Hermitian,0,6,0,real only,0,6,coherent family/series,"3D semiconductor device, 2D incompressible flow. S. Wang, Univ. New South Wales.

The simulators solve the corresponding coupled nonlinear PDE
system (i.e. the semiconductor device equations or the Navier-Stokes equations)
iteratively and in each nonlinear iteration unsymmetric sparse matrices 
with the same sparse pattern are formed.

The size of the matrices depends on the mesh used. Typical size (3d problems)
is 60,000. Presently the CGS is used.  These represent smaller test matrices.

The swang1.rua and swang2.rua matrices:
---------------------------------------
They are from the discretisation of the vorticity equation based on
a arbitrary triangular mesh with 3489 mesh nodes. The problem
is a square driven cavity problem and the Reynolds number is 1000.
The discretisation used is an exponentially fitted finite volume
method. Reference: ``An exponentially fitted finite volume method
for the solution of incomopressible flow problems'' by Miller J.J.H
and Wang S. in Proceedings of the 4th international symposium
on computational fluid dynamics, vol.3, Davis, California, 1991 pp49-54.

swang1.rua and swang2.rua have the same nonzero pattern.

The wang1.rua and wang2.rua matrices:
-------------------------------------
These two files are from the discretisation of the electron continuity
equations of a 3d diode with piecewise doping function N = 10e16 in
n-region and -10e16 in p-region. The mesh is a non-uniform mesh with
14x14x16 (=3136) mesh nodes, and the forward bias is 1 volt. 
Reference: ``An exponentially fitted finite element method for
a stationary convection-diffusion problem'' by Miller J.J.H. and Wang S.
in Computatioal methods for boundary and interior layers in
several dimensions (ed. Miller J.J.H.), Boole Press, Dublin, 1991
pp 120-137.

wang1.rua and wang2.rua have the same nonzero pattern.

The wang3.rua matrix:
---------------------
The same 3d diode semiconductor device problem as the wang1.rua and
wang2.rua matrices, but at a higher resolution.

The wang4.rua matrix:
---------------------
A MOSFET (metal on semiconductor field-effect device). The doping profile 
is 1.0e19 in the two n-regions and 1.0e15 in the p-region (it is an
n-channel device). The applied biases are 0 on substrate and source
terminals, 0.2 on drain terminal and 5.0 on gate terminal.

Meshes for the wang3.rua and wang4.rua problems: 30 X 30 X 30 uniform mesh is
used for both.  The orders of the two linear systems are about 26,000 
(due to the Dirichlet boundaries).

Reference for the discretisation scheme (wang3 and wang4):
either the previous reference or `An analysis of the Scharfetter-Gummel box
method for the stationary semiconductor device equations' by J.J.H. Miller
and S. Wang, RIORO Model. Math. Nal. Numer., vol. 28, No.2, 1994, pp123-140


Dr. Song Wang
School of Mathematics
University of New South Wales
Sydney, 2052
Australia
email: S.Wang :at the domain: unsw.edu.au


Minor change, 3/31/03:  ""rua"" changed to ""RUA"" 4 of the matrices."
Zhao,2,"Reduced-order modeling, electromagnetics. A. Cangellaris and L. Zhao. Matrices from A. C. Cangellaris and Li Zhao, ""Reduced-order",https://sparse.tamu.edu/Zhao,electromagnetics/acoustics,electromagnetics/acoustics,1.0,1,electromagnetics problem (2),1,real (2),1,unsymmetric (2),33861,33861,1.0,one size,166453,166453,square only,2,0,no square matrix exactly symmetric/Hermitian,0,0,0,real only,0,2,coherent family/series,"Reduced-order modeling, electromagnetics.  A. Cangellaris and L. Zhao.

Matrices from A. C. Cangellaris and Li Zhao, ""Reduced-order
modeling of electromagnetic systems with Pade' via Lanczos
Approximations,""  Applied Computational Electromagnetics
Symposium, 1997 (ACES '97)."
Zitney,8,"Chemical engineering applications. S. Zitney, Cray Research. Matrices from Dr. Stephen E. Zitney",https://sparse.tamu.edu/Zitney,chemistry/biology,chemistry/biology,1.0,1,chemical process simulation problem (8),1,real (8),1,unsymmetric (8),1048,5308,5.064885496183206,moderate (4–100×),10965,94408,square only,8,0,no square matrix exactly symmetric/Hermitian,0,0,0,real only,0,0,coherent family/series,"Chemical engineering applications.  S. Zitney, Cray Research.


Matrices from Dr. Stephen E. Zitney
Cray Research, Inc.
655-E Lone Oak Drive
Eagan, MN 55121-1560  USA
Email: sez :at the domain: cray.com
phone:(612) 683-3690
fax:(612) 683-3099

Chemical engineering applications.  The rdist* matrices are discussed in:

Zitney, S. E., ""Sparse matrix methods for chemical process separation
calculations on supercomputers,"" in Proc. Supercomputing '92, pp. 414-423,
(Minneapolis, MN, November 16-20, 1992), IEEE Computer Society Press, Los
Alamitos, CA, 1992.


These matrices come from a nonlinear solver, so they represent a selection
from a sequence of matrices with similar values and pattern.

Minor change: 3/31/03.  ""rua"" changed to ""RUA"" in the headers of each matrix."
Cunningham,4,"Finite element matrices from Andrew Cunningham, Vibro-Acoustic Sciences, Inc.",https://sparse.tamu.edu/Cunningham,electromagnetics/acoustics,electromagnetics/acoustics,1.0,1,acoustics problem (4),1,real (4),2,symmetric (3); unsymmetric (1),11107,66127,5.953632844152336,moderate (4–100×),6639,1660579,square only,4,0,mixed among square matrices,3,4,1,real only,0,4,one broad domain; mixed matrix forms,"Finite element matrices from Andrew Cunningham, Vibro-Acoustic Sciences, Inc.
http://www.vasci.com

qa8fk:  Finite element stiffness matrix for a 3D acoustic problem.
qa8fm:  Mass matrix for the above problem.
Both matrices are symmetric.

The MATLAB version of qa8fk and qa8fm includes the 3D coordinates of
the nodes of the matrix as Problem.coord.  They appear here as *.xyz.gz
files.  See ../Pothen/README.txt for a description of the xyz file format.

k3plates:  Finite element mass matrix, 3 plates meeting at a line
m3plates:  mass matrix for the above problem.

Submitted to the UF sparse matrix collection in January, 2002."
Chen,14,"Finite element matrices from Pu Chen, Peking University. 14 symmetric positive-definite matrices (patterns only).",https://sparse.tamu.edu/Chen,structures/materials,structures/materials,1.0,1,structural problem (14),1,binary (14),1,symmetric (14),10800,151926,14.067222222222222,moderate (4–100×),810000,14836504,square only,14,0,all square matrices symmetric/Hermitian,14,14,0,real only,14,14,coherent family/series,"Finite element matrices from Pu Chen, Peking University.

14 symmetric positive-definite matrices (patterns only).

Except for pkustk07, pkustk08, and pkustk13, all problems
arose in civil engineering.  There is more than 1 degree
of freedom at each node in the finite-element mesh.

pkustk07 and pkustk08 are regular 3D meshes, with one side fixed
in the original FE models.

Problem  Description			     n		nnz in lower triangular
							part (incl. diagonal)
PKUSTK01 Beijing botanical exhibition hall   22,044    500,712
PKUSTK02 Feiyue twin tower building	     10,800    410,400
PKUSTK03 Dalian group silo		     63,336  1,596,876
PKUSTK04 Yunsan Plaza			     55,590  2,137,125
PKUSTK05 Cofferdam (reduced model)	     37,164  1,121,154
PKUSTK06 Cofferdam (reduced model)	     43,164  1,307,466
PKUSTK07 Cubic 21 nodes solid, 10x10x10 mesh 16,860  1,217,832
PKUSTK08 Cubic 21 nodes solid, 11x11x11 mesh 22,209  1,624,440
PKUSTK09 Group silo			     33,960    808,800
PKUSTK10 4 tower silo			     80,676  2,194,830
PKUSTK11 Cofferdam (full size)		     87,804  2,652,858
PKUSTK12 Jijian Plaza, tall building	     94,653  3,803,485
PKUSTK13 Machine element, 21 nodes solid     94,893  3,355,860
PKUSTK14 Tall building			    151,926  7,494,215

Permanent address:

Pu Chen, Dr.-Ing.
Dept of Mechanics and Engineering
Peking University
Beijing 100871, China
e-mail: chenpu :at the domain: pku.edu.cn

Currently address:

Pu Chen, Dr.-Ing.
Dept of Civil Engineering
The University of Akron
Akron, OH 44325-3905
USA
e-mail: chenpu :at the domain: pku.edu.cn"
MathWorks,11,"Matrices contributed by The Mathworks, Inc. Some matrices come from other sources.",https://sparse.tamu.edu/MathWorks,graph/network data; imaging/graphics/robotics; mathematics/statistics; structures/materials,mathematics/statistics,0.6363636363636364,5,counter-example problem (6); structural problem (2); statistical/mathematical problem (1); directed graph (1); computer graphics/vision problem (1),2,real (10); binary (1),3,unsymmetric (7); rectangular (2); symmetric (2),102,12406,121.62745098039215,wide (>100×),306,340200,mixed,9,2,mixed among square matrices,2,4,2,real only,1,3,multi-domain/mixed,"Matrices contributed by The Mathworks, Inc.
Some matrices come from other sources.

pivtol: A small matrix from the spline toolbox that illustrates the dramatic
    growth factor that can occur with a pivot tolerance of 0.1 (in
    UMFPACK v4.0).  Needs a tolerance of 0.26, for off-diagonal pivoting.

Pd: An unsymmetric matrix (x=P\\d) with many sparse right-hand-sides.  The Pd.A
    matrix is 8081-by-8081.  Pd.b and Pd_rhs.A are the same 8081-by-12406 matrix
    (the right-hand-sides).  It is highly reducible to block triangular form,
    with 7877 diagonal blocks, the largest of which is 30-by-30.  Only 9 of
    the blocks are bigger than 1-by-1.  This is a good candidate for a solver
    based on dmperm.

Harvard500: Web connectivity matrix from Cleve Moler
    (Numerical Computing with MATLAB, 2004).  A(i,j) is nonzero if there
    is a link from page j to page i.  The URL of page j is in Problem.url{j}
    in the MATLAB form of this problem.  For more details, see Cleve Moler's
    book at http://www.mathworks.com/moler .  The matrix is 500-by-500, with
    a structural rank of 233 and numerical rank of 170.

tomography:  An earth science problem from David Yang.  Contributed by
    Bobby Cheng.  Much like a medical tomography problem.  ""UMFPACK 4.0
    is consistently slower than MATLAB v5.""  In MATLAB 7.1,
    [L,U,P] = lu (A) takes 0.07 seconds (using GPLU), but UMFPACK v4.3 with
    [L,U,P,Q] = lu (A) takes 0.11 seconds.

Kuu, Muu:  symmetric positive definite matrices which caused problems with
    UMFPACK v4.0 (in MATLAB 6.5).  chol, or UMFPACK v4.3 or later, work fine.

QRpivot is a counter-example problem from The MathWorks, Pat Quillen

    This matrix was obtained from a MATLAB user.  It illustrates the
    limitations inherent in computing a basic solution to an under-
    determined system without the use of column pivoting.

    With column pivoting (which can only be done in MATLAB with full
    matrices), the problem is solved properly.

    When finding the min 2-norm solution (ignoring fill-in):

        [Q,R] = qr (A') ;
        x = Q*(R'\\b) ;

    a good solution is found.  To reduce fill-in:

        p = colamd (A') ;
        [Q,R] = qr (A (p,:)') ;
        x = Q*(R'\\b(p)) ;
        
    which also finds a good solution.

    However, x=A\\b computes a basic solution, using this algorithm:

        q = colamd (A) ;
        [Q,R] = qr (A (:,q)) ;
        x = R\\(Q'*b) ;
        x (q) = q ;

    which finds an error with norm(A*x-b) of 1e-9 in MATLAB 7.6.

    With random permutations, and determining the cond(R1) of the leading
    trianglar part (R is ""squeezed"" and the columns can be partitioned into
    [R1 R2] where R1 is square and upper triangular) leads to the following
    results.

    Note that the error is high when condest(R1) is high.  Note in
    particular the last trial.

    So this clinches the question.  MATLAB's QR, and my new sparse QR, both
    use a rank-detection method (by Heath) that does not do column pivoting,
    and which is known to fail for some problems - for which Grimes & Lewis'
    method will likely succeed.

    The advantage of my QR is that I now always return R as upper
    trapezoidal, so if the user is concerned, he/she can easily check
    condest(R(:,1:m)) if m < n.

        err 7.71e-07 condest R1 2.18e+12
        err 1.25e-09 condest R1 9.82e+08
        err 2.47e-09 condest R1 2.46e+11
        err 4.00e-09 condest R1 4.03e+09
        err 9.88e-10 condest R1 4.73e+09
        err 2.25e-08 condest R1 5.34e+09
        err 2.00e-08 condest R1 1.04e+09
        err 1.09e-09 condest R1 6.83e+08
        err 6.18e-08 condest R1 8.13e+10
        err 3.13e-10 condest R1 4.23e+09
        err 6.64e-10 condest R1 2.46e+10
        err 5.76e-09 condest R1 4.31e+09
        err 7.61e-07 condest R1 5.08e+10
        err 2.27e-09 condest R1 4.94e+09
        err 3.99e-10 condest R1 2.80e+09
        err 1.37e-09 condest R1 3.13e+09
        err 6.93e-05 condest R1 1.84e+14
        err 1.35e-08 condest R1 7.18e+09
        err 1.09e-08 condest R1 1.79e+11
        err 1.81e-09 condest R1 2.99e+08
        err 1.55e-01 condest R1 2.45e+18

    In summary, this is a ""feature"" not a ""bug"".  If you want a reliable
    solution to an underdetermined system, find the min 2norm solution
    via a QR factorization of A'.

TS: a counter-example that triggers a bug in MATLAB R2009a.  Fixed in R2009b."
Kim,2,"2D complex meshes, from Wonsik Kim, Korea.",https://sparse.tamu.edu/Kim,generic spatial PDE/thermal,generic spatial PDE/thermal,1.0,1,2D/3D problem (2),1,complex (2),1,unsymmetric (2),38415,456976,11.895769881556683,moderate (4–100×),933195,11330020,square only,2,0,no square matrix exactly symmetric/Hermitian,0,0,0,complex only,0,2,coherent family/series,"2D complex meshes, from Wonsik Kim, Korea."
Langemyr,1,"FEM structural mechanics matrix from Lars Langemyr, COMSOL. This is one of the few matrices for which a pivot tolerance of 0.1 (in UMFPACK",https://sparse.tamu.edu/Langemyr,structures/materials,structures/materials,1.0,1,structural problem (1),1,real (1),1,unsymmetric (1),1500,1500,1.0,one size,97645,97645,square only,1,0,no square matrix exactly symmetric/Hermitian,0,0,0,real only,0,1,single matrix,"FEM structural mechanics matrix from Lars Langemyr, COMSOL.

This is one of the few matrices for which a pivot tolerance of 0.1 (in UMFPACK
V4.0) is not sufficient.  An inaccurate solution is found with that tolerance.

Penny Anderson, of The MathWorks, Inc, solved the problem in MATLAB 6.5 by
detecting a poor solution and automatically refactorizing with a pivot
tolerance of 1.0."
Pothen,22,"Structrual engineering matrices from NASA, collected by Alex Pothen. Each matrix has xy or xyz coordinates for each node (row/column) in the matrix.",https://sparse.tamu.edu/Pothen,structures/materials,structures/materials,1.0,1,structural problem (22),2,binary (12); real (10),1,symmetric (22),48,94069,1959.7708333333333,wide (>100×),306,460493,square only,22,0,all square matrices symmetric/Hermitian,22,22,10,real only,12,22,one broad domain; mixed matrix forms,"Structrual engineering matrices from NASA, collected by Alex Pothen.
Each matrix has xy or xyz coordinates for each node (row/column) in the matrix.

These are all symmetric positive definite matrices.  Some have only their
nonzero patterns supplied.  The diagonal entries were not specified, so
for non-binary matrices they have been defined so that the diagonal A(i,i)
is equal to the sum of the absolute values of the off-diagonal entries in
row i, plus one.

The xy or xyz coordinates for each matrix are in seperate files.
For example, for the bodyy4.rsa matrix, the coordinates are in bodyy4.xyz.
Row i of the bodyy4.xyz file lists the xy or xyz coordinates of node i.
2D problems list just 2 values per line, 3D problems have 3 values per line.

Converted to Harwell/Boeing format by Tim Davis, January 2003."
Norris,12,"Finite element modelling of human body parts. Stuart Norris, Univ. Aukland. email: s.norris :at the domain: auckland.ac.nz",https://sparse.tamu.edu/Norris,fluids/transport; generic spatial PDE/thermal,generic spatial PDE/thermal,0.8333333333333334,2,2D/3D problem (10); computational fluid dynamics problem (2),1,real (12),2,unsymmetric (9); symmetric (3),1650,259156,157.06424242424242,wide (>100×),7419,8516500,square only,12,0,mixed among square matrices,3,6,3,real only,0,12,multi-domain/mixed,"Finite element modelling of human body parts. Stuart Norris, Univ. Aukland.

email: s.norris :at the domain: auckland.ac.nz
Bioengineering Institute, University of Auckland
http://www.esc.auckland.ac.nz/People/Staff/Norris   wk: +(64 9) 373 7599 x3055

Finite element matrices from bioengineering problems.


Matrices:
fv1	FV_100x100_works    finite element, Laplace eqn. on a 2D mesh
fv2	FV_101x101_fails    finite element, Laplace eqn. on a 2D mesh, causes
			    UMFPACK V4.0 with default pivot tolerance to fail.
			    Requires a larger tolerance.
fv3	FV_101x101_works    finite element, Laplace eqn. on a 2D mesh

lung1	Lung_1		Coupled temperature and water vapour transport in a lung
lung2	Lung_2		Ditto, with finer mesh resolution

heart1	Heart_1		Quasi-static finite-element model of a heart
heart2	Heart_2		Quasi-static finite-element model of a heart
heart3	Heart_3		Quasi-static finite-element model of a heart

stomach	Stomach3D	Electro-physiological model of a Duodenum

torso1	Torso_FDandBE	Coupled Finite difference/Boundary element
			electro-physiological model of a torso (2D)

torso2	Torso_FDin2D	Finite difference electro-physiological model of
			a torso (2D)
torso3	Torso_FDin3D	Finite difference electro-physiological model of
			a torso (3D)"
Shen,4,"Matrices from Kai Shen, UCSB (now at Univ. of Rochester, NY). Kai Shen",https://sparse.tamu.edu/Shen,generic spatial PDE/thermal,generic spatial PDE/thermal,1.0,1,2D/3D problem (4),1,real (4),1,unsymmetric (4),3432,18510,5.393356643356643,moderate (4–100×),25220,553562,square only,4,0,no square matrix exactly symmetric/Hermitian,0,0,0,real only,0,4,coherent family/series,"Matrices from Kai Shen, UCSB (now at Univ. of Rochester, NY).

Kai Shen
Assistant Professor
Department of Computer Science
University of Rochester, Rochester, NY 14627
Office: CSB 714
Email: kshen :at the domain: cs.rochester.edu
585-275-5426(voice), 585-273-4556(fax)


Added to the UF sparse matrix collection Jan. 2003."
Pereyra,1,"From Victor Pereyra, Stanford University.",https://sparse.tamu.edu/Pereyra,other,other,1.0,1,least squares problem (1),1,real (1),1,rectangular (1),71952,71952,1.0,one size,1146848,1146848,rectangular only,0,1,N/A (rectangular only),0,0,0,real only,0,0,single matrix,"From Victor Pereyra, Stanford University."
vanHeukelum,13,"DNA electrophoresis model. Alexander van Heukelum, Utrect Univ, The Netherlands. Date: Wed, 5 Jun 2002 14:12:02 +0200 (MET DST)",https://sparse.tamu.edu/vanHeukelum,graph/network data,graph/network data,1.0,1,directed weighted graph (13),1,real (13),1,unsymmetric (13),5,5154859,1030971.8,wide (>100×),19,99199551,square only,13,0,no square matrix exactly symmetric/Hermitian,0,13,0,real only,0,0,coherent family/series,"DNA electrophoresis model.  Alexander van Heukelum, Utrect Univ, The Netherlands.

Date: Wed, 5 Jun 2002 14:12:02 +0200 (MET DST)
From: Alexander van Heukelum <A.vanHeukelum :at the domain: phys.uu.nl>
To: davis :at the domain: cise.ufl.edu
Subject: Sparse matrix library


--  Alexander van Heukelum  --	Institute for Theoretical Physics
Room: Minnaert Building 307	Utrecht University
Phone: (+31) (30) 253 4622	Leuvenlaan 4
Fax: (+31) (30) 253 5937	3584 CE Utrecht
Email: heukelum :at the domain: phys.uu.nl	The Netherlands


-----------------------------------------------------------------------

The cage model of DNA electrophoresis

The cage model of DNA electrophoresis describes the drift, induced by a
constant electric field, of homogeneously charged polymers through a
gel. The gel forms an effective ""tube"", from which the polymers can only
escape by reptation, i.e., motion of stored length along the chain. The
polymer chain is modeled as a random walk on a cubic lattice, and stored
length is represented by two adjacent segments with opposite directions
(a kink). The dynamics consists of single-monomer moves: only
configurations which differ by the direction of a kink or the direction
of an end segment have a finite transition probability.

The direction of the field is chosen in the direction of the main body
diagonal of the lattice, such that many polymer configurations become
equivalent. The matrices presented here describe the transition
probabilities between such equivalence-classes of the configurations,
for an applied field of E = (0.1, 0.1, 0.1) for polymers of L = 3 to 15
monomers.

  name    length    rows   columns  nonzeros
-------- -------- -------- -------- --------
 cage3       3          5        5        19
 cage4       4          9        9        49
 cage5       5         37       37       233
 cage6       6         93       93       785
 cage7       7        340      340      3084
 cage8       8       1015     1015     11003
 cage9       9       3534     3534     41594
 cage10     10      11397    11397    150645
 cage11     11      39082    39082    559722
 cage12     12     130228   130228   2032536
 cage13     13     445315   445315   7479343
 cage14     14    1505785  1505785  27130349
 cage15     15    5154859  5154859  99199551

For more information on the matrices, see A. van Heukelum, G. T.
Barkema, and R. H. Bisseling, ""DNA electrophoresis studied with
the cage model"", J. Comp. Phys. 180, 313-326 (2002), or
http://arxiv.org/format/cond-mat/0101467."
Hohn,6,"Single-material crack problem, Michael Hohn, Univ. of Utah. The included files contain the matrices and rhs vectors arising in",https://sparse.tamu.edu/Hohn,structures/materials,structures/materials,1.0,1,materials problem (6),1,real (6),1,unsymmetric (6),7500,16428,2.1904,narrow (≤4×),28462,948696,square only,6,0,no square matrix exactly symmetric/Hermitian,0,0,0,real only,0,6,coherent family/series,"Single-material crack problem, Michael Hohn, Univ. of Utah.

The included files contain the matrices and rhs vectors arising in
two ways of discretizing a single-material crack problem.

The *coord files are in zero-indexed coordinate format (row, column, value);
the *vec files contain 
    -- the size N
    -- the entries from first to last

The fd-* files come from a finite difference approximation;
the sinc-* files from a sinc-basis approximation.

Both use the same logarithmic grid.

The fd matrices are very sparse, and factor in a few seconds, so
they're not terribly interesting, but the sinc matrices are another matter...

Larger matrices available on demand :)

-- Michael Hohn, hohn :at the domain: math.utah.edu"
Alemdar,1,"A finite-element matrix from Bulent Alemdar, RAM International.",https://sparse.tamu.edu/Alemdar,generic spatial PDE/thermal,generic spatial PDE/thermal,1.0,1,2D/3D problem (1),1,integer (1),1,symmetric (1),6245,6245,1.0,one size,42581,42581,square only,1,0,all square matrices symmetric/Hermitian,1,1,0,real only,0,1,single matrix,"A finite-element matrix from Bulent Alemdar, RAM International."
Andrews,1,"Large eigenvalue problem from Stuart Andrews, Brown University, Rhode Island. stu at cs.brown.edu",https://sparse.tamu.edu/Andrews,imaging/graphics/robotics,imaging/graphics/robotics,1.0,1,computer graphics/vision problem (1),1,integer (1),1,symmetric (1),60000,60000,1.0,one size,760154,760154,square only,1,0,all square matrices symmetric/Hermitian,1,1,1,real only,0,1,single matrix,"Large eigenvalue problem from Stuart Andrews, Brown University, Rhode Island.
stu at cs.brown.edu

In MATLAB, the problem statement is:

    LL = load('LL.mat');
    L = LL.L;
    opts.tol = 1e-9;
    opts.issym=1;
    opts.disp = 5;
    [E,V] = eigs(L, 5, 'sm', opts);


  - - - - -
Stuart Andrews
Brown University, Computer Science, Box 1910, Prov, RI, 02912
stu at cs.brown.edu
  - - - - -

A large symmetric positive definite matrix, with seemingly random
    sparsity pattern.  LU (using UMFPACK v4.6) fails, because it uses AMD.
    AMD obtains an ordering with nnz(L) of 117,039,940.  METIS gets 36,595,274.
    CHOLMOD's NESDIS gets 37,089,917.  CHOLMOD can solve it with either the
    METIS or NESDIS ordering, but not with AMD (x = cholmod(A,b) works if METIS
    is installed, but not otherwise)."
FEMLAB,9,"Test matrices from FEMLAB, a finite-element method toolbox for MATLAB. developed by Comsol, Inc. See  for more details.",https://sparse.tamu.edu/FEMLAB,electromagnetics/acoustics; fluids/transport; generic spatial PDE/thermal; structures/materials,fluids/transport,0.4444444444444444,4,computational fluid dynamics problem (4); structural problem (3); 2D/3D problem (1); electromagnetics problem (1),2,real (8); complex (1),1,unsymmetric (9),367,85623,233.30517711171663,wide (>100×),2417,3148656,square only,9,0,no square matrix exactly symmetric/Hermitian,0,5,0,real + complex,0,9,multi-domain/mixed,"Test matrices from FEMLAB, a finite-element method toolbox for MATLAB.
developed by Comsol, Inc.  See http://www.femlab.com for more details."
Lucifora,2,"GSM cell traffic matrices from Salvatore Lucifora, Telecom Italia Mobile. Ing. Salvatore Lucifora",https://sparse.tamu.edu/Lucifora,graph/network data,graph/network data,1.0,1,directed weighted graph (2),1,real (2),1,unsymmetric (2),7055,7055,1.0,one size,30082,30082,square only,2,0,no square matrix exactly symmetric/Hermitian,0,0,0,real only,0,0,coherent family/series,"GSM cell traffic matrices from Salvatore Lucifora, Telecom Italia Mobile.

Ing. Salvatore Lucifora
TIM R/SR-TI
via L. Rizzo, 22
00136 Roma

tel.   +39 06 3900 9241
fax.   +39 06 3900 9315
cell.  +39 335 7534668
email:  <mailto:slucifora :at the domain:
mail.tim.it> slucifora :at the domain:
mail.tim.it


These 2 matrices come from a software tool that evaluates the correct
dimensioning for GSM cell with the coexistence of 2 kinds of traffic channels
(Full-Rate and Half-Rate: the latter requires only half bandwidth with
respect to the FR channel). The tool requires the solution of a sparse linear
system Ax=b.

The cell1.rua and cell2.rua matrices have the same nonzero pattern, and
very similar values.  The 1-norm of C1-C2 is only 0.002, compared with
a 1-norm of about 416 for both C1 and C2.  MATLAB's condest reports a
condition number of 10^12 for C1 and 10^20 for C2."
ND,4,"ND problem set. 3D mesh problems. May 7, 2003.",https://sparse.tamu.edu/ND,generic spatial PDE/thermal,generic spatial PDE/thermal,1.0,1,2D/3D problem (4),1,real (4),1,symmetric (4),9000,72000,8.0,moderate (4–100×),3279690,28715634,square only,4,0,all square matrices symmetric/Hermitian,4,4,4,real only,0,4,coherent family/series,"ND problem set.  3D mesh problems.
May 7, 2003."
Schenk_AFE,16,"Sheet metal forming matrices, Olaf Schenk, Univ. of Basel. Univ. of Basel collection, Olaf Schenk (semiconductors, sheet metal forming",https://sparse.tamu.edu/Schenk_AFE,structures/materials,structures/materials,1.0,1,structural problem (16),1,real (16),1,symmetric (16),503625,1508065,2.9944204517249937,narrow (≤4×),17550675,52259885,square only,16,0,all square matrices symmetric/Hermitian,16,16,10,real only,0,16,coherent family/series,"Sheet metal forming matrices, Olaf Schenk, Univ. of Basel.

Univ. of Basel collection, Olaf Schenk (semiconductors, sheet metal forming
problems, and non-linear optimization)

http://www.computational.unibas.ch/computer_science/scicomp/matrices

The following restriction applies (see the above web site):

-------------------------------------------------------------------------------
Sparse Matrix Collection University of Basel
-------------------------------------------------------------------------------

This page contains links to test data that we used to test our iterative and
direct parallel solvers projects. Within these projects, new parallel
algorithms and software for the solution of sparse systems of linear equations
will be developed. These include algorithms for direct solution, iterative
solution based on multilevel and domain decomposition methods, and for
preconditioning.

THIS MATERIAL IS PROVIDED AS IS,
WITH ABSOLUTELY NO WARRANTY EXPRESSED OR IMPLIED.
ANY USE IS AT YOUR OWN RISK

The user shall acknowledge the providers of this data in any publication of
material dependent upon the use of the data. The user shall use reasonable
endeavours to notify the providers of the data of this publication. Data
may be used for research purposes only.

Dr. Olaf Schenk
Department of Computer Science
University of Basel
Klingelbergstrasse 50
CH-4056 Basel
Switzerland

Direct dial: +41 61 2671465
Secretary: +41 61 2671460
Fax: +41 61 2671461

E-Mail: olaf.schenk :at the domain: unibas.ch
URL: http://informatik.unibas.ch/personen/schenk_o.html


All matrices come with right-hand-sides.  Many of the matrices have
many explicit zero entries.

In the Schenk_IBMSDS directory:

    Provider: IBM Thomas Watson Research Center, Yorktown, USA,
    Semiconductor Device Simulation Group

    Name            Description           Order  No. entries
    2D_27628_bjtcai Semiconductor Device  27,628   442,898
    2D_54019_highK  Semiconductor Device  54,019   996,414
    3D_28984_Tetra  Semiconductor Device  28,984   599,170
    3D_51448_3D     Semiconductor Device  51,448 1,056,610
    ibm_matrix_2    Semiconductor Device  51,448 1,056,610
    matrix-new_3    Semiconductor Device 125,329 2,678,750
    matrix_9        Semiconductor Device 103,430 2,121,550

In the Schenk_ISEI directory:

    Provider: Integrated Systems Engineering Inc., San Jose, USA,
    Semiconductor Device Simulation Group

    Name        Description          Order   No. entries
    barrier2-1  Semiconductor Device 113,076  3,805,068
    barrier2-2  Semiconductor Device 113,076  3,805,068
    barrier2-3  Semiconductor Device 113,076  3,805,068
    barrier2-4  Semiconductor Device 113,076  3,805,068
    barrier2-9  Semiconductor Device 115,625  3,897,557
    barrier2-10 Semiconductor Device 115,625  3,897,557
    barrier2-11 Semiconductor Device 115,625  3,897,557
    barrier2-12 Semiconductor Device 115,625  3,897,557
    igbt3       Semiconductor Device  10,938    234,006
    nmos3       Semiconductor Device  18,558    386,594
    ohne2       Semiconductor Device 181,343 11,063,545
    para-4      Semiconductor Device 153,226  5,326,228
    para-5      Semiconductor Device 155,924  5,416,358
    para-6      Semiconductor Device 155,924  5,416,358
    para-7      Semiconductor Device 155,924  5,416,358
    para-8      Semiconductor Device 155,924  5,416,358
    para-9      Semiconductor Device 155,924  5,416,358
    para-10     Semiconductor Device 155,924  5,416,358

In the Schenk_AFE directory:

    Provider:AutoForm Engineering GmbH, Zurich, Switzerland, Sheet Metal
    Forming Simulation Group

    Name      Description       Order   No. entries
    AF_SHELL1 Indefinite        504,855 9,046,865
    AF_SHELL2 Indefinite        504,855 9,046,865
    AF_SHELL3 Positive Definite 504,855 9,046,865
    AF_SHELL4 Positive Definite 504,855 9,046,865
    AF_SHELL5 Indefinite        504,855 9,046,865
    AF_SHELL6 Indefinite        504,855 9,046,865
    AF_SHELL7 Positive Definite 504,855 9,046,865
    AF_SHELL8 Positive Definite 504,855 9,046,865
    AF_SHELL9 Indefinite        504,855 9,046,865

In the Schenk_IBMNA directory:

    Provider:IBM Thomas Watson Research Center, Yorktown, USA,
    Numerical Analysis Group

    Name Description                      Order   No. entries
    C-62 Non-linear Optimization (IP-OPT)  41,731 300,537
    C-64 Non-linear Optimization (IP-OPT)  51,035 384,438
    C-66 Non-linear Optimization (IP-OPT)  49,989 274,498
    C-67 Non-linear Optimization (IP-OPT)  57,975 294,955
    C-73 Non-linear Optimization (IP-OPT) 169,422 724,348"
Schenk_IBMNA,52,"Non-linear optimization matrices, Olaf Schenk, Univ. of Basel. Univ. of Basel collection, Olaf Schenk (semiconductors, sheet metal forming",https://sparse.tamu.edu/Schenk_IBMNA,optimization/control,optimization/control,1.0,1,optimization problem (52),1,real (52),1,symmetric (52),2169,345241,159.17058552328263,wide (>100×),15145,2340859,square only,52,0,all square matrices symmetric/Hermitian,52,52,0,real only,0,0,coherent family/series,"Non-linear optimization matrices, Olaf Schenk, Univ. of Basel.

Univ. of Basel collection, Olaf Schenk (semiconductors, sheet metal forming
problems, and non-linear optimization)

http://www.computational.unibas.ch/computer_science/scicomp/matrices

The following restriction applies (see the above web site):

-------------------------------------------------------------------------------
Sparse Matrix Collection University of Basel
-------------------------------------------------------------------------------

This page contains links to test data that we used to test our iterative and
direct parallel solvers projects. Within these projects, new parallel
algorithms and software for the solution of sparse systems of linear equations
will be developed. These include algorithms for direct solution, iterative
solution based on multilevel and domain decomposition methods, and for
preconditioning.

THIS MATERIAL IS PROVIDED AS IS,
WITH ABSOLUTELY NO WARRANTY EXPRESSED OR IMPLIED.
ANY USE IS AT YOUR OWN RISK

The user shall acknowledge the providers of this data in any publication of
material dependent upon the use of the data. The user shall use reasonable
endeavours to notify the providers of the data of this publication. Data
may be used for research purposes only.

Dr. Olaf Schenk
Department of Computer Science
University of Basel
Klingelbergstrasse 50
CH-4056 Basel
Switzerland

Direct dial: +41 61 2671465
Secretary: +41 61 2671460
Fax: +41 61 2671461

E-Mail: olaf.schenk :at the domain: unibas.ch
URL: http://informatik.unibas.ch/personen/schenk_o.html


All matrices come with right-hand-sides.  Many of the matrices have
many explicit zero entries.

In the Schenk_IBMSDS directory:

    Provider: IBM Thomas Watson Research Center, Yorktown, USA,
    Semiconductor Device Simulation Group

    Name            Description           Order  No. entries
    2D_27628_bjtcai Semiconductor Device  27,628   442,898
    2D_54019_highK  Semiconductor Device  54,019   996,414
    3D_28984_Tetra  Semiconductor Device  28,984   599,170
    3D_51448_3D     Semiconductor Device  51,448 1,056,610
    ibm_matrix_2    Semiconductor Device  51,448 1,056,610
    matrix-new_3    Semiconductor Device 125,329 2,678,750
    matrix_9        Semiconductor Device 103,430 2,121,550

In the Schenk_ISEI directory:

    Provider: Integrated Systems Engineering Inc., San Jose, USA,
    Semiconductor Device Simulation Group

    Name        Description          Order   No. entries
    barrier2-1  Semiconductor Device 113,076  3,805,068
    barrier2-2  Semiconductor Device 113,076  3,805,068
    barrier2-3  Semiconductor Device 113,076  3,805,068
    barrier2-4  Semiconductor Device 113,076  3,805,068
    barrier2-9  Semiconductor Device 115,625  3,897,557
    barrier2-10 Semiconductor Device 115,625  3,897,557
    barrier2-11 Semiconductor Device 115,625  3,897,557
    barrier2-12 Semiconductor Device 115,625  3,897,557
    igbt3       Semiconductor Device  10,938    234,006
    nmos3       Semiconductor Device  18,558    386,594
    ohne2       Semiconductor Device 181,343 11,063,545
    para-4      Semiconductor Device 153,226  5,326,228
    para-5      Semiconductor Device 155,924  5,416,358
    para-6      Semiconductor Device 155,924  5,416,358
    para-7      Semiconductor Device 155,924  5,416,358
    para-8      Semiconductor Device 155,924  5,416,358
    para-9      Semiconductor Device 155,924  5,416,358
    para-10     Semiconductor Device 155,924  5,416,358

In the Schenk_AFE directory:

    Provider:AutoForm Engineering GmbH, Zurich, Switzerland, Sheet Metal
    Forming Simulation Group

    Name      Description       Order   No. entries
    AF_SHELL1 Indefinite        504,855 9,046,865
    AF_SHELL2 Indefinite        504,855 9,046,865
    AF_SHELL3 Positive Definite 504,855 9,046,865
    AF_SHELL4 Positive Definite 504,855 9,046,865
    AF_SHELL5 Indefinite        504,855 9,046,865
    AF_SHELL6 Indefinite        504,855 9,046,865
    AF_SHELL7 Positive Definite 504,855 9,046,865
    AF_SHELL8 Positive Definite 504,855 9,046,865
    AF_SHELL9 Indefinite        504,855 9,046,865

In the Schenk_IBMNA directory:

    Provider:IBM Thomas Watson Research Center, Yorktown, USA,
    Numerical Analysis Group

    Name Description                      Order   No. entries
    C-62 Non-linear Optimization (IP-OPT)  41,731 300,537
    C-64 Non-linear Optimization (IP-OPT)  51,035 384,438
    C-66 Non-linear Optimization (IP-OPT)  49,989 274,498
    C-67 Non-linear Optimization (IP-OPT)  57,975 294,955
    C-73 Non-linear Optimization (IP-OPT) 169,422 724,348"
Schenk_IBMSDS,7,"Semiconductor device simulation matrices, Olaf Schenk, Univ. of Basel. Univ. of Basel collection, Olaf Schenk (semiconductors, sheet metal forming",https://sparse.tamu.edu/Schenk_IBMSDS,electrical/circuit/device,electrical/circuit/device,1.0,1,semiconductor device problem (7),1,real (7),1,unsymmetric (7),27628,125329,4.536303749819024,moderate (4–100×),206670,1205518,square only,7,0,no square matrix exactly symmetric/Hermitian,0,0,0,real only,0,7,coherent family/series,"Semiconductor device simulation matrices, Olaf Schenk, Univ. of Basel.

Univ. of Basel collection, Olaf Schenk (semiconductors, sheet metal forming
problems, and non-linear optimization)

http://www.computational.unibas.ch/computer_science/scicomp/matrices

The following restriction applies (see the above web site):

-------------------------------------------------------------------------------
Sparse Matrix Collection University of Basel
-------------------------------------------------------------------------------

This page contains links to test data that we used to test our iterative and
direct parallel solvers projects. Within these projects, new parallel
algorithms and software for the solution of sparse systems of linear equations
will be developed. These include algorithms for direct solution, iterative
solution based on multilevel and domain decomposition methods, and for
preconditioning.

THIS MATERIAL IS PROVIDED AS IS,
WITH ABSOLUTELY NO WARRANTY EXPRESSED OR IMPLIED.
ANY USE IS AT YOUR OWN RISK

The user shall acknowledge the providers of this data in any publication of
material dependent upon the use of the data. The user shall use reasonable
endeavours to notify the providers of the data of this publication. Data
may be used for research purposes only.

Dr. Olaf Schenk
Department of Computer Science
University of Basel
Klingelbergstrasse 50
CH-4056 Basel
Switzerland

Direct dial: +41 61 2671465
Secretary: +41 61 2671460
Fax: +41 61 2671461

E-Mail: olaf.schenk :at the domain: unibas.ch
URL: http://informatik.unibas.ch/personen/schenk_o.html


All matrices come with right-hand-sides.  Many of the matrices have
many explicit zero entries.

In the Schenk_IBMSDS directory:

    Provider: IBM Thomas Watson Research Center, Yorktown, USA,
    Semiconductor Device Simulation Group

    Name            Description           Order  No. entries
    2D_27628_bjtcai Semiconductor Device  27,628   442,898
    2D_54019_highK  Semiconductor Device  54,019   996,414
    3D_28984_Tetra  Semiconductor Device  28,984   599,170
    3D_51448_3D     Semiconductor Device  51,448 1,056,610
    ibm_matrix_2    Semiconductor Device  51,448 1,056,610
    matrix-new_3    Semiconductor Device 125,329 2,678,750
    matrix_9        Semiconductor Device 103,430 2,121,550

In the Schenk_ISEI directory:

    Provider: Integrated Systems Engineering Inc., San Jose, USA,
    Semiconductor Device Simulation Group

    Name        Description          Order   No. entries
    barrier2-1  Semiconductor Device 113,076  3,805,068
    barrier2-2  Semiconductor Device 113,076  3,805,068
    barrier2-3  Semiconductor Device 113,076  3,805,068
    barrier2-4  Semiconductor Device 113,076  3,805,068
    barrier2-9  Semiconductor Device 115,625  3,897,557
    barrier2-10 Semiconductor Device 115,625  3,897,557
    barrier2-11 Semiconductor Device 115,625  3,897,557
    barrier2-12 Semiconductor Device 115,625  3,897,557
    igbt3       Semiconductor Device  10,938    234,006
    nmos3       Semiconductor Device  18,558    386,594
    ohne2       Semiconductor Device 181,343 11,063,545
    para-4      Semiconductor Device 153,226  5,326,228
    para-5      Semiconductor Device 155,924  5,416,358
    para-6      Semiconductor Device 155,924  5,416,358
    para-7      Semiconductor Device 155,924  5,416,358
    para-8      Semiconductor Device 155,924  5,416,358
    para-9      Semiconductor Device 155,924  5,416,358
    para-10     Semiconductor Device 155,924  5,416,358

In the Schenk_AFE directory:

    Provider:AutoForm Engineering GmbH, Zurich, Switzerland, Sheet Metal
    Forming Simulation Group

    Name      Description       Order   No. entries
    AF_SHELL1 Indefinite        504,855 9,046,865
    AF_SHELL2 Indefinite        504,855 9,046,865
    AF_SHELL3 Positive Definite 504,855 9,046,865
    AF_SHELL4 Positive Definite 504,855 9,046,865
    AF_SHELL5 Indefinite        504,855 9,046,865
    AF_SHELL6 Indefinite        504,855 9,046,865
    AF_SHELL7 Positive Definite 504,855 9,046,865
    AF_SHELL8 Positive Definite 504,855 9,046,865
    AF_SHELL9 Indefinite        504,855 9,046,865

In the Schenk_IBMNA directory:

    Provider:IBM Thomas Watson Research Center, Yorktown, USA,
    Numerical Analysis Group

    Name Description                      Order   No. entries
    C-62 Non-linear Optimization (IP-OPT)  41,731 300,537
    C-64 Non-linear Optimization (IP-OPT)  51,035 384,438
    C-66 Non-linear Optimization (IP-OPT)  49,989 274,498
    C-67 Non-linear Optimization (IP-OPT)  57,975 294,955
    C-73 Non-linear Optimization (IP-OPT) 169,422 724,348"
Schenk_ISEI,18,"Semiconductor device simulation matrices, Olaf Schenk, Univ. of Basel. Univ. of Basel collection, Olaf Schenk (semiconductors, sheet metal forming",https://sparse.tamu.edu/Schenk_ISEI,electrical/circuit/device,electrical/circuit/device,1.0,1,semiconductor device problem (18),1,real (18),1,unsymmetric (18),10938,181343,16.57917352349607,moderate (4–100×),130500,6869939,square only,18,0,no square matrix exactly symmetric/Hermitian,0,18,0,real only,0,18,coherent family/series,"Semiconductor device simulation matrices, Olaf Schenk, Univ. of Basel.

Univ. of Basel collection, Olaf Schenk (semiconductors, sheet metal forming
problems, and non-linear optimization)

http://www.computational.unibas.ch/computer_science/scicomp/matrices

The following restriction applies (see the above web site):

-------------------------------------------------------------------------------
Sparse Matrix Collection University of Basel
-------------------------------------------------------------------------------

This page contains links to test data that we used to test our iterative and
direct parallel solvers projects. Within these projects, new parallel
algorithms and software for the solution of sparse systems of linear equations
will be developed. These include algorithms for direct solution, iterative
solution based on multilevel and domain decomposition methods, and for
preconditioning.

THIS MATERIAL IS PROVIDED AS IS,
WITH ABSOLUTELY NO WARRANTY EXPRESSED OR IMPLIED.
ANY USE IS AT YOUR OWN RISK

The user shall acknowledge the providers of this data in any publication of
material dependent upon the use of the data. The user shall use reasonable
endeavours to notify the providers of the data of this publication. Data
may be used for research purposes only.

Dr. Olaf Schenk
Department of Computer Science
University of Basel
Klingelbergstrasse 50
CH-4056 Basel
Switzerland

Direct dial: +41 61 2671465
Secretary: +41 61 2671460
Fax: +41 61 2671461

E-Mail: olaf.schenk :at the domain: unibas.ch
URL: http://informatik.unibas.ch/personen/schenk_o.html


All matrices come with right-hand-sides.  Many of the matrices have
many explicit zero entries.

In the Schenk_IBMSDS directory:

    Provider: IBM Thomas Watson Research Center, Yorktown, USA,
    Semiconductor Device Simulation Group

    Name            Description           Order  No. entries
    2D_27628_bjtcai Semiconductor Device  27,628   442,898
    2D_54019_highK  Semiconductor Device  54,019   996,414
    3D_28984_Tetra  Semiconductor Device  28,984   599,170
    3D_51448_3D     Semiconductor Device  51,448 1,056,610
    ibm_matrix_2    Semiconductor Device  51,448 1,056,610
    matrix-new_3    Semiconductor Device 125,329 2,678,750
    matrix_9        Semiconductor Device 103,430 2,121,550

In the Schenk_ISEI directory:

    Provider: Integrated Systems Engineering Inc., San Jose, USA,
    Semiconductor Device Simulation Group

    Name        Description          Order   No. entries
    barrier2-1  Semiconductor Device 113,076  3,805,068
    barrier2-2  Semiconductor Device 113,076  3,805,068
    barrier2-3  Semiconductor Device 113,076  3,805,068
    barrier2-4  Semiconductor Device 113,076  3,805,068
    barrier2-9  Semiconductor Device 115,625  3,897,557
    barrier2-10 Semiconductor Device 115,625  3,897,557
    barrier2-11 Semiconductor Device 115,625  3,897,557
    barrier2-12 Semiconductor Device 115,625  3,897,557
    igbt3       Semiconductor Device  10,938    234,006
    nmos3       Semiconductor Device  18,558    386,594
    ohne2       Semiconductor Device 181,343 11,063,545
    para-4      Semiconductor Device 153,226  5,326,228
    para-5      Semiconductor Device 155,924  5,416,358
    para-6      Semiconductor Device 155,924  5,416,358
    para-7      Semiconductor Device 155,924  5,416,358
    para-8      Semiconductor Device 155,924  5,416,358
    para-9      Semiconductor Device 155,924  5,416,358
    para-10     Semiconductor Device 155,924  5,416,358

In the Schenk_AFE directory:

    Provider:AutoForm Engineering GmbH, Zurich, Switzerland, Sheet Metal
    Forming Simulation Group

    Name      Description       Order   No. entries
    AF_SHELL1 Indefinite        504,855 9,046,865
    AF_SHELL2 Indefinite        504,855 9,046,865
    AF_SHELL3 Positive Definite 504,855 9,046,865
    AF_SHELL4 Positive Definite 504,855 9,046,865
    AF_SHELL5 Indefinite        504,855 9,046,865
    AF_SHELL6 Indefinite        504,855 9,046,865
    AF_SHELL7 Positive Definite 504,855 9,046,865
    AF_SHELL8 Positive Definite 504,855 9,046,865
    AF_SHELL9 Indefinite        504,855 9,046,865

In the Schenk_IBMNA directory:

    Provider:IBM Thomas Watson Research Center, Yorktown, USA,
    Numerical Analysis Group

    Name Description                      Order   No. entries
    C-62 Non-linear Optimization (IP-OPT)  41,731 300,537
    C-64 Non-linear Optimization (IP-OPT)  51,035 384,438
    C-66 Non-linear Optimization (IP-OPT)  49,989 274,498
    C-67 Non-linear Optimization (IP-OPT)  57,975 294,955
    C-73 Non-linear Optimization (IP-OPT) 169,422 724,348"
Kamvar,2,"Web matrices from Sep Kamvar, Stanford University. * Stanford Web Matrix:",https://sparse.tamu.edu/Kamvar,graph/network data,graph/network data,1.0,1,directed graph (2),1,binary (2),1,unsymmetric (2),281903,683446,2.424401301156781,narrow (≤4×),2312497,7583376,square only,2,0,no square matrix exactly symmetric/Hermitian,0,0,0,real only,2,0,coherent family/series,"Web matrices from Sep Kamvar, Stanford University.

* Stanford Web Matrix:
    281903 pages, ~2.3 million links. From a September 2002 crawl.

* Stanford-Berkeley Web Matrix:
    683446 pages, ~7.6 million links. From a December 2002 crawl.

The data comes fro the Stanford WebBase project,
http://www-diglib.stanford.edu/~testbed/doc2/WebBase .

The original data is posted at http://www.stanford.edu/~sdkamvar/research.html .
In the data posted there, one of the matrices is normalized, and the other is
not (but includes MATLAB code to produce the normalized matrix).  Both have
some non-binary values in their connectivity, which represents pages with more
than one link to another specific page.  The matrices posted here are purely
binary, and correspond to the matrix G discussed in Chapter 2 of
""Numerical Computing with MATLAB"" by Cleve Moler and Kathryn Moler,
http://www.mathworks.com/moler .

In these matrices, if G(i,j)=1 then there is a link from page j to page i.
Thus, column j of G reflects the links that you can click on, if you are
visiting page j.

A basic statement of the pagerank algorithm is given at
http://www.mathworks.com/moler/ncm/pagerank.m , but that algorithm is not
suited for these large problems.  The methods posted at
http://www.mathworks.com/moler/ncm/pagerankpow.m or 
http://www.stanford.edu/~sdkamvar/research.html 
are more suitable for these problems.

The related eigenvalue problem is to find the vector x such that x=A*x,
where A = (p*G*D + delta*e*e'), and:

    p = a scalar damping factor less than one (typically 0.85)
    G = the binary connectivity matrix (Problem.A in the MATLAB .mat files,
	or the .pua files).  Don't confuse Problem.A with the matrix
	A = (p*G*D + delta*e*e').  Problem.A is the matrix G, not A.
    D = a diagonal matrix with D (i,i) equal to the sum of column i of G
    delta = (1-p)/n
    e = the column vector of all one's

The urls of the Stanford_Berkeley matrix are given in a cell array,
Problem.colname.  The url associate with column j is Problem.colname {j}.
Only a few of these are given, corresponding to root urls.
No urls are given for the Stanford matrix."
Sumner,1,"A computer graphics problem from Bob Sumner, PhD student at MIT (as of 2003). From sumner :at the domain: graphics.lcs.mit.edu Fri Aug 8 15:28:05 2003",https://sparse.tamu.edu/Sumner,imaging/graphics/robotics,imaging/graphics/robotics,1.0,1,computer graphics/vision problem (1),1,real (1),1,rectangular (1),29493,29493,1.0,one size,117954,117954,rectangular only,0,1,N/A (rectangular only),0,0,0,real only,0,1,single matrix,"A computer graphics problem from Bob Sumner, PhD student at MIT (as of 2003).

From sumner :at the domain: graphics.lcs.mit.edu  Fri Aug  8 15:28:05 2003

A computer graphics problem from Bob Sumner, PhD student at MIT. 

http://graphics.lcs.mit.edu/~sumner"
Tromble,1,Finite-state machine model for natural language processing. Roy Tromble. A matrix from Roy Tromble,https://sparse.tamu.edu/Tromble,graph/network data,graph/network data,1.0,1,directed weighted graph (1),1,real (1),1,unsymmetric (1),399130,399130,1.0,one size,1216334,1216334,square only,1,0,no square matrix exactly symmetric/Hermitian,0,0,0,real only,0,0,single matrix,"Finite-state machine model for natural language processing.  Roy Tromble.

A matrix from Roy Tromble
(royt :at the domain: cs.jhu.edu)
a PhD student in Computer Science
at Johns Hopkins University (in Jan 2003).  For this matrix, UMFPACK v4.0 and
v4.1 perform an unusually large number of symbolic defragmentations in the
ordering / analysis phase.

The matrix comes from finite-state machines for natural-language processing.
It has a zero-free diagonal, but a very unsymmetric nonzero pattern.
Factorizing A instead of A' may give better results."
Sanghavi,1,"ECL32, a semiconductor device simulation matrix. Jagesh Sanghavi, UC Berkeley. Obtained by Christof Voemel, Lawrence Berkeley National Lab.",https://sparse.tamu.edu/Sanghavi,electrical/circuit/device,electrical/circuit/device,1.0,1,semiconductor device problem (1),1,real (1),1,unsymmetric (1),51993,51993,1.0,one size,380415,380415,square only,1,0,no square matrix exactly symmetric/Hermitian,0,0,0,real only,0,1,single matrix,"ECL32, a semiconductor device simulation matrix. Jagesh Sanghavi, UC Berkeley.
Obtained by Christof Voemel, Lawrence Berkeley National Lab."
Sandia,192,Circuit simulation matrices from Sandia National Laboratory.,https://sparse.tamu.edu/Sandia,electrical/circuit/device,electrical/circuit/device,1.0,1,circuit simulation problem (192),1,real (192),1,unsymmetric (192),430,682862,1588.0511627906976,wide (>100×),1544,2638997,square only,192,0,no square matrix exactly symmetric/Hermitian,0,10,0,real only,0,0,coherent family/series,Circuit simulation matrices from Sandia National Laboratory.
IBM_Austin,1,"Circuit simulation matrix from Emrah Acar, IBM Austin. High degree of coupling. From Emrah Acar, IBM Research-Austin",https://sparse.tamu.edu/IBM_Austin,electrical/circuit/device,electrical/circuit/device,1.0,1,circuit simulation problem (1),1,real (1),1,unsymmetric (1),11341,11341,1.0,one size,97193,97193,square only,1,0,no square matrix exactly symmetric/Hermitian,0,1,0,real only,0,0,single matrix,"Circuit simulation matrix from Emrah Acar, IBM Austin.  High degree of coupling.

From Emrah Acar, IBM Research-Austin

this matrix failed in umd4[umfpack4.0], ma28 takes forever, sparse1.3
is slower than umd2, haven't tested in 4.3.  The matrix is from transient
simulation of a timing path. The circuit contains a high level of coupling.

For more info contact Emrah Acar, emrah (at sign) us dot ibm dotcom
IBM Austin Research Lab

Results from Tim Davis:
On a 3.2Ghz Pentium 4, UMFPACK v4.0 takes 7.4 seconds (backslash in
MATLAB 6.5).  UMFPACK v4.3 takes 0.20 seconds."
ACUSIM,1,"Computational fluid dynamics matrices from ACUSIM, Inc. from Farzin Shakib, ACUSIM, Inc.",https://sparse.tamu.edu/ACUSIM,fluids/transport,fluids/transport,1.0,1,computational fluid dynamics problem (1),1,real (1),1,symmetric (1),14822,14822,1.0,one size,715804,715804,square only,1,0,all square matrices symmetric/Hermitian,1,1,1,real only,0,1,single matrix,"Computational fluid dynamics matrices from ACUSIM, Inc.

from Farzin Shakib, ACUSIM, Inc."
Rajat,32,Circuit simulation matrices from Rajat and Raj. From a company that develops commerical circuit simulation tools.,https://sparse.tamu.edu/Rajat,electrical/circuit/device,electrical/circuit/device,1.0,1,circuit simulation problem (32),2,real (25); binary (7),2,unsymmetric (26); symmetric (6),135,4690002,34740.75555555556,wide (>100×),665,20316253,square only,32,0,mixed among square matrices,6,13,0,real only,7,0,one broad domain; mixed matrix forms,"Circuit simulation matrices from Rajat and Raj.
From a company that develops commerical circuit simulation tools."
Hamrle,3,"Circuit simulation matrices from Jaroslav Hamrle, RIKEN, Japan. --------------------------------------------------------------------------------",https://sparse.tamu.edu/Hamrle,electrical/circuit/device,electrical/circuit/device,1.0,1,circuit simulation problem (3),1,real (3),1,unsymmetric (3),32,1447360,45230.0,wide (>100×),98,5514242,square only,3,0,no square matrix exactly symmetric/Hermitian,0,0,0,real only,0,0,coherent family/series,"Circuit simulation matrices from Jaroslav Hamrle, RIKEN, Japan.

--------------------------------------------------------------------------------

Date: Tue, 24 Feb 2004 17:33:31 +0900
From: Jaroslav Hamrle <(first initial, then last name) at the domain
 postman dot riken  dot go
 dot jp >
To: Cleve Moler <(last name) at  mathworks dotcom>
Subject: Re: How to solve A\\y with large ( 60MB) sparse matrices ?

Hello,

the matrix is coming from solving of somewhat-like very large electrical
network.  So, it is like a large graph, where matrix elements gives
connections between graph points.

I'm sending you 'spy' of three matrices of this type.

Maybe the most clear is the smallest 'spy', named Amatrix-small.pdf.
In this matrix, I changed colors depending on values:
red ..... +1
green ... -1
blue .... different from 1 and -1, usually number between 0.01 to 100

First two upper pars of the matrix given relation between values of nodes
inside the graph. More precisely, they express what is the relation between
current and voltage between both sides of one resistor.

The first part treats resistors, which have special boundary conditions
(resistors whith connected only one end to the circuity). In this case, the
sub-matrices goes by on 'diagonal'. I used quotes here, because this
'diagonal' is not exactly diagonal, by goes in the way that skip of one
line is followed by skip of two raws.

The second part treats relationship between both ends of the resistors.
In this part, the matrix 4x4 together with four adjective '-1' goes also
on 'diagonal'. Note that for large matrices, this second part is much
larger that the first one.

The division between first two parts and second two part is exactly in the
half of the matrix.

The thrid part of the matrix provide relationship, that the sum of the current
in the each electrical node is zero (sum(j_i))=0. Hence, each line of this
part of the matrix contains severals (in presented matrix 4x) '1' or '-1'.

The fourth part of the matrix says that the voltage at each nod is the same
for all resistors ending/starting at given node. Hence, this part of matrix
contains in each line just once '1' and once '-1'. Hence, this part only
express that that some pairs of elements in resulting vector are identical.
As this part takes more that 1/4 of total matrix, maybe by some reordiring
it is possible to reduce significantly number of raws/lines.


In conclusion, the most of the matrix contain only '1' and '-1' elements. And
half of the lines (all third and fourt part) contains only '1' and '-1'
elements. More that 1/4 of lines contains just one pair of '1' and '-1'.

Also, it is important to say, that the vector x (when solving A\\x) contains
mainly zeros. Only 1%-5% of the vector x is non-zero. (And these zeros
appears only in start of the x-vector, in part corresponding to the first
part of the matrix.)

If you are interested, I can send you my matrix by ftp.

I thank you very much for any help.

Jaroslav Hamrle"
Oberwolfach,38,Oberwolfach model reduction benchmark collection ================================================================================,https://sparse.tamu.edu/Oberwolfach,eigenvalue/model reduction,eigenvalue/model reduction,1.0,1,model reduction problem (38),2,real (37); complex (1),2,symmetric (33); unsymmetric (5),14,986703,70478.78571428571,wide (>100×),46,47851783,square only,38,0,mixed among square matrices,32,37,13,real + complex,0,38,one broad domain; mixed matrix forms,"Oberwolfach model reduction benchmark collection


================================================================================
==> bone010/README.txt <==
================================================================================

--------------------------------------------------------------------------------
Trabecular Bone Micro-Finite Element Models (bone* problems)
--------------------------------------------------------------------------------

B. van Rietbergen, E. B. Rudnyi, J. G. Korvink

Three-dimensional serial reconstruction techniques allow us to develop very
detailed micro-finite element (micro-FE) model of bones that can very
accurately represent the porous bone micro-architecture. Fig. 1 sketches the
micro finite element analysis [1]. Micro computed tomography (CT) is employed
to make 3D high-resolution images (~50 microns) of a bone. Then the 3D
reconstruction is directly transformed into an equally shaped micro finite
element model by simply converting all bone voxels to equally sized 8-node
brick elements. This results in finite element (FE) models with a very large
number of elements. Such models can be used, for example to study differences
in bone tissue loading between healthy and osteoporotic human bones during
quasi static loading [2].

Fig. 1: see http://www.imtek.de/simulation/benchmark/

Fig. 1. Micro finite element analysis.

There is increasing evidence, however, that bone responds in particular to
dynamic loads [3]. It has been shown that the application of high-frequency,
very low magnitude strains to a bone can prevent bone loss due to osteoporosis
and can even result in increased bone strength in bones that are already
osteoporotic. In order to better understand this phenomenon, it is necessary to
determine the strain as sensed by the bone cells due to this loading. This
would be possible with the micro-FE analysis, but then such an analysis need to
be a dynamic one.

The present benchmark presents 6 bone models varying in dimension from about
200 thousand to 12 millions equations with the goal to research on scalability
of model reduction software. Each model represent a second order system in the
form

M d2x/dt2 + K x = B

y = Cx

where the matrices M and K are symmetric and positive definite. The goal of
model reduction is to speed up harmonic response analysis in the frequency
range 1-100 Hz.

The matrix properties are given in Table 1 below.

Table 1.

Bone micro-finite
element models.

BS01    BS10    B010    B025    B050    B120
number of elements  20098   192539  278259    606253  1378782	3387547
number of nodes	    42508   305066  329001    719987  1644848	3989996
number of DoFs	    127224  914898  986703   2159661  4934244	11969688
nnz in half M	   1182804  9702186 12437739 27150810 61866069  151251738
nnz in half K	   3421188 28191660 36326514 79292769 180663963 441785526

Fig. 2 and 3 : see http://www.imtek.de/simulation/benchmark/

Fig. 2. Bone models for BS01 and BS10.

It should be stressed that the first two models have been obtained differently
and they are much simpler to deal with than the last four. The connectivity in
the last four models is about four times higher. This can be seen by comparing
models BS10 and B010. Although models look similar by number of nonzeros in the
system matrices, the model B010 is much harder to solve: the number of nonzero
elements in the factor for model B010 is about four times more than for BS10.

The method allows for the compact representation of the models, as the element
mass and stiffness matrices are the same for all elements. As a result, a file
describing the node indices for each element is enough to assemble the global
matrix. Each node has three degrees of freedom (UX, UY, UZ) and it contributes
three consecutive entries to the state vector. The node numbering is natural
from the first to the last. The assembly procedure as a pseudo-code is
presented below (indices start from one). It is assumed that the last 300
degrees of freedom are fixed as zero Dirichlet boundary conditions. For
simplicity, the pseudo-code does not take into account that the matrix is
symmetric.

The data file for each model contains the number of elements, nel, and the
number of nodes, nnod, in the first line and then nel lines with eight numbers
for node indices in each line.

The input matrix contains a single column with B(1) = 1. The output matrix
takes first three components of the state vector, that is, three displacements
UX, UY and UZ for the first node.

The archive assemble.tar.gz contains the element mass and stiffness matrices as
well as the sample code in C++ to assemble the dynamic system. The code can
write the dynamic system in the Matrix Market format or can be used as a hook
to transform the global matrices to an appropriate format. The gzipped data
files for element assembly as described above can be downloaded from Table 1.

Model reduction for models BS010 and BS10 was performed in [4]. The
benchmarking of the parallel MUMPS direct solver [5] for the stiffness matrices
is described in [6].  References

[1] B. van Rietbergen, H. Weinans, R. Huiskes, A. Odgaard, A new method to
determine trabecular bone elastic properties and loading using micromechanical
finite-elements models. J. Biomechanics, v. 28, N 1, p. 69-81, 1995.

[2] B. van Rietbergen, R. Huiskes, F. Eckstein, P. Rueegsegger, Trabecular Bone
Tissue Strains in the Healthy and Osteoporotic Human Femur, J. Bone Mineral
Research, v. 18, N 10, p. 1781-1787, 2003.

[3] L. E. Lanyon, C. T. Rubin, Static versus dynamic loads as an influence on
bone remodelling, Journal of Biomechanics, v. 17, p. 897-906, 1984.

[4] E. B. Rudnyi, B. van Rietbergen, J. G. Korvink. Efficient Harmonic
Simulation of a Trabecular Bone Finite Element Model by means of Model
Reduction. 12th Workshop ""The Finite Element Method in Biomedical Engineering,
Biomechanics and Related Fields"", University of Ulm, 20-21 July 2005.
Proceedings of the 12th FEM Workshop, p. 61-68. ISBN: 3-9806183-8-2.

[5] P. R. Amestoy and A. Guermouche and J.-Y. L'Excellent, S. Pralet, Hybrid
scheduling for the parallel solution of linear systems. Parallel Computing, v.
32, N 2, pp. 136-156 (2006). http://graal.ens-lyon.fr/MUMPS/

[6] E. B. Rudnyi, B. van Rietbergen, J. G. Korvink. Model Reduction for High
Dimensional Micro-FE Models. TAM'06, The Third HPC-Europa Transnational Access
Meeting, Barcelona, 14 - 16 June 2006.

==> bone010/bone010.C.names <==
Node1_UX
Node1_UY
Node1_UZ
==> boneS01/boneS01.C.names <==
Node1_UX
Node1_UY
Node1_UZ
==> boneS10/boneS10.C.names <==
Node1_UX
Node1_UY
Node1_UZ

================================================================================
==> chipcool0/README.txt <==
================================================================================

--------------------------------------------------------------------------------
Convective Thermal Flow Problems (chipcool*, flowmeter* problems)
--------------------------------------------------------------------------------

Christian Moosmann, moosmann@imtek.uni-freiburg.de Andreas Greiner,
greiner@imtek.uni-freiburg.de

Many thermal problems require simulation of heat exchange between a solid body
and a fluid flow. The most elaborate approach to this problem is computational
fluid dynamics (CFD). However, CFD is computationally expensive. A popular
solution is to exclude the flow completely from the computational domain and to
use convection boundary conditions for the solid model. However, caution has to
be taken to select the film coefficient.

An intermediate level is to include a flow region with a given velocity
profile, that adds convective transport to the model. Compared to convection
boundary conditions this approach has the advantage that the film coefficient
has not to be specified and that information about the heat profile in the flow
can be obtained. A drawback of the method is the greatly increased number of
elements needed to perform a physically valid simulation, because the solution
accuracy when employing upwind finite element schemes depends on the element
size. While this problem still is linear, due to the forced convection, the
conductivity matrix changes from a symmetric matrix to an un-symmetric one. So
this problem type can be used as a benchmark for problems containing
un-symmetric matrices.

Fig. 1a.    Fig. 1b.  see http://www.imtek.de/simulation/benchmark

Fig. 1. Convective heat flow examples: 2D anemometer model (left), 3D cooling
structure (right)

Two different designs are tested: a 2D model of an anemometer-like structure
mainly consisting of a tube and a small heat source (Fig 1 left) [1]. The solid
model has been generated and meshed in ANSYS. Triangular PLANE55 elements have
been used for meshing and discretizing by the finite element method, resulting
in 19 282 elements and 9710 nodes. The second design is a 3D model of a chip
cooled by forced convection (Fig 1 right) [2]. In this case the tetrahedral
element type SOLID70 was used, resulting in 107 989 elements and 20542 nodes.
Since the implementation of the convective term in ANSYS does not allow for
definition of the fluid speed on a per element, but on a per region basis, the
flow profile has to be approximated by piece-wise step functions. The
approximation used for this benchmarks is shown in figure 1.

The Dirichlet boundary conditions are applied to the original system. In both
models the reference temperature is set to 300 K, Dirichlet boundary conditions
as well as initial conditions are set to 0 with respect to the reference. The
specified Dirichlet boundary conditions are in both cases the inlet of the
fluid and the outer faces of the solids. Matrices are supplied for the
symmetric case (fluid speed is zero; no convection), and the unsymmetric case
(with forced convection). Table 1 shows the output nodes specified for the two
benchmarks, table 2 links the filenames according to the different cases.

Matrices are in the Matrix Market format. The matrix name is used as an
extension of the matrix file. *.C.names contains a list of ouput names written
consecutively. The system matrices have been extracted from ANSYS models by
means of mor4ansys.

Table 1: Output nodes for the two models

Model	Number	Code	Comment
Flow Meter  1	out1	outlet position
	    2	out2	outlet position
	    3	SenL	left sensor position
	    4	Heater	within the heater
	    5	SenR	right sensor position
cooling Structure   1	out1	outlet position
	    2	out2	outlet position
	    3	out3	outlet position
	    4	out4	outlet position
	    5	Heater within the heater

Table 2: Provided files

Model	fluid speed (m/s)   name
Flow Meter  
	    0	    flow_meter_model_v0.tgz	   renamed flowmeter0
	    0.5	    flow_meter_model_v0.5.tgz	   renamed flowmeter5
cooling Structure
	    0	chip_cooling_model_v0.tgz	   renamed chipcool0
	    0.1	    chip_cooling_model_v0.1.tgz	   renamed chipcool1


Further information on the models can be found in [3] where model reduction by
means of the Arnoldi algorithm is also presented.  Bibliography

1 H. Ernst : High-Resolution Thermal Measurements in Fluids, PhD thesis,
University of Freiburg, Germany(2001).

2 C. A. Harper : Electronic packaging and interconnection handbook, New York
McGraw- Hill, USA (1997)

3 C. Moosmann, E. B. Rudnyi, A. Greiner, J. G. Korvink: Model Order Reduction
for Linear Convective Thermal Flow, Proceedings of 10th International Workshops
on THERMal INvestigations of ICs and Systems, THERMINIC2004, 29 Sept - 1 Oct ,
2004, Sophia Antipolis, France.  Preprint is at
http://www.imtek.uni-freiburg.de/simulation/mor4ansys/

==> chipcool0/chip_cooling_model_v0.C.names <==
out1
out2
out3
out4
Heater

==> chipcool1/chip_cooling_model_v0.1.C.names <==
out1
out2
out3
out4
Heater

==> flowmeter0/flow_meter_model_v0.C.names <==
out1
out2
SenL
Heater
SenR

==> flowmeter5/flow_meter_model_v0.5.C.names <==
out1
out2
SenL
Heater
SenR

================================================================================
==> filter2D/README.txt <==
================================================================================

--------------------------------------------------------------------------------
Tunable Optical Filter (filter2D, filter3D problems)
--------------------------------------------------------------------------------

Dennis Hohlfeld, hohlfeld@imtek.uni-freiburg.de Tamara Bechtold,
bechtold@imtek.uni-freiburg.de Hans Zappe, zappe@imtek.uni-freiburg.de

The DFG project AFON (funded under grant ZA 276/2-1) aimed at the development
of an optical filter, which is tunable by thermal means. The thin-film filter
is configured as a membrane in order to improve thermal isolation. Fabrication
is based on silicon technology. Wavelength tuning is achieved through thermal
modulation of resonator optical thickness, using metal resistor deposited onto
the membrane. The devices features low power consumption, high tuning speed and
excellent optical performance [1].

Fig. 1. see http://www.imtek.de/simulation/benchmark

Fig. 1. Tunable optical filter.

The benchmark contains a simplified thermal model of a filter device. It helps
designers to consider important thermal issues, such as what electrical power
should be applied in order to reach the critical temperature at the membrane or
homogeneous temperature distribution over the membrane. The original model is
the heat transfer partial differential equation.

There are two different benchmarks, 2D model and 3D model (see Table 1). Due to
modeling differences, their simulation results cannot be compared with each
other directly.

Table 1: Tunable optical filter benchmarks
Code	    comment			    dimension nnz(A)	nnz(E)
filter2D    2D, linear elements, PLANE55    1668	6209    1668
filter3D    3D, linear elements, SOLID90    108373   1406808	1406791

The device solid models have been made, meshed and discretized in ANSYS 6.1 by
the finite element method. All material properties are considered as
temperature independent. Temperature is assumed to be in Celsius with the
initial state of 0 C. The Dirichlet boundary conditions of T = 0 C have been
applied at the bottom of the chip.

The output nodes for the models are described in Table 2 and schematically
displayed in Fig 2. Output 1 is located at the very center of the membrane. By
simulating itÕs temperature one can prove what input power is needed to reach
the critical membrane temperature for each wavelength. Furthermore, the output
2 to 5 must be very close to output 1 (homogenous temperature distribution) in
order to provide the same optical properties across the complete diameter of
the laser beam.

Table 2: Outputs for the optical filter model
Number	Code	Comment
1 Memb1   Membrane center
2 Memb2   Membrane node with radius 25E-6, theta 90
3 Memb3   Membrane node with radius 50E-6 theta 90
4 Memb4   Membrane node with radius 25E-6, theta 135
5 Memb5   Membrane node with radius 50E-6 theta 135

Fig. 2. see http://www.imtek.de/simulation/benchmark

Fig. 2. Schematical position of the chosen output nodes.

The benchmark contains a constant load vector. The input function equal to 1
corresponds to the constant input power of of 1 mW for 2D model and 10 mW for
3D model. The linear ordinary differential equations of the first order are
written as:

E dT/dt = A T + B u y = C T

where E and A are the symmetric sparse system matrices (heat capacity and heat
conductivity matrix), B is the load vector, C is the output matrix, and T is
the vector of unknown temperatures.

The output of the transient simulation for node 1 over the rise time of the
device (0.25 s) for 3D model can be find in Filter3DTransResults. The results
can be used to compare the solution of a reduced model with the original one.
The time integration has been performed in ANSYS with accuracy of about 0.1 %.
The results are given as matrices where the first row is made of times, the
second of the temperatures.

Download matrices in the Matrix Market format: filter2D.tar.gz, 106502 bytes;
filter3D.tar.gz, 37417415 bytes. The matrix name is used as an extension of the
matrix file. File *.C.names contains a list of ouput names written
consecutively. The system matrices have been extracted from ANSYS models by
means of mor4ansys.

The discussion of electro-thermal modeling related to the benchmark can be
found in [2].

Bibliography

1. D. Hohlfeld, H. Zappe, All-dielectric tunable optical filter based on the
thermo-optic effect, Journal of Optics A: Pure and Applied Optics, 6(6), 504-
511 (2003).

2. T. Bechtold, Model Order Reduction of Electro-Thermal MEMS, PhD thesis,
University of Freiburg, Germany (In preparation).

==> filter2D/filter2D.C.names <==
Memb1
Memb2
Memb3
Memb4
Memb5

==> filter3D/filter3D.C.names <==
Memb1
Memb2
Memb3
Memb4
Memb5

================================================================================
==> gas_sensor/README.txt <==
================================================================================

--------------------------------------------------------------------------------
Microhotplate Gas sensor (gas_sensor problem)
--------------------------------------------------------------------------------

Jürgen Hildenbrand, hildenbr@imtek.uni-freiburg.de Tamara Bechtold,
bechtold@imtek.uni-freiburg.de Jürgen Wöllenstein, woellen@ipm.fhg.de

The goal of European project Glassgas (IST-99-19003) was to develop a novel
metal oxide low power microhotplate gas sensor [1]. In order to assure a robust
design and good thermal isolation of the membrane from the surrounding wafer,
the silicon microhotplate is supported by glass pillars emanating from a glass
cap above the silicon wafer, as shown in Fig 1. In present design, four
different sensitive layers can be deposited on the membrane. The thermal
management of a microhotplate gas sensor is of crucial importance.

Fig. 1. see http://www.imtek.de/simulation/benchmark/

Fig. 1. Micromashined metal oxide gas sensor array; Bottom view (left), top
view (right).

The benchmark contains a thermal model of a single gas sensor device with three
main components: a silicon rim, a silicon hotplate and glass structure [2]. It
allows us to simulate important thermal issues, such as the homogeneous
temperature distribution over gas sensitive regions or thermal decoupling
between the hotplate and the silicon rim. The original model is the heat
transfer partial differential equation.

The device solid model has been made and then meshed and discretized in ANSYS
6.1 by means of the finite element method (SOLID70 elements were used). It
contains 68000 elements and 73955 nodes. Material properties were considered as
temperature independent. Temperature is assumed to be in degree Celsius with
the initial state of 0 C. The Dirichlet boundary conditions of T = 0 C is
applied at the top and bottom of the chip (at 7038 nodes).

The output nodes are described in Table 1. In Fig 2 the red marked nodes are
positioned on the silicon rim. Their temperature should be close to the initial
temperature in the case of good thermal decoupling between the membrane and the
silicon rim. The black marked nodes are placed on the sensitive layers above
the heater and are numbered from left to right row by row, as schematically
shown in Fig 2. They allow us to prove whether the temperature distribution
over the gas sensitive layers is homogeneous (maximum difference of 10C is
allowed by design).

Table 1: Outputs for the gas sensor model
Number    Code		  Comment
1	aHeater		  within a heater, to be used for nonlinear input
2-7	SiRim1 to SiRim7  silicon rim
8-28	Memb1 to Memb21	  gas sensitive layer

Fig. 2. see http://www.imtek.de/simulation/benchmark/

Fig. 2. Masks disposition (left) and the schematical position of the chosen
output nodes (right).

The benchmark contains a constant load vector. The input function equal to 1
corresponds to the constant input power of 340 mW. One can insert a weak input
nonlinearity related to the dependence of heater's resistivity on temperature
given as:

R(T)=R{0}(1 + alpha T)

where alpha =1.469e-3 K^-1. To this end, one has to multiply the load vector by
a function:

{U^2 274.94 (1 + alpha T)}/{0.34 (274.94 (1 + alpha T)+148.13)^2}

where U is a desired constant voltage. The temperature in equation above should
be replaced by the temperature at the output 1.

The linear ordinary differential equations of the first order are written as:

E dT/dt = A T + B u y = C T

where E and A are the symmetric sparse system matrices (heat capacity and heat
conductivity matrix), B is the load vector, C is the output matrix, and T is
the vector of unknown temperatures. The dimension of the system is 66917, the
number of nonzero elements in matrix E is 66917, in matrix A is 885141.

The outputs of the transient simulation at output 18 (Memb11) over the rise
time of the device of 5 s for the original linear (with constant input power of
340 mW) and nonlinear (with constant voltage of 14 V) model are placed in files
LinearResults and NonlinearResults respectively. The results can be used to
compare the solution of a reduced model with the original one. The time
integration has been performed in ANSYS with accuracy of about 0.1 %. The
results are given as matrices where the first row is made of times, the second
of the temperatures.

Download matrices in the Matrix Market format: GasSensor.tar.gz, 8407057 bytes.
The matrix name is used as an extension of the matrix file. File *.C.names
contains a list of ouput names written consecutively. The system matrices have
been extracted from ANSYS models by means of mor4ansys.

The discussion of electro-thermal modeling related to the benchmark including
the nonlinear input function can be found in [3].  Bibliography

1. J. Wöllenstein H. Böttner, J. A. Pláza, Carlos Carné, Y. Min, H. L. Tuller :
A novel single chip thin film metal oxide array, Sensors and Actuators B:
Chemical 93 (1-3) 350-355 (2003).

2. J. Hildenbrand : Simulation and Characterisation of a Gas sensor and
Preparation for Model Order Reduction, Diploma Thesis, University of Freiburg,
Germany (2003).

3. T. Bechtold, J. Hildenbrand, J. Wöllenstein, J. G. Korvink : Model Order
Reduction of 3D Electro-Thermal Model for a Novel, Micromachined Hotplate Gas
Sensor, Proceedings of 5th International conference on thermal and mechanical
simulation and experiments in microelectronics and microsystems, EUROSIME2004,
May 10-12, 2004, Brussels, Belgium, p. 263-267.  Preprint is at
http://www.imtek.uni-freiburg.de/simulation/mor4ansys/

==> gas_sensor/GasSensor.C.names <==
aHeater
SiRim1
SiRim2
SiRim3
SiRim4
SiRim5
SiRim6
Memb1
Memb2
Memb3
Memb4
Memb5
Memb6
Memb7
Memb8
Memb9
Memb10
Memb11
Memb12
Memb13
Memb14
Memb15
Memb16
Memb17
Memb18
Memb19
Memb20
Memb21

================================================================================
==> gyro/README.txt <==
================================================================================

Oberwolfach model reduction benchmark collection
------------------------------------------------

Contributions by Evgenii Rudnyi and Dag Billger.

See also:

http://www.imtek.de/simulation/benchmark
http://www.imtek.de/simulation/benchmark/wb/38847
http://www.imtek.de/simulation/benchmark/wb/35889


--------------------------------------------------------------------------------
IMEGO gyroscope
--------------------------------------------------------------------------------

The Butterfly Gyro
Dag Billger, The Imego Institute, Arvid Hedvalls Backe 4, SE-411 33,
Goteborg, Sweden, Tel. +46 317 501 853, Fax. +46 317 501 801,
Email: dag dot billger at imego dotcom

Figure 1: see http://www.imtek.de/simulation/benchmark/wb/35889/fig1.jpg

Fig. 1. The Butterfly and micro-SIC mounted together. 

The Butterfly gyro is developed at the Imego Institute in an ongoing
project with Saab Bofors Dynamics AB. The Butterfly is a
vibrating micro-mechanical gyro that has sufficient theoretical
performance characteristics to make it a promising candidate for use in
inertial navigation applications. The goal of the current project is to
develop a micro unit for inertial navigation that can be commercialized
in the high-end segment of the rate sensor market. This project has
reached the final stage of a three-year phase where the development and
research efforts have ranged from model based signal processing, via
electronics packaging to design and prototype manufacturing of the
sensor element. The project has also included the manufacturing of an
ASIC, named micro-SIC, that has been especially designed for the
sensor (see Fig. 1). 

The gyro chip consists of a three-layer silicon wafer stack, in
which the middle layer contains the sensor element. The sensor consists
of two wing pairs that are connected to a common frame by a set of beam
elements (see Fig. 2 and 3); this is the reason the gyro is called the
Butterfly. Since the structure is manufactured using an anisotropic
wet-etch process, the connecting beams are slanted. This makes it
possible to keep all electrodes, both for capacitive excitation and
detection, confined to one layer beneath the two wing pairs. The
excitation electrodes are the smaller dashed areas shown in Fig. 2. The
detection electrodes correspond to the four larger ones.

Figure 2: see http://www.imtek.de/simulation/benchmark/wb/35889/fig2.jpg

Fig. 2. Schematic layout of the Butterfly design. 

By applying DC-biased AC-voltages to the four pairs of small
electrodes, the wings are forced to vibrate in anti-phase in the wafer
plane. This is the excitation mode. As the structure rotates
about the axis of sensitivity (see Fig. 2), each of the masses will be
affected by a Coriolis acceleration. This acceleration can be
represented as an inertial force that is applied at right angles with
the external angular velocity and the direction of motion of the mass.
The Coriolis force induces an anti-phase motion of the wings out of the
wafer plane. This is the detection mode. The external angular velocity
can be related to the amplitude of the detection mode, which is
measured via the large electrodes. 

When planning for and making decisions on future improvements of the
Butterfly, it is of importance to improve the efficiency of the gyro
simulations. Repeated analyses of the sensor structure have to be
conducted with respect to a number of important issues. Examples of
such are sensitivity to shock, linear and angular vibration
sensitivity, reaction to large rates and/or acceleration, different
types of excitation load cases and the effect of force-feedback.

The use of model order reduction indeed decreases runtimes for
repeated simulations. Moreover, the reduction technique enables a
transformation of the FE representation of the gyro into a state space
equivalent formulation. This will prove helpful in testing the model
based Kalman signal processing algorithms that are being designed for
the Butterfly gyro.

The structural model of the gyroscope has been done in ANSYS using
quadratic tetrahedral elements (SOLID187, see Fig. 3). The model shown
is a simplified one
with a coarse mesh as it is designed to test the model reduction
approaches. It includes the pure structural mechanics problem only. The
load vector is composed from time-varying nodal forces applied at
the centres of the excitation electrodes (see Fig. 2). The amplitude and
frequency of each force is equal to 0.055 micro-Newtons and 2384 Hz,
respectively. The Dirichlet boundary conditions have been applied to
all degree of freedom of the nodes
belonging to the top and bottom surfaces of the frame. The output nodes
are listed in Table 2 and correspond to the centres of the detection
electrodes (see Fig. 3).

Figure 3: see http://www.imtek.de/simulation/benchmark/wb/35889/fig3.jpg

Fig. 3. Finite element mesh of the gyro with a background photograph
of the gyro wafer pre-bonding.

The structural model

M d<sup>2</sup>x/dt<sup>2</sup> + E dx/dt + K x = B
y = C x

contains the mass M and stifness matrices K. The
damping matrix E can be modeled as E = alpha M + beta K, where the typical
values of alpha and beta are 0 and 1e-6 respectively.  The nature of the
damping matrix is in reality more complex (squeeze film damping, thermo
elastic damping, etc.) but this simple approach has been chosen with respect
to the model reduction test. B is the load vector, C is the output matrix.

The dynamic model has been converted to
(http://math.nist.gov/MatrixMarket/) Matrix Market format by
means of (http://www.imtek.de/simulation/mor4ansys/) mor4ansys. The
statistics for the matrices is shown in Table 1.

Table 1. System matrices for the gyroscope.

      matrix m     n        nnz Is Symmetric?  
      M      17361 17361 178896 yes
      K      17361 17361 519260 yes
      B      17361     1      8 no 
      C         12 17361     12 no

Table 2. Outputs for the Butterfly Gyro Model 

      # Code Comment 

      1-3 det1m_Ux, det1m_Uy, det1m_Uz
	    Displacements of detection electrode 1,
	    (bottom left large electrode of Fig. 2) 

      4-6 det1p_Ux, det1p_Uy, det1p_Uz 
	    Displacements of detection electrode 2,
	    (bottom right large electrode of Fig. 2) 

      7-9 det2m_Ux, det2m_Uy, det2m_Uz 
	    Displacements of detection electrode 3,
	    (top left large electrode of Fig. 2) 
    
    
      10-12 det2p_Ux, det2p_Uy, det2p_Uz 
	    Displacements of detection electrode 4,
	    (top right large electrode of Fig. 2) 

(Note: the original matrices, in Matrix Market format, are at
http://www.imtek.de/simulation/benchmark).

The model reduction of the gyroscope model by means of 
(http://www.imtek.de/simulation/mor4ansys/) mor4ansys is described in Ref [1].

[1] Jan Lienemann, Dag Billger, Evgenii B. Rudnyi, Andreas Greiner,
and Jan G. Korvink, MEMS Compact Modeling Meets Model Order Reduction:
Examples of the Application of Arnoldi Methods to Microsystem Devices,
the Technical Proceedings of the 2004 Nanotechnology Conference and
Trade Show, Nanotech 2004, March 7-11, 2004, Boston, Massachusetts, USA

Preprint is at http://www.imtek.uni-freiburg.de/simulation/mor4ansys/




==> gyro/gyro.C.names <==
det1pUX
det1pUY
det1pUZ
det1mUX
det1mUY
det1mUZ
det2pUX
det2pUY
det2pUZ
det2mUX
det2mUY
det2mUZ

================================================================================
==> inlet/README.txt <==
================================================================================

--------------------------------------------------------------------------------
Active Control of a Supersonic Engine Inlet (Inlet problem)
--------------------------------------------------------------------------------

Karen Willcox, Guillaume Lassaux, and David Gratton

http://web.mit.edu/kwillcox/www/home.htm

================================================================================
==> LF10/README.txt <==
================================================================================

--------------------------------------------------------------------------------
Linear 1D Beam Models (LF* problems)
--------------------------------------------------------------------------------

Jan Lienemann <lieneman (at) imtek (dot) de>, Andreas Greiner <greiner (at)
imtek (dot) de>, Jan G. Korvink <korvink (at) imtek (dot) de> Introduction

Moving structures are an essential part for many microsystem devices, among
them fluidic components like pumps and electrically controllable valves,
sensing cantilevers, and optical structures.

Several actuation principles can be employed on microscopic length scales, the
most frequent certainly the electromagnetic forces. While electrostatic
actuation falls behind at the macro scale, the effect of charged bodies
outperforms magnetic forces in the micro scale both in terms of performance and
fabrication expense.

While the single component can easily be simulated on a usual desktop computer,
the calculation of a system of many coupled devices still presents a challenge.
This challenge is raised by the fact that many of these devices show a
nonlinear behavior. Especially for electrostatic structures, a further
difficulty is the large reach of the electrostatic forces, leading to a strong
spatial coupling of charges.

Accurate modelling of such a system typically leads to high order models. The
tasks of simulation, analysis and controller design of high order nonlinear
control systems can be simplified by reducing the order of the original system
and approximate it by a lower order model.

A application of electrostatic moving structures are e.g. RF switches or
filters. Given a simple enough shape, they often can be modelled as
one-dimensional beams embedded in two or three dimensional space.  Model
description

Setup of beam

This model describes a slender beam with four degrees of freedom per node:

x Axial displacement thetax Axial rotation y Flexural displacement thetaz
Flexural rotation

Degree of Freedom x

Degree of Freedom theta x

Degrees of Freedom y and theta z

The beam is supported either on the left side or on both sides. For the left
side (fixed) support, the force is applied on the rightmost node in y
direction, whereas for the support on both sides (simply supported), a node in
the middle is loaded. The damping matrix is calculated by a linear combination
of the mass matrix M and the stiffness matrix K.  Benchmark examples

Based on the finite element discretization presented in [1], an interactive
matrix generator has been created using Wolfram Research's webMathematica. It
is available online at
http://www.imtek.uni-freiburg.de/simulation/mstkmpkt/models/LinearBeam.html,
""Linear beam model"". However, models produced by this generator are in the DSIF
format, which allows for nonlinear terms. For the purpose of the benchmark
collection, we have precomputed four systems and converted them to the Matrix
market format which is easier to import in standard computer algebra packages.

All examples are made for a steel beam with the following properties: Property
Value Beam length (l)	0.1 m Material density (rho)	8000 kg/m3
Cross-sectional area (A)    7.854e-7 m2 Moment of inertia (I)	4.909e-14 m4
Polar moment of inertia (J) 9.817e-14 Modulus of elasticity (E)   2e11 Pa
Poisson ratio (nu)  0.29 Contribution of M to damping	1e2 Contribution of K
to damping	1e-2 Support	Simple, both sides

The following examples are available (all files are compressed .zip archives,
Units: SI):

File	Degrees of freedom  Number of nodes Number of equations
File size/Compressed size

LF10.zip    flexural (y and thetaz) 10	18 
LF10000.zip flexural (y and thetaz) 10000   19998  
LFAT5.zip   flexural (y and thetaz), axial, torsional	5   14
LFAT5000.zip	flexural (y and thetaz), axial, torsional  50000 19994  

The zip files contain matrices M, E, K, B and E for the following system of
equations: M x"" + E x' + K x   = B u y   = C x

where B is a n×1 matrix and C is a 1×n matrix with the only nonzero entry at
the y DOF of the middle node.

Details of the implementation are available in a separate report (PDF, 88 kB).
A typical input to this system is a step response; periodic on/off switching is
also possible. The reduced model should thus both represent the step response
as well as the possible influence of higher order harmonics.

[1] William Weaver, Jr., Stephen P. Timoshenko, and Donovan H. Young, Vibration
problems in engineering, 5th ed., Wiley (1990) Last modified: Wed Sep 8
16:53:01 CEST 2004 

================================================================================
==> piston/README.txt <==
================================================================================

--------------------------------------------------------------------------------
Axi symmetric infinite element model for circular piston (piston problem)
--------------------------------------------------------------------------------

Karl Meerbergen

Free Field Technologies, 16, place de l'Université, 1348 Louvain-la-Neuve,
Belgium

This example is a model of the form

\\begin{displaymath} M \\ddot{x} + E \\dot{x} + K x = f \\end{displaymath}

with $M$, $C$, and $K$ non-symmetric matrices and $M$ singular. This is thus a
differential algebraic equation. It is shown that it has index one [1]. The
input of the system is $f$, the output is the state vector $x$. The motivation
for using model reduction for this type of problems is the reduction of the
computation time of a simulation.

This is an example from an acoustic radiation problem discussed in [3].
Consider a circular piston subtending a polar angle $0 < \\theta < \\theta_p$ on
a submerged massless and rigid sphere of radius $\\delta$. The piston vibrates
harmonically with a uniform radial acceleration. The surrounding acoustic
domain is unbounded and is characterized by its density $\\rho$ and sound speed
$c$.

We denote by $p$ and $a_r$ the prescribed pressure and normal acceleration
respectively. In order to have a steady state solution $\\tilde p(r,\\theta,t)$
verifying

\\begin{displaymath} \\tilde p(r,\\theta,t) = \\mathcal R \\mbox{e} \\left(
p(r,\\theta) e^{i\\omega t} \\right), \\end{displaymath}

the transient boundary condition is chosen as:

\\begin{displaymath} a_r = \\left. \\frac{-1}{\\rho} \\frac{\\partial
p(r,\\theta)}{\\pa... ...e \\theta_p, \\\\ 0, & \\theta > \\theta_p.\\\\
\\end{array}\\right. \\end{displaymath}

The axisymmetric discrete finite-infinite element model relies on a mesh of
linear quadrangle finite elements for the inner domain (region between
spherical surfaces $r=\\delta$ and $r = 1.5 \\delta$). The numbers of divisions
along radial and circumferential directions are $5$ and $80$, respectively. The
outer domain relies on conjugated infinite elements of order $5$. For this
example we used $\\delta=1 \\mathrm{(m)}$, $\\rho = 1.225 \\mathrm{(kg/m^3)}$,
$c=340 \\mathrm{(m/s)}$, $a_0 = 0.001 \\mathrm{(m/s^2)}$ and $\\omega = 1000
\\mathrm{(rad/s)}$.

The matrices $K$, $C$, $M$ and the right-hand side $f$ are computed by
MSC.Actran [2]. The dimension of the second-order system is $N = 2025$.



================================================================================
==> rail_79841/README.txt <==
================================================================================

--------------------------------------------------------------------------------
A Semi-discretized Heat Transfer Problem for Optimal Cooling of Steel Profiles
(rail* problems)
--------------------------------------------------------------------------------

Summary

Several generalized state-space models arising from a semi-discretization of a
controlled heat transfer process for optimal cooling of steel profiles are
presented. The models oder differs due to different refinements applied to the
computational mesh.  The model equations

We consider the problem of optimal cooling of steel profiles. This problem
arises in a rolling mill when different steps in the production process require
different temperatures of the raw material. To achieve a high production rate,
economical interests suggest to reduce the temperature as fast as possible to
the required level before entering the next production phase. At the same time,
the cooling process, which is realized by spraying cooling fluids on the
surface, has to be controlled so that material properties, such as durability
or porosity, achieve given quality standards. Large gradients in the
temperature distributions of the steel profile may lead to unwanted
deformations, brittleness, loss of rigidity, and other undesirable material
properties. It is therefore the engineers goal to have a preferably even
temperature distribution.

The scientific challenge here is to give the engineers a tool to pre-calculate
different control laws yielding different temperature distributions in order to
decide which cooling strategy to choose.

We can only briefly introduce the model here for details we refer to [Saa03] or
[BS04]. We assume an infinitely long steel profile so that we may restrict
ourselves to a 2D model. Exploiting the symmetry of the workpiece, the
computational domain Ω⊂R2 is chosen as the half of a cross section of the rail
profile. The heat distribution is modeled by the instationary linear heat
equation on Ω

(1)

cρ ∂t x(t,ξ) - λΔx(t,ξ) = 0 in R>0 × Ω,
x(0,ξ) = x0(ξ) in Ω,
λ ∂νx(t,ξ) = gi on R>0× Γi, ∂Ω = ∪i Γi	

where x is the temperature distribution (∈H1([0,∞],X) with X:=H1(Ω) the state
space), c the specific heat capacity, λ the heat conductivity and ρ the density
of the rail profile. We split the boundary into several parts Γi on which we
have different boundary functions gi, allowing us to vary controls on different
parts of the surface. By ν we denote the outer normal on the boundary.

Figure 1: Initial mesh, partitioning of the boundary, and a picture of a
cooling plant. Grobgitter  Kühlbett
see http://www.imtek.de/simulation/benchmark/

We want to establish the control by a feedback law, i.e. we define the boundary
functions gi to be functions of the state x and the control ui, where
(ui)i=:u=Fy for a linear operator F which is chosen such that the cost
functional

    J(x_0,u):=∫0∞ (Qy,y)Y +(Ru,u)U dt     with  y=Cx    (2)

is minimized. Here, Q and R are linear selfadjoint operators on the output
space Y and the control space U with Q≥0, R>0 and C∈ L(X,Y). The variational
formulation of (1) with gi(t,ξ) = qi(ui- x(ξ,t)) leads to:

(∂tx,v)=-∫Ω α∇x ∇v dξ + ∑k { qk uk ∫Γk (cρ)-1 v dσ -∫Γk qk(cρ)-1 xv dσ}	    (3)

for all v∈C0∞(Ω). Here the uk are the exterior (cooling fluid) temperatures
used as the controls, qk are constant heat transfer coefficients (i.e.
parameters for the spraying intensity of the cooling nozzles)[2] and α:=λ/(cρ).
Note that q0=0 gives the Neumann isolation boundary condition on the artificial
inner boundary on the symmetry axis. In view of (3) we can apply a standrrd
Galerkin approach for discretizing the heat transfer model in space, resulting
a first-order ordinary differential equation. This idescribed in the following
section.  The discretized mathematical model

For the discretization we use the ALBERTA-1.2 fem-toolbox (see [SS00] for
details). We applied linear Lagrange elements and used a projection method for
the curved boundaries. The initial mesh (see Fig. 1. on the left) was produced
by MATLABs pdetool which implements a Delaunay triangulation algorithm. The
finer discretizations were produce by global mesh refinement using a bisection
refinement method. The discrete LQR problem is then: minimize (2) with respect
to

    (4)

    E d/dt x(t) = A x(t) + B u(t),  with t>0,
    x(0) = x0,
    y(t) = C x(t).	

This benchmark includes four different mesh resolutions. The best
fem-approximation error that one can expect (under suitable smoothness
assumptions on the solution) is of order O(h2) where h is the maximum edge size
in the corresponding mesh. This order should be matched in a model reduction
approach. The following table lists some relevant quantities for the provided
models.

matrix dimension    num. nonzero in A	num. nonzero in E   max. mesh width
1357		    8985		8997		    5.5280e-2
5177		    35185		35241		    2.7640e-2
20209		    139233		139473		    1.3820e-2
79841		    553921		554913		    6.9100e-3

Note that A is negative definite while E is positive definite, so that the
resulting linear time-invariant system is stable.

The data sets are named rail_(problem dimension)_C60.(matrix name). Here C60 is
a specific output matrix which is defined to minimize the temperature in the
node numbered 60 (refer to the numbers given in Fig 1.) and keep temperature
gradients small. The latter task is taken into account by the inclusion of
temperature differences between specific points in the interior and reference
points on the boundary, e.g. temperature difference between nodes 83 and 34.
Again refer to Figure 1. for the nodes used. the definitions of other output
matrices that we tested can be found in [Saa03]. The problem resides at
temperatures of approximately 1000 degrees centigrade down to about 500-700
degrees depending on calculation time. The state values are scaled to 1000
being equivalent to 1.000. This results in a scaling of the time line with
factor 100, meaning that calculated times have to be divided by 100 to get the
real time in seconds.  Acknowledgments

This benchmark example serves as a model problem for the project A15: Efficient
numerical solution of optimal control problems for instationary
convection-diffusion-reaction-equations of the Sonderforschungsbereich SFB393
Parallel Numerical Simulation for Physics and Continuum Mechanics, supported by
the Deutsche Forschungsgemeinschaft. It was motivated by the model described in
TU01. A very similar problem is used as model problem in the LYAPACK software
package Pen00b.  Bibliography

BS04 P. Benner and J. Saak.  Efficient numerical solution of the LQR-problem
for the heat equation.  Proc. Appl. Math. Mech., 2004.  submitted.

Pen00 T. Penzl.  LYAPACK Users Guide.  Technical Report SFB393/00-33,
Sonderforschungsbereich 393 Numerische Simulation auf massiv parallelen
Rechnern, TU Chemnitz, 09107 Chemnitz, FRG, 2000.  Available from
http://www.tu-chemnitz.de/sfb393/sfb00pr.html .

Saa03 J. Saak.  Effiziente numerische Lösung eines Optimalsteuerungsproblems
für die Abkühlung von Stahlprofilen.  Diplomarbeit, Fachbereich 3/Mathematik
und Informatik, Universität Bremen, D-28334 Bremen, September 2003.  Available
from http://www-user.tu-chemnitz.de/∼saak/Data/index.html .

SS00 A. Schmidt and K. Siebert.  ALBERT: An adaptive hierarchical finite
element toolbox.  Preprint 06/2000 / Institut für Angewandte Mathematik,
Albert-Ludwigs-Universität Freiburg, edition: albert-1.0 edition, 2000.
Available from http://www.mathematik.uni-freiburg.de/IAM/ALBERT/doc.html.

TU01 F. Tröltzsch and A. Unger.  Fast solution of optimal control problems in
the selective cooling of steel.  Z. Angew. Math. Mech., 81:447-456, 2001. 


================================================================================
==> spiral/README.txt <==
================================================================================

--------------------------------------------------------------------------------
Spiral Inductor PEEC Model (spiral models)
--------------------------------------------------------------------------------

Figure: Spiral inductor with part of overhanging copper plane; see
http://www.imtek.de/simulation/benchmark/

Excerpt from report ""PEEC model of a spiral inductor generated by
Fasthenry"" at http://www.imtek.de/simulation/benchmark/ :

This inductor which first appeared in [KWW00] is intended as an integrated RF
passive inductor. To make it also a proximity sensor, a 0.1 um plane of copper
is added 45 um above the spiral. The spiral is also copper with turns 40 um
wide, 15um thick, with a separation of 40um. The spiral is suspended 55um over
the substrate by posts at the corners and centers of the turns in order to
reduce the capacitance to the substrate. (Note that neither the substrate nor
the capacitance is modeled in this example.) The overall extent of the
suspended turns is 1.58mm x 1.58mm.

...

The frequency dependence of the resistance shows two effects, first a rise due
to currents induced in the copper plane and then a much sharper rise due to the
skin effect. Capturing the rise due to the skin effect while also maintaining
the low frequency response is a challenge for many model reduction algorithms.


Authors:

Jing-Rebecca Li, INRIA-Rocquencourt, Projet Ondes, Domaine de Voluceau -
Rocquencourt - B.P. 105, 78153 Le Chesnay Cedex, France jingrebecca.li at
inria.fr

Mattan Kamon, Coventor, Inc. 625 Mt. Auburn St, Cambridge, Ma 02138, USA matt
at coventor.com.  

""E"" dx/dt = ""A""x+""B""u, y = ""B""^Tx.

The complex impedence is

Z(w) = Resis(w)+i*w*Induc(w) = (G(i*w))^(-1)=(B^T(-A+i*w*E)^(-1)B)^(-1)

Download short matlab files from www.imtek.de to 1.  plot Resis(w) and Induc(w)
2. perform a PRIMA reduction of order 50 3. produce symmetrized standard
state-space system: dx/dt = ""A_symm""x+""B_symm""u, y = ""B_symm""^Tx, where A_symm
is symmetric.
    
Last modified: Wed Jul 6 17:38:31 CEST 2005 

[KWW00] Mattan Kamon, Frank Wang, and Jacob White. Generating nearly optimally
compact models from krylov-subspace based reduced order models. IEEE
Transactions On Circuits and Systems-II:Analog and Digital Signal Processing,
47(4):239-248, April 2000.

================================================================================
==> t2dah/README.txt <==
================================================================================

Oberwolfach model reduction benchmark collection
------------------------------------------------

Contributions by Evgenii Rudnyi and Dag Billger.

See also:

http://www.imtek.de/simulation/benchmark
http://www.imtek.de/simulation/benchmark/wb/38847
http://www.imtek.de/simulation/benchmark/wb/35889

--------------------------------------------------------------------------------
Micropyros Thruster
--------------------------------------------------------------------------------

E. B. Rudnyi, rudnyi AT imtek dot uni-freiburg
dot de

The goal of the European project Micropyros
(http://www.laas.fr/Micropyros/)
was to develop a microthruster array
shown in fig. 1. It is based on the co-integration of solid fuel with a
silicon micromachined system [1]. In addition to space applications,
the device can be also used for gas generation or as a highly-energetic
actuator. When the production of a bit-impulse is required, the fuel is
ignited by heating a resistor at the top of a particular microthruster.
Design requirements and modeling alternatives are described in Ref [2].
The discussion of electro-thermal modeling related to the benchmark can
be found in Ref [3].

Figure 1: see http://www.imtek.de/simulation/benchmark/wb/38847/fig1.jpg

Fig. 1. Firing a micro thruster in an 4x4 array. Illustration
courtesy of C. Rossi, LAAS-CNRS.

The benchmark contains a simplified thermal model of a single
microthruster to help with a design problem to reach the ignition
temperature within the fuel and at the same time not to reach the
critical temperature at neighboring microthrusters, that is, at the
border of the computational domain. At the same time, the resistor
temperature during the heating pulse should not become too high as this
leads to the destruction of the membrane.
The benchmark suite has been made with the Micropyros software
developed by IMTEK
(http://www.imtek.uni-freiburg.de/simulation/pyros/).
There are four
different test cases described in Table 1 with the goal to cover
different cases of different computational complexity. Note that the
results
from different models
cannot be compared directly with each other as the output nodes are
located in slightly different geometrical positions and there is some
difference in modeling for the 3D and 2D-axisymmetric cases.

Table 1. Microthruster benchmarks.

      Code  comment                             dimension nnz(A) nnz(E) 
      T2DAL 2D-axisymmetric, linear elements     4257   20861    4257 
      T2DAH 2D-axisymmetric, quadratic elements 11445   93781   93781 
      T3DL  3D, linear elements                 20360  265113   20360 
      T3DH  3D, quadratic elements              79171 2215638 2215638 

The device solid model has been made and meshed in ANSYS. The material
properties assumed to be constant. The system matrices have been
converted to the (http://math.nist.gov/MatrixMarket/) Matrix
Market format by means of mor4ansys.

Temperature is assumed to be in Celsius with the initial state of 0 C.
The output nodes are described in Table 2. Nodes 2 to 5 show the fuel
temperature distribution and nodes 6 and 7 characterize temperature in
the wafer, nodes 5 and 7 being the most faraway from the resistor.

Table 2. Outputs for the microthruster models.

      # Code    Comment 
      1 aHeater within the heater 
      2 FuelTop fuel just below the heater 
      3 FT-100  fuel 0.1 mm below the heater 
      4 FT-200  fuel 0.2 mm below the heater 
      5 FuelBot fuel bottom 
      6 WafTop1 wafer top (touching fuel) 
      7 WafTop2 wafer top (end of computational domain) 

The benchmark files contain a constant load vector, corresponding to
the constant power input of 150 mW. In order to insert a weak
nonlinearity related to the dependence of the resistivity on
temperature, one has to multiply the load vector by a function

1 + 0.0009 T + 3E-07 T^2

assuming the constant current. It is necessary to replace the
temperature in the equation above by the temperature at the node 1.

The linear ordinary differential equations of the first order are
written as

E dT/dt = A T + B
y = C T

where E and A are the system
matrices (both are symmetric), B is the load vector, C is the output
matrix, and T is the vector of unknown temperatures.

(Note: the original matrices, in Matrix Market format, are at
http://www.imtek.de/simulation/benchmark).

The ANSYS results for the original models as well as the reduced models
obtained by mor4ansys can be found at the 
(http:///www.imtek/de/simulation/pyros/) Micropyros software page:
choose EleThermo for T2DAL and T2DAH or EleThermo3D for T3DL and T3DH.

The model reduction of the microthruster model by means of 
(http://www.imtek.ed/simulation/mor4ansys/) mor4ansys is described in Ref [4].

[1] C. Rossi, B. Larangot, T. Camps, M. Dumonteil, D. Lagrange, P.  Q.
Pham, D. Briand, N. F. de Rooij, M. Puig-Vidal, P. Miribel, E. Montane, E.
Lopez, J. Samitier, E. B. Rudnyi, T. Bechtold, J. G. Korvink, Review of solid
propellant microthrusters on silicon, Journal Propulsion and Power
(2004), to be published.

[2] E. B. Rudnyi, T. Bechtold, J. G. Korvink, C. Rossi, Solid
Propellant Microthruster: Theory of Operation and Modelling Strategy,
Nanotech 2002 - At the Edge of Revolution, September 9-12, 2002,
Houston, USA, AIAA Paper 2002-5755.

[3] G. Korvink, E. B. Rudnyi, Keynote: Computer-aided engineering of
electro-thermal MST devices: moving from device to system simulation,
EUROSIME'03, 4th international conference on thermal and mechanical
simulation and experiments in micro-electronics and micro-systems
Aix-en-Provence, France, March 30 - April 2, 2003.

[4] T. Bechtold, E. B. Rudnyi, J. G. Korvink and C. Rossi, Efficient
Modelling and Simulation of 3D Electro-Thermal Model for a
Pyrotechnical Microthruster. International Workshop on Micro and
Nanotechnology for Power Generation and Energy Conversion Applications
PowerMEMS 2003, Makuhari,Japan, 4-5 December 2003.

Preprints are at http://www.imtek.uni-freiburg.de/simulation/mor4ansys/


==> t2dah/T2DAH.C.names <==
aHeater
FuelTop
FT-100
FT-200
FuelBot
WafTop1
WafTop2

==> t2dal/T2DAL.C.names <==
aHeater
FuelTop
FT-100
FT-200
FuelBot
WafTop1
WafTop2

==> t3dh/T3DH.C.names <==
aHeater
FuelTop
FT-100
FT-200
FuelBot
WafTop1
WafTop2

==> t3dl/T3DL.C.names <==
aHeater
FuelTop
FT-100
FT-200
FuelBot
WafTop1
WafTop2

================================================================================
==> t2dal_bci/README.txt <==
================================================================================

--------------------------------------------------------------------------------
Boundary Condition Independent Thermal Model (t2dal_bci_* problems)
--------------------------------------------------------------------------------

E. B. Rudnyi, rudnyi@imtek.uni-freiburg.de J. G. Korvink,
korvink@imtek.uni-freiburg.de

One of important requirements for a compact thermal model is that it should be
boundary condition independent. This means that a chip producer does not know
conditions under which the chip will be used and hence the chip compact thermal
model must allow an engineer to research on how the change in the environment
influences the chip temperature. The chip benchmarks representing boundary
condition independent requirements are described in [1].

Mathematically, the problem is that the thermal problem is modeled by the heat
transfer partial differential equation when the heat exchange through device
interfaces is modeled by convection boundary conditions. The latter contains
the film coefficient, h_i, to describe the heat exchange for the i-th
interface. After the discretization of both equations one obtains a system of
ordinary differential equations as follows

E dT/dt = (A + Sum_i h_i A_i)T + B

where E and A are the device system matrices, A_i is the diagonal matrix due to
the discretization of convection boudnary condition for the i-th interface, T
is the vector with unknown temperatures.

In terms of the equation above, the engineering requirements read as follows. A
chip producer specifies the system matrices but the film coefficient, h_i, is
controlled later on by another engineer. As such, any reduced model to be
useful should preserve h_i in the symbolic form. This problem can be
mathematically expressed as parametric model reduction [2,3,4].

Unfortunately, the benchmark from [1] is not available in the computer readable
format. For research purposes, we have modified a microthruster benchmark [5]
(see Fig 1). In the context of the present work, the model is as a generic
example of a device with a single heat source when the generated heat
dissipates through the device to the surroundings. The exchange between
surrounding and the device is modeled by convection boundary conditions with
different film coefficients at the top, h_top, bottom, h_bottom, and the side,
h_side. From this vewpoint, it is quite similar to a chip model used as a
benchmark in [1]. The goal of parametric model reduction in this case is to
preserve h_top, h_bottom, and h_side in the reduced model in the symbolic form.

Fig. 1. see http://www.imtek.de/simulation/benchmark

Figure 1. A 2D-axisymmetrical model of the micro-thruster unit (not scaled).
The axis of the symmetry on the left side. A heater is shown by a red spot.

We have used a 2D-axisymmetric microthruster model (T2DAL in [5]). The model
has been made in ANSYS and system matrices have been extracted by means of
mor4ansys [6]. The benchmark contains a constant load vector. The input
function equal to one corresponds to the constant input power of 15 mW.

The linear ordinary differential equations of the first order are written as:

E T=(A - h_top A_top - h_bottom A_bottom - h_side A_side) T + B u y=Cx

where E and A are the symmetric sparse system matrices (heat capacity and heat
conductivity matrix), B is the load vector, C is the output matrix, A_top,
A_bottom, and A_side are the diagonal matrices from the discretization of the
convection boundary conditions and T is the vector of unknown temperatures.

The numerical values of film coefficients, h_top, h_bottom, and h_side can be
from 1 to 1e9. Typical important sets film coefficients can be found in [1].
The allowable approximation error is 5 % [1].

The benchmark has been used in [7,8] where the problem is also described in
more detail.

Download matrices in the Matrix Market format: T2DAL_BCI.tar.gz, 223938 bytes.
The matrix name is used as an extension of the matrix file. File
T2DAL_BCI.C.names contains a list of ouput names written consecutively.
Bibliography

1. C. J. M. Lasance, Two benchmarks to facilitate the study of compact thermal
modeling phenomena, IEEE Transactions on Components and Packaging Technologies,
24, 559-565 (2001).

2. D. S. Weile, E. Michielssen, E. Grimme, K. Gallivan, A method for generating
rational interpolant reduced order models of two-parameter linear systems,
Applied Mathematics Letters, 12, 93-102 (1999).

3. P. K. Gunupudi, R. Khazaka, M. S. Nakhla, T. Smy, and D. Celo, Passive
parameterized time-domain macromodels for high-speed transmission-line
networks, IEEE Transactions on Microwave Theory and Techniques, 51, 2347-2354
(2003).

4. L. Daniel, O. C. Siong, L. S. Chay, K. H. Lee, and J. White, A
Multiparameter Moment-Matching Model-Reduction Approach for Generating
Geometrically Parameterized Interconnect Performance Models, IIEEE Transactions
on Computer-Aided Design of Integrated Circuits and Systems, 23, 678-693
(2004).

5. E. B. Rudnyi, Micropyros Thruster,
http://www.imtek.uni-freiburg.de/simulation/benchmark/.

6. E. B. Rudnyi and J. G. Korvink, Model Order Reduction of MEMS for Efficient
Computer Aided Design and System Simulation, MTNS2004, Sixteenth International
Symposium on Mathematical Theory of Networks and Systems, Katholieke
Universiteit Leuven, Belgium, July 5-9, 2004.
http://www.imtek.uni-freiburg.de/simulation/mor4ansys/

7. L. Feng, E. B. Rudnyi, J. G. Korvink, Parametric Model Reduction to Generate
Boundary Condition Independent Compact Thermal Model, THERMINIC 2004, 10th
International Workshop on Thermal Investigations of ICs and Systems, 29
September - 1 October 2004, Sophia Antipolis, Cªte d'Azur, France.  Preprint is
at http://www.imtek.uni-freiburg.de/simulation/mor4ansys/

8. L. Feng, E. B. Rudnyi, J. G. Korvink, Preserving the film coefficient as a
parameter in the compact thermal model for fast electro-thermal simulation,
2004, to be submitted.

==> t2dal_bci/T2DAL_BCI.C.names <==
aHeater
FuelTop
FT-100
FT-200
FuelBot
WafTop1
WafTop2

================================================================================
==> windscreen/README.txt <==
================================================================================

--------------------------------------------------------------------------------
Structural model of a car windscreen (windscreen problem)
--------------------------------------------------------------------------------

Karl Meerbergen Free Field Technologies, Louvain-la-Neuve, Belgium.
Karl.Meerbergen@fft.be

This is an example for a model in the frequency domain of the form

\\begin{eqnarray*} K_d x - \\omega^2 M x & = & f \\\\ y & = & f^* x \\end{eqnarray*}

where $f$ represents a unit point load in one unknown of the state vector. $M$
is a symmetric positive-definite matrix and $K_d = (1+i\\gamma) K$ where $K$ is
symmetric positive semi-definite.

The test problem is a structural model of a car windscreen. This is a 3D
problem discretized with 7564 nodes and 5400 linear hexahedral elements (3
layers of $60 \\times 30$ elements). The mesh is shown in Figure 1. The material
is glass with the following properties: the Young modulus is $7\\,10^{10}
\\mathrm{N}/\\mathrm{m}^2$, the density is $2490 \\mathrm{kg}/\\mathrm{m}^3$, and
the Poisson ratio is $0.23$. The natural damping is $10\\%$, i.e. $\\gamma=0.1$.
The structural boundaries are free (free-free boundary conditions). The
windscreen is subjected to a point force applied on a corner. The goal of the
model reduction is the fast evaluation of y. Modelreduction is used as a fast
linear solver for a sequence of parametrized linear systems.

The discretized problem has dimension $n=22,692$. The goal is to estimate
$x(\\omega)$ for $\\omega\\in[0.5,200]$. In order to generate the plots the
frequency range was discretized as $\\{\\omega_1,\\ldots,\\omega_m\\} =
\\{0.5j,j=1,\\ldots,m\\}$ with $m=400$.

Figure 1: Mesh of the car windscreen and frequency response function
see http://www.imtek.de/simulation/benchmark/
    
The archive contains files windscreen.K, windscreen.M and windscreen.B
representing Kd, M and f accordingly.

Karl Meerbergen 2004-11-17"
LiuWenzhuo,1,"Power system simulation matrix from Wenzhou Liu, EPRI, China.",https://sparse.tamu.edu/LiuWenzhuo,electrical/circuit/device,electrical/circuit/device,1.0,1,power network problem (1),1,real (1),1,unsymmetric (1),15838,15838,1.0,one size,64424,64424,square only,1,0,no square matrix exactly symmetric/Hermitian,0,0,0,real only,0,0,single matrix,"Power system simulation matrix from Wenzhou Liu, EPRI, China."
Lin,1,"Large sparse eigenvalue problem from Chun-hung (Martin) Lin. NCHC, Taiwan. MartinLin AT nchc dot org dot tw. National Center for High-Performance",https://sparse.tamu.edu/Lin,structures/materials,structures/materials,1.0,1,structural problem (1),1,real (1),1,symmetric (1),256000,256000,1.0,one size,1766400,1766400,square only,1,0,all square matrices symmetric/Hermitian,1,1,0,real only,0,1,single matrix,"Large sparse eigenvalue problem from Chun-hung (Martin) Lin.  NCHC, Taiwan.
MartinLin AT nchc dot org dot tw.  National Center for High-Performance
Computing."
Cannizzo,1,Structural engineering matrix (finite-element) from Fabio Cannizzo.,https://sparse.tamu.edu/Cannizzo,structures/materials,structures/materials,1.0,1,structural problem (1),1,real (1),1,symmetric (1),4098,4098,1.0,one size,72356,72356,square only,1,0,all square matrices symmetric/Hermitian,1,1,1,real only,0,1,single matrix,Structural engineering matrix (finite-element) from Fabio Cannizzo.
GHS_indef,60,"Indefinite matrices collected by Nick Gould, Yifan Hu, and Jennifer Scott. The GHS_indef and GHS_psdef collection includes matrices from the Matrix",https://sparse.tamu.edu/GHS_indef,fluids/transport; generic spatial PDE/thermal; mathematics/statistics; optimization/control; structures/materials,optimization/control,0.5,6,optimization problem (30); 2D/3D problem (17); computational fluid dynamics problem (4); materials problem (4); structural problem (3); statistical/mathematical problem (2),2,real (57); integer (3),1,symmetric (60),3002,466316,155.33510992671552,wide (>100×),9000,11288630,square only,60,0,all square matrices symmetric/Hermitian,60,60,1,real only,0,28,multi-domain/mixed,"Indefinite matrices collected by Nick Gould, Yifan Hu, and Jennifer Scott.

The GHS_indef and GHS_psdef collection includes matrices from the Matrix
Market (math.nist.gov/MatrixMarket), Rutherford-Boeing collection (Duff,
Grimes, and Lewis), the Parasol project (see below), Kumfert and Pothen,
CUTE/CUTEr optimization test set, the UF sparse matrix collection
(those are excluded here), Andy Wathen, Mario Arioli, Christian Damhaug,
Alison Ramage, Anshul Gupta (Gupta's matrices are in the UF collection
under the Gupta directory), Olaf Schenk (matrices from Olaf Schenk are
located here, as well as in the existing Schenk_* directories),
Miroslav Tuma, Maros and Meszaros, and the Dept. of Mathematical
Modelling in DIAMO (Czech Republic).

See ftp://ftp.numerical.rl.ac.uk/pub/matrices/symmetric/ for the
GHS collection.

NOTE: matrices can have upper-case or lower case matrix-type fields
(rsa or RSA, for example).

--------------------------------------------------------------------------------

bms3_2 matrix:
Source:   www.parallab.uib.no/parasol/data.html  (matrix BMW3_2)
Linear static analysis of a car body. Indefinite matrix.
              (MSC-CARBODY-220K)
Order         227362    
No. entries  5757996                          

--------------------------------------------------------------------------------

Matrices form Olaf Schenk:  see the description in the Schenk_IBMNA
directory, for the c-55 to c-72 matrices.

--------------------------------------------------------------------------------

SIT100, K1_SAN, OLESNIKO, D_PRETOK, and TURON_M are from the Dept. of
Mathematical Modelling in DIAMO, s.e., Straz pod Ralskem, Czech Republic.
They represent fluid flow in porous media."
GHS_psdef,32,"Positive definite matrices collected by Nick Gould, Yifan Hu, & Jennifer Scott. some in unassembled finite-element form (and some in both forms).",https://sparse.tamu.edu/GHS_psdef,fluids/transport; generic spatial PDE/thermal; optimization/control; structures/materials,structures/materials,0.59375,4,structural problem (19); optimization problem (8); computational fluid dynamics problem (3); random 2D/3D problem (2),2,real (22); binary (10),1,symmetric (32),15449,952203,61.63525147258722,moderate (4–100×),101576,77651847,square only,32,0,all square matrices symmetric/Hermitian,32,32,22,real only,10,24,multi-domain/mixed,"Positive definite matrices collected by Nick Gould, Yifan Hu, & Jennifer Scott.
some in unassembled finite-element form (and some in both forms).

The GHS_indef and GHS_psdef collection includes matrices from the Matrix
Market (math.nist.gov/MatrixMarket), Rutherford-Boeing collection (Duff,
Grimes, and Lewis), the Parasol project (see below), Kumfert and Pothen,
CUTE/CUTEr optimization test set, the UF sparse matrix collection
(those are excluded here), Andy Wathen, Mario Arioli, Christian Damhaug,
Alison Ramage, Anshul Gupta (Gupta's matrices are in the UF collection
under the Gupta directory), Olaf Schenk (matrices from Olaf Schenk are
located here, as well as in the existing Schenk_* directories),
Miroslav Tuma, Maros and Meszaros, and the Dept. of Mathematical
Modelling in DIAMO (Czech Republic).

See ftp://ftp.numerical.rl.ac.uk/pub/matrices/symmetric/ for the
GHS collection.

NOTE: some of the *.rse and *.pse finite-element matrices contain
unsorted indices.

NOTE: matrices can have upper-case or lower case matrix-type fields
(rsa or RSA, for example).

--------------------------------------------------------------------------------
==> audi.readme <==
--------------------------------------------------------------------------------
Source:   www.parallab.uib.no/parasol/data.html  (matrix AUDI)

Automotive crankshaft model with over 900,000 TETRA
              elements (MSC-CRANKSHAFT-900K)

symmetric rb matrix                                                     rb.mtx        18129441        117962       4912222      13099257
rsa                   943695        943695      39297771             0

Order           943695    
No. entries    39297771                          

--------------------------------------------------------------------------------
==> bmw7st_1.readme <==
--------------------------------------------------------------------------------
Source:   www.parallab.uib.no/parasol/data.html  (matrix BMW7st_1)

stiffness matrix                                                        BMW7ST_1       2540788         47116       1246836       1246836
rsa                   141347        141347       3740507             0


Linear static analysis of a car body.
              (MSC-CARBODY-140K)
Order         141347
No. entries   3740507                         

--------------------------------------------------------------------------------
==> bmwcra_1.readme <==
--------------------------------------------------------------------------------
Source:   www.parallab.uib.no/parasol/data.html  (matrix BMWCRA_1)

Automotive crankshaft model with nearly 150,000 TETRA
              elements (MSC-CRANKSHAFT-150K)

stiffness matrix                                                        BMWCRA_1
       3647183         49591       1798796       1798796
rsa                   148770        148770       5396386             0
(3I14)          (3I14)          (1P,3E25.16E3)      

Order           148770    
No. entries    5396386                          

--------------------------------------------------------------------------------
==> copter1.readme <==
--------------------------------------------------------------------------------
Source: Kumfert and Pothen

require files
copter1.kp   (which is obtained from copter1.ptr and copter1.chac)

N = 17222
NZ = 96921 (= off diag entries in upper triangle) 
Off diag. pattern only supplied.

--------------------------------------------------------------------------------
==> copter2.readme <==
--------------------------------------------------------------------------------
Source: Kumfert and Pothen

require files
copter2.kp   (which is obtained from copter2.ptr and copter2.chac)

N = 55476
NZ = 352238 (= off diag entries in upper triangle) 
Off diag. pattern only supplied.

--------------------------------------------------------------------------------
==> crankseg_1.readme <==
--------------------------------------------------------------------------------
Source:   www.parallab.uib.no/parasol/data.html  (matrix CRANKSG1)

Linear static analysis of a crankshaft detail
              (MSC-CRANKSHAFT-SEGMENT-1)

Order           52,804    
No. entries  5,333,507                          

--------------------------------------------------------------------------------
==> crankseg_2.readme <==
--------------------------------------------------------------------------------
Source:   www.parallab.uib.no/parasol/data.html  (matrix CRANKSG2

Linear static analysis of a crankshaft detail
              (MSC-CRANKSHAFT-SEGMENT-2)

Order           52,804    
No. entries  7,106,348                          


--------------------------------------------------------------------------------
==> Fcondp2.readme <==
--------------------------------------------------------------------------------

Source: Christain Damahug (Det Norske Veritas, Oslo, Norway)


 Matrix Format Converter
 -----------------------

 Total number of nodes ................................... :       33913
 Number of active nodes .................................. :       33913
 Number of external nodes ................................ :           0
 Number of nodes with at least one boundary condition .... :         552
 Number of nodes with at least one load intensity ........ :           0
 Number of free variables (equations) .................... :      201822

 Number of elements ...................................... :       35836
 Number of material types ................................ :           1
 Maximum number of nodes connected to an element ......... :           4

 Size of complete element node connectivity .............. :      143344
 Size of stripped element node connectivity .............. :      143344
 Size of active adjacency set representation ............. :      282912
 TIME FOR WRITING MATRIX FORMAT        =     7.7391695976E+00


 = = = = = = = = = = = = = = = = = = = = = = = = =
 = = = Storage Requirement Matrix Convertion = = =
 = = = = = = = = = = = = = = = = = = = = = = = = =

 Total INTEGER workspace need (runtime measure) .......... :     1173274
 Total REAL workspace need (runtime measure) ............. :           0

 Total CPU-time consumption to convert the matrix ........ : 8.89181E+00

 Wall-Clock Time Consumption ............................. : 1.70000E+01

--------------------------------------------------------------------------------
==> finance256.readme <==
--------------------------------------------------------------------------------
Source: Kumfert and Pothen

require files
finance256.kp   (which is obtained from finance256.ptr and finance256.chac)

N = 37376
NZ = 130560 (= off diag entries in upper triangle) 
Off diag. pattern only supplied.

--------------------------------------------------------------------------------
==> ford1.readme <==
--------------------------------------------------------------------------------
Source: Kumfert and Pothen

require files
ford1.kp   (which is obtained from ford1.ptr and ford1.chac)

N = 18728
NZ = 41424 (= off diag entries in upper triangle) 
Off diag. pattern only supplied.

--------------------------------------------------------------------------------
==> ford2.readme <==
--------------------------------------------------------------------------------
Source: Kumfert and Pothen

require files
ford2.kp   (which is obtained from ford2.ptr and ford2.chac)

N = 100196
NZ = 222246 (= off diag entries in upper triangle) 
Off diag. pattern only supplied.

--------------------------------------------------------------------------------
==> Fullb.readme <==
--------------------------------------------------------------------------------

Source: Christain Damahug (Det Norske Veritas, Oslo, Norway)


 Matrix Format Converter
 -----------------------

 Total number of nodes ................................... :       33442
 Number of active nodes .................................. :       33442
 Number of external nodes ................................ :           0
 Number of nodes with at least one boundary condition .... :         586
 Number of nodes with at least one load intensity ........ :           0
 Number of free variables (equations) .................... :      199187

 Number of elements ...................................... :       59738
 Number of material types ................................ :           3
 Maximum number of nodes connected to an element ......... :           4

 Size of complete element node connectivity .............. :      195585
 Size of stripped element node connectivity .............. :      195585
 Size of active adjacency set representation ............. :      294498
 TIME FOR WRITING MATRIX FORMAT        =     1.0402039528E+01


 = = = = = = = = = = = = = = = = = = = = = = = = =
 = = = Storage Requirement Matrix Convertion = = =
 = = = = = = = = = = = = = = = = = = = = = = = = =

 Total INTEGER workspace need (runtime measure) .......... :     1584759
 Total REAL workspace need (runtime measure) ............. :           0

 Total CPU-time consumption to convert the matrix ........ : 1.18173E+01

 Wall-Clock Time Consumption ............................. : 2.90000E+01

--------------------------------------------------------------------------------
==> Halfb.readme <==
--------------------------------------------------------------------------------


Source: Christain Damahug (Det Norske Veritas, Oslo, Norway)


 Matrix Format Converter
 -----------------------

 Total number of nodes ................................... :       38556
 Number of active nodes .................................. :       38556
 Number of external nodes ................................ :           0
 Number of nodes with at least one boundary condition .... :        2470
 Number of nodes with at least one load intensity ........ :           0
 Number of free variables (equations) .................... :      224617

 Number of elements ...................................... :       70211
 Number of material types ................................ :           3
 Maximum number of nodes connected to an element ......... :           4

 Size of complete element node connectivity .............. :      221764
 Size of stripped element node connectivity .............. :      221764
 Size of active adjacency set representation ............. :      321406
 TIME FOR WRITING MATRIX FORMAT        =     1.1791002274E+01


 = = = = = = = = = = = = = = = = = = = = = = = = =
 = = = Storage Requirement Matrix Convertion = = =
 = = = = = = = = = = = = = = = = = = = = = = = = =

 Total INTEGER workspace need (runtime measure) .......... :     1774320
 Total REAL workspace need (runtime measure) ............. :           0

 Total CPU-time consumption to convert the matrix ........ : 1.33733E+01

 Wall-Clock Time Consumption ............................. : 4.20000E+01

--------------------------------------------------------------------------------
==> hood.readme <==
--------------------------------------------------------------------------------

Source:   www.parallab.uib.no/parasol/data.html  (matrix HOOD)

 INDEED Test Matrix (DC-mh)                                              DCMH          1945127         22055        549449       1373623
RSA                   220542        220542       5494489             0


Order         220542
No. entries   5494489                         

--------------------------------------------------------------------------------
==> inline_1.readme <==
--------------------------------------------------------------------------------
Source:   www.parallab.uib.no/parasol/data.html  (INLINE_1)

Inline skater (MSC-INLINE)

stiffness matrix                                                        INLINE_1      12607923        167905       6220009       6220009
rsa                   503712        503712      18660027             0
(3I14)          (3I14)          (1P,3E25.16E3)      

Order           503,712
No. entries  18,660,027                          

--------------------------------------------------------------------------------
==> ldoor.readme <==
--------------------------------------------------------------------------------
Source:   www.parallab.uib.no/parasol/data.html  (LDOOR)

Large door

 INDEED Test Matrix                                                      TUER          8403290         95221       2373734       5934335
RSA                   952203        952203      23737339             0

Order           952,203
No. entries  23,737,339                          

--------------------------------------------------------------------------------
==> msdoor.readme <==
--------------------------------------------------------------------------------
Source:   www.parallab.uib.no/parasol/data.html  (MSDOOR)

 INDEED Test Matrix smltuer                                              smtuer        3656527         41587       1032840       2582100
rsa                   415863        415863      10328399             0


Order           415,863
No. entries  10,328,399                          

--------------------------------------------------------------------------------
==> M_T1.readme <==
--------------------------------------------------------------------------------
Source: Chrisitan Damhaug
www.parallab.uib.no/parasol/data.html

We have this matrix available in assembled and element form

Tubular joint

Order 97,578
when assembled, entries = 4,925,574
unassembled entries = 6,882,780

 DNV-Ex 1 : Tubular joint-1999-01-17                                     M_T1    
       1747955           533         26727       1720695             0
RSE                    97578          5328        267270       6882780          
(10I8)          (10I8)          (3e26.16)                               
            

--------------------------------------------------------------------------------
==> MT1.readme <==
--------------------------------------------------------------------------------
Source: Chrisitan Damhaug

Element Repr of                                                                 
         27260           533         26727             0             0
PSE                    97578          5328        267270             0
(10I8)          (10I8)          

--------------------------------------------------------------------------------
==> OILPAN.readme <==
--------------------------------------------------------------------------------
Source:   www.parallab.uib.no/parasol/data.html

 1. TEST MATRIX FROM INPRO FOR PARASOL (OIL-PAN)
        649791          7376        183547        458868             0
rsa                    73752         73752       1835470             0


Order 73752
No. entries   1835470                         

--------------------------------------------------------------------------------
==> onera_dual.readme <==
--------------------------------------------------------------------------------
Source: Kumfert and Pothen

require files
onera_dual.kp   (which is obtained from onera_dual.ptr and onera_dual.chac)

N = 85567
NZ = 166817 (= off diag entries in upper triangle) 
Off diag. pattern only supplied.

--------------------------------------------------------------------------------
==> opt1.readme <==
--------------------------------------------------------------------------------
Source: Christain Damhaug

Matrix Representation of OPT1, part of condeep cylinder                 OPT1    
          5367            98          5269             0             0
PSE                    15449           977         52686             0
(10I8)          (10I8)          

--------------------------------------------------------------------------------
==> pds10.readme <==
--------------------------------------------------------------------------------
Source: Kumfert and Pothen

require files
pds10.kp   (which is obtained from pds10.ptr and pds10.chac)

N = 16558
NZ = 66550 (= off diag entries in upper triangle) 
Off diag. pattern only supplied.

--------------------------------------------------------------------------------
==> ramage02.readme <==
--------------------------------------------------------------------------------

Source: Alison Ramage (Strathclyde)

Pattern only element problem

1FINITE ELEMENT PROBLEM. NAVIER-STOKES AND CONTINUITY EQUATIONS.        RAMAGE02
          6495           141          6354             0             0          
PSE                    16830          1400         82598             0          
(10I8)          (13I6)          (3(1PE22.14))       (3(1PE22.14))

--------------------------------------------------------------------------------
==> s3dkq4m2.readme <==
--------------------------------------------------------------------------------
Source: Matrix Market
BUT had to edit file as in RB format so RSA needs to be rsa

   * * * * * * * * * * * * * * * * * * * * * * * * * * * * * * * * * * * * * *
   * cyl shell R/t=1000 unif 100 x 150 quad mesh DK-el with drill rotat      *
   *                    Key = s3dkq4m2 , Type = RSA                          *
   * * * * * * * * * * * * * * * * * * * * * * * * * * * * * * * * * * * * * *
       *  Dimension N                                      =      90449  *
       *  Number of nonzero elements                       =    2455670  *
       *  Average number of nonzero elements/Column        =    27.1498  *
       *  Standard deviation for above average             =     2.6724  *
       *  Nonzero elements in strict lower part            =    2365221  *
       *  Nonzero elements in strict upper part            =    2365221  *
       *  Nonzero elements in main diagonal                =      90449  *
       *  Weight of longest column                         =         59  *
       *  Weight of shortest column                        =         15  *
       *  Matching elements in symmetry                    =          0  *
       *  Relative Symmetry Match (symmetry=1)             = NaN         *
       *  Average distance of a(i,j)  from diag.           =  0.395E+03  *
       *  Standard deviation for above average             =  0.285E+03  *
       *-----------------------------------------------------------------*
       *  Frobenius norm of A                              =  0.403E+06  *
       *  Frobenius norm of symmetric part                 =  0.403E+06  *
       *  Frobenius norm of nonsymmetric part              =  0.000E+00  *
       *  Maximum element in A                             =  0.215E+04  *
       *  Percentage of weakly diagonally dominant rows    =  0.329E-02  *
       *  Percentage of weakly diagonally dominant columns =  0.329E-02  *
       *-----------------------------------------------------------------*
       *  Lower bandwidth  (max: i-j, a(i,j) .ne. 0)       =          0  *
       *  Upper bandwidth  (max: j-i, a(i,j) .ne. 0)       =        614  *
       *  Maximum Bandwidth                                =        615  *
       *  Average Bandwidth                                =  0.609E+03  *
       *  Number of nonzeros in skyline storage            =   55071893  *
       *  90% of matrix is in the band of width            =       1217  *
       *  80% of matrix is in the band of width            =       1211  *
       *  The total number of nonvoid diagonals is         =        331  *
       *  The 10 most important diagonals are (offsets)    :             *
       *     0     1     2     3     4     5   603   602   604   601     *
       *  The accumulated percentages they represent are   :             *
       *   3.7   7.4  11.0  14.7  18.3  22.0  25.6  29.2  32.9  36.5     *
       *-----------------------------------------------------------------*
       *  The matrix does not have a block structure                     *
       *-----------------------------------------------------------------*

--------------------------------------------------------------------------------
==> s3dkt3m2.readme <==
--------------------------------------------------------------------------------
Source: Matrix Market
But had to edit file as in RB format RSA needs to be rsa

   * * * * * * * * * * * * * * * * * * * * * * * * * * * * * * * * * * * * * *
   * cyl shell 100 x 150 unif triang mesh R/t = 1000                         *
   *                    Key = s3dkt3m2 , Type = RSA                          *
   * * * * * * * * * * * * * * * * * * * * * * * * * * * * * * * * * * * * * *
       *  Dimension N                                      =      90449  *
       *  Number of nonzero elements                       =    1921955  *
       *  Average number of nonzero elements/Column        =    21.2490  *
       *  Standard deviation for above average             =     2.3992  *
       *  Nonzero elements in strict lower part            =    1831506  *
       *  Nonzero elements in strict upper part            =    1831506  *
       *  Nonzero elements in main diagonal                =      90449  *
       *  Weight of longest column                         =         47  *
       *  Weight of shortest column                        =          9  *
       *  Matching elements in symmetry                    =          0  *
       *  Relative Symmetry Match (symmetry=1)             = NaN         *
       *  Average distance of a(i,j)  from diag.           =  0.339E+03  *
       *  Standard deviation for above average             =  0.299E+03  *
       *-----------------------------------------------------------------*
       *  Frobenius norm of A                              =  0.641E+06  *
       *  Frobenius norm of symmetric part                 =  0.641E+06  *
       *  Frobenius norm of nonsymmetric part              =  0.000E+00  *
       *  Maximum element in A                             =  0.322E+04  *
       *  Percentage of weakly diagonally dominant rows    =  0.000E+00  *
       *  Percentage of weakly diagonally dominant columns =  0.000E+00  *
       *-----------------------------------------------------------------*
       *  Lower bandwidth  (max: i-j, a(i,j) .ne. 0)       =          0  *
       *  Upper bandwidth  (max: j-i, a(i,j) .ne. 0)       =        614  *
       *  Maximum Bandwidth                                =        615  *
       *  Average Bandwidth                                =  0.609E+03  *
       *  Number of nonzeros in skyline storage            =   55071893  *
       *  90% of matrix is in the band of width            =       1219  *
       *  80% of matrix is in the band of width            =       1215  *
       *  The total number of nonvoid diagonals is         =        328  *
       *  The 10 most important diagonals are (offsets)    :             *
       *     0     1     2     3     4     5   603   604   605     6     *
       *  The accumulated percentages they represent are   :             *
       *   4.7   9.4  14.1  18.8  23.4  28.1  32.7  37.4  42.0  46.6     *
       *-----------------------------------------------------------------*
       *  The matrix does not have a block structure                     *
       *-----------------------------------------------------------------*

--------------------------------------------------------------------------------
==> SHIP_001.readme <==
--------------------------------------------------------------------------------
Source: Chrisitan Damhaug
www.parallab.uib.no/parasol/data.html

We have this matrix available in assembled and element form

Ship structure, predesign model
Order 34,920
when assembled, entries = 2,339,575
unassembled entries = 3,686,133

DNV-Ex 2 : Ship structure, predesign model-1999-01-17                   SHIP_001
        937389           344         15511        921534             0
RSE                    34920          3431        155106       3686133          
(10I8)          (10I8)          (3e26.16)                               
            

--------------------------------------------------------------------------------
==> SHIP_003.readme <==
--------------------------------------------------------------------------------
Source: Chrisitan Damhaug
www.parallab.uib.no/parasol/data.html

We have this matrix available in assembled and element form

Ship structure from production run
Order 121,728
when assembled, entries = 4,103,881
unassembled entries =9,728,631

            
DNV-Ex 3 : Ship structure from production run-1999-01-17                SHIP_003
       2525272          4547         88317       2432408             0
RSE                   121728         45464        883167       9729631          
(10I8)          (10I8)          (3e26.16)                               

--------------------------------------------------------------------------------
==> SHIPSEC1.readme <==
--------------------------------------------------------------------------------
Source: Chrisitan Damhaug
www.parallab.uib.no/parasol/data.html

We have this matrix available in assembled and element form

Ship section/detail from production run
Order 140,874
when assembled, entries = 3,977,139
unassembled entries = 6,882,780

DNV-Ex 4 : Ship section/detail from production run-1999-01-17           SHIPSEC1
       2237188          4104         78502       2154582             0
RSE                   140874         41037        785016       8618328          
(10I8)          (10I8)          (3e26.16)                               
            

--------------------------------------------------------------------------------
==> SHIPSEC5.readme <==
--------------------------------------------------------------------------------
Source: Chrisitan Damhaug
www.parallab.uib.no/parasol/data.html

We have this matrix available in assembled and element form

Ship section/detail from production run
Order 179,86
when assembled, entries = 6,146,478
unassembled entries = 11,118,602

DNV-PARASOL Ship section 5-1999-01-15                                   Shipsec5
       2885670          5228        100791       2779651             0
RSE                   179860         52272       1007907      11118602          
(10I8)          (10I8)          (4e22.14)                               
            

--------------------------------------------------------------------------------
==> SHIPSEC8.readme <==
--------------------------------------------------------------------------------
Source: Chrisitan Damhaug
www.parallab.uib.no/parasol/data.html

We have this matrix available in assembled and element form

Ship section/detail from production run
Order 114,919
when assembled, entries = 3,384,159
unassembled entries = 7,431,867

DNV-PARASOL Ship section 5-1999-01-15                                   Shipsec5
       2885670          5228        100791       2779651             0
RSE                   179860         52272       1007907      11118602          
(10I8)          (10I8)          (4e22.14)                               
            

--------------------------------------------------------------------------------
==> Srb1.readme <==
--------------------------------------------------------------------------------

Source: Christain Damahug (Det Norske Veritas, Oslo, Norway)

 Matrix Format Converter
 -----------------------

 Total number of nodes ................................... :        9198
 Number of active nodes .................................. :        9154
 Number of external nodes ................................ :           0
 Number of nodes with at least one boundary condition .... :          44
 Number of nodes with at least one load intensity ........ :           0
 Number of free variables (equations) .................... :       54924

 Number of elements ...................................... :        9240
 Number of material types ................................ :           0
 Maximum number of nodes connected to an element ......... :           4

 Size of complete element node connectivity .............. :       36872
 Size of stripped element node connectivity .............. :       36784
 Size of active adjacency set representation ............. :       73128
 TIME FOR WRITING MATRIX FORMAT        =     1.9468524456E+00


 = = = = = = = = = = = = = = = = = = = = = = = = =
 = = = Storage Requirement Matrix Convertion = = =
 = = = = = = = = = = = = = = = = = = = = = = = = =

 Total INTEGER workspace need (runtime measure) .......... :      303533
 Total REAL workspace need (runtime measure) ............. :           0

 Total CPU-time consumption to convert the matrix ........ : 2.20886E+00

 Wall-Clock Time Consumption ............................. : 6.00000E+00

--------------------------------------------------------------------------------
==> Thread.readme <==
--------------------------------------------------------------------------------

Source: Christain Damahug (Det Norske Veritas, Oslo, Norway)


 Matrix Format Converter
 -----------------------

 Total number of nodes ................................... :       10008
 Number of active nodes .................................. :        9912
 Number of external nodes ................................ :           0
 Number of nodes with at least one boundary condition .... :          96
 Number of nodes with at least one load intensity ........ :           0
 Number of free variables (equations) .................... :       29736

 Number of elements ...................................... :        2176
 Number of material types ................................ :           1
 Maximum number of nodes connected to an element ......... :          20

 Size of complete element node connectivity .............. :       42080
 Size of stripped element node connectivity .............. :       41888
 Size of active adjacency set representation ............. :      486760
 TIME FOR WRITING MATRIX FORMAT        =     1.0886445045E+00


 = = = = = = = = = = = = = = = = = = = = = = = = =
 = = = Storage Requirement Matrix Convertion = = =
 = = = = = = = = = = = = = = = = = = = = = = = = =

 Total INTEGER workspace need (runtime measure) .......... :      201743
 Total REAL workspace need (runtime measure) ............. :           0

 Total CPU-time consumption to convert the matrix ........ : 1.33817E+00

 Wall-Clock Time Consumption ............................. : 4.00000E+00

--------------------------------------------------------------------------------
==> THREAD.readme <==
--------------------------------------------------------------------------------
Source: Chrisitan Damhaug
www.parallab.uib.no/parasol/data.html

We have this matrix available in assembled and element form

Threaded connector/contact problem
Order 29,736
when assembled, entries = 2,249,892
unassembled entries = 3,718,704

DNV-Ex 7 : Threaded connector/contact problem-1999-01-17                THREAD  
        942461           218         12567        929676             0
RSE                    29736          2176        125664       3718704          
(10I8)          (10I8)          (3e26.16)                               
            

--------------------------------------------------------------------------------
==> trdheim.readme <==
--------------------------------------------------------------------------------
Source: Christian Damhaug (DNR)

Matrix Representation of TRDHEIM, Mesh of the Trondheim Fjord           TRDHEIM 
          4473            82          4391             0             0
PSE                    22098           813         43902             0
(10I8)          (10I8)          

--------------------------------------------------------------------------------
==> Troll.readme <==
--------------------------------------------------------------------------------

Source: Christain Damahug (Det Norske Veritas, Oslo, Norway)

 Matrix Format Converter
 -----------------------

 Total number of nodes ................................... :       72545
 Number of active nodes .................................. :       71151
 Number of external nodes ................................ :           0
 Number of nodes with at least one boundary condition .... :        1394
 Number of nodes with at least one load intensity ........ :           0
 Number of free variables (equations) .................... :      213453

 Number of elements ...................................... :       41084
 Number of material types ................................ :           2
 Maximum number of nodes connected to an element ......... :           8

 Size of complete element node connectivity .............. :      321888
 Size of stripped element node connectivity .............. :      318624
 Size of active adjacency set representation ............. :     1260528
 TIME FOR WRITING MATRIX FORMAT        =     8.8573474884E+00


 = = = = = = = = = = = = = = = = = = = = = = = = =
 = = = Storage Requirement Matrix Convertion = = =
 = = = = = = = = = = = = = = = = = = = = = = = = =

 Total INTEGER workspace need (runtime measure) .......... :     1570220
 Total REAL workspace need (runtime measure) ............. :           0

 Total CPU-time consumption to convert the matrix ........ : 1.10190E+01

 Wall-Clock Time Consumption ............................. : 2.90000E+01

--------------------------------------------------------------------------------
==> tsyl201.readme <==
--------------------------------------------------------------------------------
Source: Christian Damhaug (DNR)

Matrix Representation of TSYL201, part of condeep cylinder              TSYL201 
          5857            97          5760             0             0
PSE                    20685           960         57600             0
(10I8)          (10I8)          

--------------------------------------------------------------------------------
==> vanbody.readme <==
--------------------------------------------------------------------------------
Source:   www.parallab.uib.no/parasol/data.html  (LDOOR)

Van body model (MSC-VANBODY)

stiffness matrix                                                        XCARBO_1        810349         15691        397329        397329
rsa                    47072         47072       1191985             0

Order     47072
entries 1191985

--------------------------------------------------------------------------------
==> X104.readme <==
--------------------------------------------------------------------------------
Source: Chrisitan Damhaug
www.parallab.uib.no/parasol/data.html

We have this matrix available in assembled and element form

Beam joint (SESAM test example no. 104)
Order 108,384
when assembled, entries = 5,138,004
unassembled entries = 7,065,546

DNV-Ex 8 : SESAM test example no 104-1999-01-17                         X104    
       1795848           602         28859       1766387             0
RSE                   108384          6019        288588       7065546          
(10I8)          (10I8)          (3e26.16)                               


################################################################################
These are matrices in unassembled finite-element form:
################################################################################


--------------------------------------------------------------------------------
==> Fcondp2.readme <==
--------------------------------------------------------------------------------

Source: Christain Damahug (Det Norske Veritas, Oslo, Norway)


 Matrix Format Converter
 -----------------------

 Total number of nodes ................................... :       33913
 Number of active nodes .................................. :       33913
 Number of external nodes ................................ :           0
 Number of nodes with at least one boundary condition .... :         552
 Number of nodes with at least one load intensity ........ :           0
 Number of free variables (equations) .................... :      201822

 Number of elements ...................................... :       35836
 Number of material types ................................ :           1
 Maximum number of nodes connected to an element ......... :           4

 Size of complete element node connectivity .............. :      143344
 Size of stripped element node connectivity .............. :      143344
 Size of active adjacency set representation ............. :      282912
 TIME FOR WRITING MATRIX FORMAT        =     7.7391695976E+00


 = = = = = = = = = = = = = = = = = = = = = = = = =
 = = = Storage Requirement Matrix Convertion = = =
 = = = = = = = = = = = = = = = = = = = = = = = = =

 Total INTEGER workspace need (runtime measure) .......... :     1173274
 Total REAL workspace need (runtime measure) ............. :           0

 Total CPU-time consumption to convert the matrix ........ : 8.89181E+00

 Wall-Clock Time Consumption ............................. : 1.70000E+01

--------------------------------------------------------------------------------
==> Fullb.readme <==
--------------------------------------------------------------------------------

Source: Christain Damahug (Det Norske Veritas, Oslo, Norway)


 Matrix Format Converter
 -----------------------

 Total number of nodes ................................... :       33442
 Number of active nodes .................................. :       33442
 Number of external nodes ................................ :           0
 Number of nodes with at least one boundary condition .... :         586
 Number of nodes with at least one load intensity ........ :           0
 Number of free variables (equations) .................... :      199187

 Number of elements ...................................... :       59738
 Number of material types ................................ :           3
 Maximum number of nodes connected to an element ......... :           4

 Size of complete element node connectivity .............. :      195585
 Size of stripped element node connectivity .............. :      195585
 Size of active adjacency set representation ............. :      294498
 TIME FOR WRITING MATRIX FORMAT        =     1.0402039528E+01


 = = = = = = = = = = = = = = = = = = = = = = = = =
 = = = Storage Requirement Matrix Convertion = = =
 = = = = = = = = = = = = = = = = = = = = = = = = =

 Total INTEGER workspace need (runtime measure) .......... :     1584759
 Total REAL workspace need (runtime measure) ............. :           0

 Total CPU-time consumption to convert the matrix ........ : 1.18173E+01

 Wall-Clock Time Consumption ............................. : 2.90000E+01

--------------------------------------------------------------------------------
==> Halfb.readme <==
--------------------------------------------------------------------------------


Source: Christain Damahug (Det Norske Veritas, Oslo, Norway)


 Matrix Format Converter
 -----------------------

 Total number of nodes ................................... :       38556
 Number of active nodes .................................. :       38556
 Number of external nodes ................................ :           0
 Number of nodes with at least one boundary condition .... :        2470
 Number of nodes with at least one load intensity ........ :           0
 Number of free variables (equations) .................... :      224617

 Number of elements ...................................... :       70211
 Number of material types ................................ :           3
 Maximum number of nodes connected to an element ......... :           4

 Size of complete element node connectivity .............. :      221764
 Size of stripped element node connectivity .............. :      221764
 Size of active adjacency set representation ............. :      321406
 TIME FOR WRITING MATRIX FORMAT        =     1.1791002274E+01


 = = = = = = = = = = = = = = = = = = = = = = = = =
 = = = Storage Requirement Matrix Convertion = = =
 = = = = = = = = = = = = = = = = = = = = = = = = =

 Total INTEGER workspace need (runtime measure) .......... :     1774320
 Total REAL workspace need (runtime measure) ............. :           0

 Total CPU-time consumption to convert the matrix ........ : 1.33733E+01

 Wall-Clock Time Consumption ............................. : 4.20000E+01

--------------------------------------------------------------------------------
==> M_T1.readme <==
--------------------------------------------------------------------------------
Source: Chrisitan Damhaug
www.parallab.uib.no/parasol/data.html

We have this matrix available in assembled and element form

Tubular joint

Order 97,578
when assembled, entries = 4,925,574
unassembled entries = 6,882,780

 DNV-Ex 1 : Tubular joint-1999-01-17                                     M_T1    
       1747955           533         26727       1720695             0
RSE                    97578          5328        267270       6882780          
(10I8)          (10I8)          (3e26.16)                               
            

--------------------------------------------------------------------------------
==> MT1.readme <==
--------------------------------------------------------------------------------
Source: Chrisitan Damhaug

Element Repr of                                                                 
         27260           533         26727             0             0
PSE                    97578          5328        267270             0
(10I8)          (10I8)          

--------------------------------------------------------------------------------
==> opt1.readme <==
--------------------------------------------------------------------------------
Source: Christain Damhaug

Matrix Representation of OPT1, part of condeep cylinder                 OPT1    
          5367            98          5269             0             0
PSE                    15449           977         52686             0
(10I8)          (10I8)          

--------------------------------------------------------------------------------
==> ramage02.readme <==
--------------------------------------------------------------------------------

Source: Alison Ramage (Strathclyde)

Pattern only element problem

1FINITE ELEMENT PROBLEM. NAVIER-STOKES AND CONTINUITY EQUATIONS.        RAMAGE02
          6495           141          6354             0             0          
PSE                    16830          1400         82598             0          
(10I8)          (13I6)          (3(1PE22.14))       (3(1PE22.14))

--------------------------------------------------------------------------------
==> SHIP_001.readme <==
--------------------------------------------------------------------------------
Source: Chrisitan Damhaug
www.parallab.uib.no/parasol/data.html

We have this matrix available in assembled and element form

Ship structure, predesign model
Order 34,920
when assembled, entries = 2,339,575
unassembled entries = 3,686,133

DNV-Ex 2 : Ship structure, predesign model-1999-01-17                   SHIP_001
        937389           344         15511        921534             0
RSE                    34920          3431        155106       3686133          
(10I8)          (10I8)          (3e26.16)                               
            

--------------------------------------------------------------------------------
==> SHIP_003.readme <==
--------------------------------------------------------------------------------
Source: Chrisitan Damhaug
www.parallab.uib.no/parasol/data.html

We have this matrix available in assembled and element form

Ship structure from production run
Order 121,728
when assembled, entries = 4,103,881
unassembled entries =9,728,631

            
DNV-Ex 3 : Ship structure from production run-1999-01-17                SHIP_003
       2525272          4547         88317       2432408             0
RSE                   121728         45464        883167       9729631          
(10I8)          (10I8)          (3e26.16)                               

--------------------------------------------------------------------------------
==> SHIPSEC1.readme <==
--------------------------------------------------------------------------------
Source: Chrisitan Damhaug
www.parallab.uib.no/parasol/data.html

We have this matrix available in assembled and element form

Ship section/detail from production run
Order 140,874
when assembled, entries = 3,977,139
unassembled entries = 6,882,780

DNV-Ex 4 : Ship section/detail from production run-1999-01-17           SHIPSEC1
       2237188          4104         78502       2154582             0
RSE                   140874         41037        785016       8618328          
(10I8)          (10I8)          (3e26.16)                               
            

--------------------------------------------------------------------------------
==> SHIPSEC5.readme <==
--------------------------------------------------------------------------------
Source: Chrisitan Damhaug
www.parallab.uib.no/parasol/data.html

We have this matrix available in assembled and element form

Ship section/detail from production run
Order 179,86
when assembled, entries = 6,146,478
unassembled entries = 11,118,602

DNV-PARASOL Ship section 5-1999-01-15                                   Shipsec5
       2885670          5228        100791       2779651             0
RSE                   179860         52272       1007907      11118602          
(10I8)          (10I8)          (4e22.14)                               
            

--------------------------------------------------------------------------------
==> SHIPSEC8.readme <==
--------------------------------------------------------------------------------
Source: Chrisitan Damhaug
www.parallab.uib.no/parasol/data.html

We have this matrix available in assembled and element form

Ship section/detail from production run
Order 114,919
when assembled, entries = 3,384,159
unassembled entries = 7,431,867

DNV-PARASOL Ship section 5-1999-01-15                                   Shipsec5
       2885670          5228        100791       2779651             0
RSE                   179860         52272       1007907      11118602          
(10I8)          (10I8)          (4e22.14)                               
            

--------------------------------------------------------------------------------
==> Srb1.readme <==
--------------------------------------------------------------------------------

Source: Christain Damahug (Det Norske Veritas, Oslo, Norway)

 Matrix Format Converter
 -----------------------

 Total number of nodes ................................... :        9198
 Number of active nodes .................................. :        9154
 Number of external nodes ................................ :           0
 Number of nodes with at least one boundary condition .... :          44
 Number of nodes with at least one load intensity ........ :           0
 Number of free variables (equations) .................... :       54924

 Number of elements ...................................... :        9240
 Number of material types ................................ :           0
 Maximum number of nodes connected to an element ......... :           4

 Size of complete element node connectivity .............. :       36872
 Size of stripped element node connectivity .............. :       36784
 Size of active adjacency set representation ............. :       73128
 TIME FOR WRITING MATRIX FORMAT        =     1.9468524456E+00


 = = = = = = = = = = = = = = = = = = = = = = = = =
 = = = Storage Requirement Matrix Convertion = = =
 = = = = = = = = = = = = = = = = = = = = = = = = =

 Total INTEGER workspace need (runtime measure) .......... :      303533
 Total REAL workspace need (runtime measure) ............. :           0

 Total CPU-time consumption to convert the matrix ........ : 2.20886E+00

 Wall-Clock Time Consumption ............................. : 6.00000E+00

--------------------------------------------------------------------------------
==> Thread.readme <==
--------------------------------------------------------------------------------

Source: Christain Damahug (Det Norske Veritas, Oslo, Norway)


 Matrix Format Converter
 -----------------------

 Total number of nodes ................................... :       10008
 Number of active nodes .................................. :        9912
 Number of external nodes ................................ :           0
 Number of nodes with at least one boundary condition .... :          96
 Number of nodes with at least one load intensity ........ :           0
 Number of free variables (equations) .................... :       29736

 Number of elements ...................................... :        2176
 Number of material types ................................ :           1
 Maximum number of nodes connected to an element ......... :          20

 Size of complete element node connectivity .............. :       42080
 Size of stripped element node connectivity .............. :       41888
 Size of active adjacency set representation ............. :      486760
 TIME FOR WRITING MATRIX FORMAT        =     1.0886445045E+00


 = = = = = = = = = = = = = = = = = = = = = = = = =
 = = = Storage Requirement Matrix Convertion = = =
 = = = = = = = = = = = = = = = = = = = = = = = = =

 Total INTEGER workspace need (runtime measure) .......... :      201743
 Total REAL workspace need (runtime measure) ............. :           0

 Total CPU-time consumption to convert the matrix ........ : 1.33817E+00

 Wall-Clock Time Consumption ............................. : 4.00000E+00

--------------------------------------------------------------------------------
==> THREAD.readme <==
--------------------------------------------------------------------------------
Source: Chrisitan Damhaug
www.parallab.uib.no/parasol/data.html

We have this matrix available in assembled and element form

Threaded connector/contact problem
Order 29,736
when assembled, entries = 2,249,892
unassembled entries = 3,718,704

DNV-Ex 7 : Threaded connector/contact problem-1999-01-17                THREAD  
        942461           218         12567        929676             0
RSE                    29736          2176        125664       3718704          
(10I8)          (10I8)          (3e26.16)                               
            

--------------------------------------------------------------------------------
==> trdheim.readme <==
--------------------------------------------------------------------------------
Source: Christian Damhaug (DNR)

Matrix Representation of TRDHEIM, Mesh of the Trondheim Fjord           TRDHEIM 
          4473            82          4391             0             0
PSE                    22098           813         43902             0
(10I8)          (10I8)          

--------------------------------------------------------------------------------
==> Troll.readme <==
--------------------------------------------------------------------------------

Source: Christain Damahug (Det Norske Veritas, Oslo, Norway)

 Matrix Format Converter
 -----------------------

 Total number of nodes ................................... :       72545
 Number of active nodes .................................. :       71151
 Number of external nodes ................................ :           0
 Number of nodes with at least one boundary condition .... :        1394
 Number of nodes with at least one load intensity ........ :           0
 Number of free variables (equations) .................... :      213453

 Number of elements ...................................... :       41084
 Number of material types ................................ :           2
 Maximum number of nodes connected to an element ......... :           8

 Size of complete element node connectivity .............. :      321888
 Size of stripped element node connectivity .............. :      318624
 Size of active adjacency set representation ............. :     1260528
 TIME FOR WRITING MATRIX FORMAT        =     8.8573474884E+00


 = = = = = = = = = = = = = = = = = = = = = = = = =
 = = = Storage Requirement Matrix Convertion = = =
 = = = = = = = = = = = = = = = = = = = = = = = = =

 Total INTEGER workspace need (runtime measure) .......... :     1570220
 Total REAL workspace need (runtime measure) ............. :           0

 Total CPU-time consumption to convert the matrix ........ : 1.10190E+01

 Wall-Clock Time Consumption ............................. : 2.90000E+01

--------------------------------------------------------------------------------
==> tsyl201.readme <==
--------------------------------------------------------------------------------
Source: Christian Damhaug (DNR)

Matrix Representation of TSYL201, part of condeep cylinder              TSYL201 
          5857            97          5760             0             0
PSE                    20685           960         57600             0
(10I8)          (10I8)          

--------------------------------------------------------------------------------
==> X104.readme <==
--------------------------------------------------------------------------------
Source: Chrisitan Damhaug
www.parallab.uib.no/parasol/data.html

We have this matrix available in assembled and element form

Beam joint (SESAM test example no. 104)
Order 108,384
when assembled, entries = 5,138,004
unassembled entries = 7,065,546

DNV-Ex 8 : SESAM test example no 104-1999-01-17                         X104    
       1795848           602         28859       1766387             0
RSE                   108384          6019        288588       7065546          
(10I8)          (10I8)          (3e26.16)"
DNVS,15,"Positive definite matrices from Christian Damhaug, DNV Software. Originally collected by Nick Gould, Yifan Hu, & Jennifer Scott,",https://sparse.tamu.edu/DNVS,structures/materials,structures/materials,1.0,1,structural problem (15),2,real (8); binary (7),1,symmetric (15),18010,224617,12.471793448084398,moderate (4–100×),960946,12387821,square only,15,0,all square matrices symmetric/Hermitian,15,15,8,real only,7,15,one broad domain; mixed matrix forms,"Positive definite matrices from Christian Damhaug, DNV Software.

Originally collected by Nick Gould, Yifan Hu, & Jennifer Scott,
some in unassembled finite-element form (and some in both forms).

(Note: these matrices were previously in the GHS_psdef directory).

NOTE: matrices can have upper-case or lower case matrix-type fields
(rsa or RSA, for example).

--------------------------------------------------------------------------------
==> Fcondp2.readme <==
--------------------------------------------------------------------------------

Source: Christain Damahug (Det Norske Veritas, Oslo, Norway)


 Matrix Format Converter
 -----------------------

 Total number of nodes ................................... :       33913
 Number of active nodes .................................. :       33913
 Number of external nodes ................................ :           0
 Number of nodes with at least one boundary condition .... :         552
 Number of nodes with at least one load intensity ........ :           0
 Number of free variables (equations) .................... :      201822

 Number of elements ...................................... :       35836
 Number of material types ................................ :           1
 Maximum number of nodes connected to an element ......... :           4

 Size of complete element node connectivity .............. :      143344
 Size of stripped element node connectivity .............. :      143344
 Size of active adjacency set representation ............. :      282912
 TIME FOR WRITING MATRIX FORMAT        =     7.7391695976E+00


 = = = = = = = = = = = = = = = = = = = = = = = = =
 = = = Storage Requirement Matrix Convertion = = =
 = = = = = = = = = = = = = = = = = = = = = = = = =

 Total INTEGER workspace need (runtime measure) .......... :     1173274
 Total REAL workspace need (runtime measure) ............. :           0

 Total CPU-time consumption to convert the matrix ........ : 8.89181E+00

 Wall-Clock Time Consumption ............................. : 1.70000E+01

--------------------------------------------------------------------------------
==> Fullb.readme <==
--------------------------------------------------------------------------------

Source: Christain Damahug (Det Norske Veritas, Oslo, Norway)


 Matrix Format Converter
 -----------------------

 Total number of nodes ................................... :       33442
 Number of active nodes .................................. :       33442
 Number of external nodes ................................ :           0
 Number of nodes with at least one boundary condition .... :         586
 Number of nodes with at least one load intensity ........ :           0
 Number of free variables (equations) .................... :      199187

 Number of elements ...................................... :       59738
 Number of material types ................................ :           3
 Maximum number of nodes connected to an element ......... :           4

 Size of complete element node connectivity .............. :      195585
 Size of stripped element node connectivity .............. :      195585
 Size of active adjacency set representation ............. :      294498
 TIME FOR WRITING MATRIX FORMAT        =     1.0402039528E+01


 = = = = = = = = = = = = = = = = = = = = = = = = =
 = = = Storage Requirement Matrix Convertion = = =
 = = = = = = = = = = = = = = = = = = = = = = = = =

 Total INTEGER workspace need (runtime measure) .......... :     1584759
 Total REAL workspace need (runtime measure) ............. :           0

 Total CPU-time consumption to convert the matrix ........ : 1.18173E+01

 Wall-Clock Time Consumption ............................. : 2.90000E+01

--------------------------------------------------------------------------------
==> Halfb.readme <==
--------------------------------------------------------------------------------


Source: Christain Damahug (Det Norske Veritas, Oslo, Norway)


 Matrix Format Converter
 -----------------------

 Total number of nodes ................................... :       38556
 Number of active nodes .................................. :       38556
 Number of external nodes ................................ :           0
 Number of nodes with at least one boundary condition .... :        2470
 Number of nodes with at least one load intensity ........ :           0
 Number of free variables (equations) .................... :      224617

 Number of elements ...................................... :       70211
 Number of material types ................................ :           3
 Maximum number of nodes connected to an element ......... :           4

 Size of complete element node connectivity .............. :      221764
 Size of stripped element node connectivity .............. :      221764
 Size of active adjacency set representation ............. :      321406
 TIME FOR WRITING MATRIX FORMAT        =     1.1791002274E+01


 = = = = = = = = = = = = = = = = = = = = = = = = =
 = = = Storage Requirement Matrix Convertion = = =
 = = = = = = = = = = = = = = = = = = = = = = = = =

 Total INTEGER workspace need (runtime measure) .......... :     1774320
 Total REAL workspace need (runtime measure) ............. :           0

 Total CPU-time consumption to convert the matrix ........ : 1.33733E+01

 Wall-Clock Time Consumption ............................. : 4.20000E+01

--------------------------------------------------------------------------------
==> M_T1.readme <==
--------------------------------------------------------------------------------
Source: Christian Damhaug
www.parallab.uib.no/parasol/data.html

We have this matrix available in assembled and element form

Tubular joint

Order 97,578
when assembled, entries = 4,925,574
unassembled entries = 6,882,780

 DNV-Ex 1 : Tubular joint-1999-01-17                                     M_T1    
       1747955           533         26727       1720695             0
RSE                    97578          5328        267270       6882780          
(10I8)          (10I8)          (3e26.16)                               
            

--------------------------------------------------------------------------------
==> MT1.readme <==
--------------------------------------------------------------------------------
Source: Christian Damhaug

Element Repr of                                                                 
         27260           533         26727             0             0
PSE                    97578          5328        267270             0
(10I8)          (10I8)          

--------------------------------------------------------------------------------
==> SHIP_001.readme <==
--------------------------------------------------------------------------------
Source: Chrisitan Damhaug
www.parallab.uib.no/parasol/data.html

We have this matrix available in assembled and element form

Ship structure, predesign model
Order 34,920
when assembled, entries = 2,339,575
unassembled entries = 3,686,133

DNV-Ex 2 : Ship structure, predesign model-1999-01-17                   SHIP_001
        937389           344         15511        921534             0
RSE                    34920          3431        155106       3686133          
(10I8)          (10I8)          (3e26.16)                               
            

--------------------------------------------------------------------------------
==> SHIP_003.readme <==
--------------------------------------------------------------------------------
Source: Chrisitan Damhaug
www.parallab.uib.no/parasol/data.html

We have this matrix available in assembled and element form

Ship structure from production run
Order 121,728
when assembled, entries = 4,103,881
unassembled entries =9,728,631

            
DNV-Ex 3 : Ship structure from production run-1999-01-17                SHIP_003
       2525272          4547         88317       2432408             0
RSE                   121728         45464        883167       9729631          
(10I8)          (10I8)          (3e26.16)                               

--------------------------------------------------------------------------------
==> SHIPSEC1.readme <==
--------------------------------------------------------------------------------
Source: Chrisitan Damhaug
www.parallab.uib.no/parasol/data.html

We have this matrix available in assembled and element form

Ship section/detail from production run
Order 140,874
when assembled, entries = 3,977,139
unassembled entries = 6,882,780

DNV-Ex 4 : Ship section/detail from production run-1999-01-17           SHIPSEC1
       2237188          4104         78502       2154582             0
RSE                   140874         41037        785016       8618328          
(10I8)          (10I8)          (3e26.16)                               
            

--------------------------------------------------------------------------------
==> SHIPSEC5.readme <==
--------------------------------------------------------------------------------
Source: Chrisitan Damhaug
www.parallab.uib.no/parasol/data.html

We have this matrix available in assembled and element form

Ship section/detail from production run
Order 179,86
when assembled, entries = 6,146,478
unassembled entries = 11,118,602

DNV-PARASOL Ship section 5-1999-01-15                                   Shipsec5
       2885670          5228        100791       2779651             0
RSE                   179860         52272       1007907      11118602          
(10I8)          (10I8)          (4e22.14)                               
            

--------------------------------------------------------------------------------
==> SHIPSEC8.readme <==
--------------------------------------------------------------------------------
Source: Chrisitan Damhaug
www.parallab.uib.no/parasol/data.html

We have this matrix available in assembled and element form

Ship section/detail from production run
Order 114,919
when assembled, entries = 3,384,159
unassembled entries = 7,431,867

DNV-PARASOL Ship section 5-1999-01-15                                   Shipsec5
       2885670          5228        100791       2779651             0
RSE                   179860         52272       1007907      11118602          
(10I8)          (10I8)          (4e22.14)                               
            

--------------------------------------------------------------------------------
==> Thread.readme <==
--------------------------------------------------------------------------------

Source: Christain Damahug (Det Norske Veritas, Oslo, Norway)


 Matrix Format Converter
 -----------------------

 Total number of nodes ................................... :       10008
 Number of active nodes .................................. :        9912
 Number of external nodes ................................ :           0
 Number of nodes with at least one boundary condition .... :          96
 Number of nodes with at least one load intensity ........ :           0
 Number of free variables (equations) .................... :       29736

 Number of elements ...................................... :        2176
 Number of material types ................................ :           1
 Maximum number of nodes connected to an element ......... :          20

 Size of complete element node connectivity .............. :       42080
 Size of stripped element node connectivity .............. :       41888
 Size of active adjacency set representation ............. :      486760
 TIME FOR WRITING MATRIX FORMAT        =     1.0886445045E+00


 = = = = = = = = = = = = = = = = = = = = = = = = =
 = = = Storage Requirement Matrix Convertion = = =
 = = = = = = = = = = = = = = = = = = = = = = = = =

 Total INTEGER workspace need (runtime measure) .......... :      201743
 Total REAL workspace need (runtime measure) ............. :           0

 Total CPU-time consumption to convert the matrix ........ : 1.33817E+00

 Wall-Clock Time Consumption ............................. : 4.00000E+00

--------------------------------------------------------------------------------
==> THREAD.readme <==
--------------------------------------------------------------------------------
Source: Chrisitan Damhaug
www.parallab.uib.no/parasol/data.html

We have this matrix available in assembled and element form

Threaded connector/contact problem
Order 29,736
when assembled, entries = 2,249,892
unassembled entries = 3,718,704

DNV-Ex 7 : Threaded connector/contact problem-1999-01-17                THREAD  
        942461           218         12567        929676             0
RSE                    29736          2176        125664       3718704          
(10I8)          (10I8)          (3e26.16)                               
            

--------------------------------------------------------------------------------
==> trdheim.readme <==
--------------------------------------------------------------------------------
Source: Christian Damhaug (DNR)

Matrix Representation of TRDHEIM, Mesh of the Trondheim Fjord           TRDHEIM 
          4473            82          4391             0             0
PSE                    22098           813         43902             0
(10I8)          (10I8)          

--------------------------------------------------------------------------------
==> Troll.readme <==
--------------------------------------------------------------------------------

Source: Christain Damahug (Det Norske Veritas, Oslo, Norway)

 Matrix Format Converter
 -----------------------

 Total number of nodes ................................... :       72545
 Number of active nodes .................................. :       71151
 Number of external nodes ................................ :           0
 Number of nodes with at least one boundary condition .... :        1394
 Number of nodes with at least one load intensity ........ :           0
 Number of free variables (equations) .................... :      213453

 Number of elements ...................................... :       41084
 Number of material types ................................ :           2
 Maximum number of nodes connected to an element ......... :           8

 Size of complete element node connectivity .............. :      321888
 Size of stripped element node connectivity .............. :      318624
 Size of active adjacency set representation ............. :     1260528
 TIME FOR WRITING MATRIX FORMAT        =     8.8573474884E+00


 = = = = = = = = = = = = = = = = = = = = = = = = =
 = = = Storage Requirement Matrix Convertion = = =
 = = = = = = = = = = = = = = = = = = = = = = = = =

 Total INTEGER workspace need (runtime measure) .......... :     1570220
 Total REAL workspace need (runtime measure) ............. :           0

 Total CPU-time consumption to convert the matrix ........ : 1.10190E+01

 Wall-Clock Time Consumption ............................. : 2.90000E+01

--------------------------------------------------------------------------------
==> tsyl201.readme <==
--------------------------------------------------------------------------------
Source: Christian Damhaug (DNR)

Matrix Representation of TSYL201, part of condeep cylinder              TSYL201 
          5857            97          5760             0             0
PSE                    20685           960         57600             0
(10I8)          (10I8)          

--------------------------------------------------------------------------------
==> X104.readme <==
--------------------------------------------------------------------------------
Source: Chrisitan Damhaug
www.parallab.uib.no/parasol/data.html

We have this matrix available in assembled and element form

Beam joint (SESAM test example no. 104)
Order 108,384
when assembled, entries = 5,138,004
unassembled entries = 7,065,546

DNV-Ex 8 : SESAM test example no 104-1999-01-17                         X104    
       1795848           602         28859       1766387             0
RSE                   108384          6019        288588       7065546          
(10I8)          (10I8)          (3e26.16)"
Bydder,2,"MRI reconstruction matrices from Mark Bydder, UCSD. Note that that A is sparse and rectangular, and b is complex.",https://sparse.tamu.edu/Bydder,imaging/graphics/robotics,imaging/graphics/robotics,1.0,1,computer graphics/vision problem (2),1,real (2),1,rectangular (2),147456,147456,1.0,one size,569160,589824,rectangular only,0,2,N/A (rectangular only),0,0,0,real only,0,2,coherent family/series,"MRI reconstruction matrices from Mark Bydder, UCSD.
Note that that A is sparse and rectangular, and b is complex.
Added March, 2006.

--------------------------------------------------------------------------------
Excerpts of description, from email:
--------------------------------------------------------------------------------

Inside there is a matrix A and a RHS vector b. Usually we want to
solve Ax=b, for example x = lsqr(A,b,0,10) uses conjugate gradient
on the normal equations to give an approximate answer. The data b are
Fourier coefficients at arbitrary locations (in this case, in a spiral
trajectory) and the matrix interpolates these data onto
a regular grid suitable for FFT. So it's like non-uniform FFT.

Please let me know if you find this matrix helpful or want to try some
other (similar) matrices, eg. with radial trajectories.

--------------------------------------------------------------------------------

The matrix I sent derives from a technique called regridding - a process
of interpolating data at arbitrary locations onto an equally spaced grid.

Eg. we sample a function f at two points 0<x,y<1, f(x) = X and f(y) = Y,
then want to estimate the values of f(0) and f(1). Assuming an interpolation
method (say, linear interpolation) we can write

X = (1-x)*f(0) + x*f(1)
Y = (1-y)*f(0) + y*f(1)

So in this case the matrix A = [1-x x;1-y x] and the right hand side is
[X Y].  This is why A is real - it consists of the interpolation
coefficients. The RHS represent the data, which are Fourier domain in MRI
hence complex valued.

For a problem with ~1e5 knowns and unknowns, that we encounter regularly,
finding a feasible solution is computationally intensive. And, like you
noticed, some parts of the solution are very well supported by data while
other parts are supported poorly, due to the variable sampling density.

I've attatched a paper that gives some examples and background.
[See references below]

As far as I know, the only solver that can produce an answer to Ax=b
is lsqr which gives the minimum norm. The other methods in MATLAB fail
in various ways. The min norm solution does appear to be acceptable, insofar
as the resulting images look good. I'd imagine most ""reasonable"" solutions
to Ax=b would also be acceptable although I have no results to support 
this :)

The preference would be for reliable & fast, over a specific type of
norm or metric minimization.

An interesting side issue is brought up in the paper attatched - how to
calculate the sampling density d at the sampling points, ie. how many
data points are there per unit area. The sampling density is widely used
to approximate the min norm solution as x ~ A'*(b./d).

One way to find d is to solve A'*q=ones(n,1), then d = 1./q. This might be
an interesting test problem for someone interested in numerical issues only,
since it does not involve measurement noise.

Well I do hope the info I've given you is useful - I'm more than happy
to provide article references, matrices and data if you decide the matrix is
sufficiently interesting :)

Best wishes,
Mark

--------------------------------------------------------------------------------

for the mri2 matrix:

Please find attatched another MRI matrix A and a RHS vector b.
In case you want to see the end result, these commands will help:

x=lsqr(A,b);
imagesc(abs(fftshift(fft2(reshape(x,384,384)))))

--------------------------------------------------------------------------------

References:  ""On the optimality of the Gridding Reconstruction Algorithm"",
H. Sedarat and D. G. Nishimura, IEEE Trans. Medical Imaging, vol 19, no 4,
pp. 306-317, 2000."
Engwirda,1,Unstructured 2D mesh (an airfoil) from Darren Engwirda. Includes coordinates of the mesh. Used in a Navier-Stokes solver.,https://sparse.tamu.edu/Engwirda,fluids/transport,fluids/transport,1.0,1,computational fluid dynamics problem (1),1,real (1),1,unsymmetric (1),14214,14214,1.0,one size,259688,259688,square only,1,0,no square matrix exactly symmetric/Hermitian,0,0,0,real only,0,1,single matrix,"Unstructured 2D mesh (an airfoil) from Darren Engwirda.
Includes coordinates of the mesh.  Used in a Navier-Stokes solver.
Added March, 2006.

Try this in MATLAB:

A = Problem.A ;
p = Problem.coord ;
t = Problem.t ;
n = size (A,1) ;
b = ones (n,1) ;
x = A\\b ;
gplot(A,p) ;
trimesh (t, p(:,1), p(:,2), x) ;"
IBM_EDA,7,"Circuit simulation matrices from Tim Lehner, IBM EDA. Added March, 2006.",https://sparse.tamu.edu/IBM_EDA,electrical/circuit/device,electrical/circuit/device,1.0,1,circuit simulation problem (7),1,real (7),1,unsymmetric (7),49702,116835,2.3507102329886123,narrow (≤4×),332807,766396,square only,7,0,no square matrix exactly symmetric/Hermitian,0,0,0,real only,0,0,coherent family/series,"Circuit simulation matrices from Tim Lehner, IBM EDA.
Added March, 2006.

The dc* matrices are DC operating point problems, and the trans* matrices
are transient simluations.  All come from the same circuit.  As in most
circuit matrices, these matrices are permutable into block triangular form,
and the also have a few dense rows/columns (normally from voltage and
current sources).

Tim Lehner
Circuit Simulation, EDA
IBM Systems and Technology Group
USmail: IBM Corporation, M/S 2A1, Bldg 334, 2070 Route 52, Hopewell
Junction, NY 12533"
Morandini,3,"Multibody simulation problems from Marco Morandini. Added March, 2006.",https://sparse.tamu.edu/Morandini,imaging/graphics/robotics; structures/materials,structures/materials,0.6666666666666666,2,structural problem (2); robotics problem (1),1,real (3),1,unsymmetric (3),100,791,7.91,moderate (4–100×),708,10685,square only,3,0,no square matrix exactly symmetric/Hermitian,0,0,0,real only,0,3,multi-domain/mixed,"Multibody simulation problems from Marco Morandini.
Added March, 2006."
Kemelmacher,1,"Computer vision problem from Ira Kemelmacher, Weizmann Inst., Israel. Identifying 3D objects.",https://sparse.tamu.edu/Kemelmacher,imaging/graphics/robotics,imaging/graphics/robotics,1.0,1,computer graphics/vision problem (1),1,real (1),1,rectangular (1),28452,28452,1.0,one size,100875,100875,rectangular only,0,1,N/A (rectangular only),0,0,0,real only,0,1,single matrix,"Computer vision problem from Ira Kemelmacher, Weizmann Inst., Israel.
Identifying 3D objects.
Added March, 2006.

""Indexing with unknown illumination and pose"", Proc. 2005 IEEE Computer Soc.
Conference on COmputer Vision and Pattern Recognition (CVPR05), 2005."
Toledo,1,"Null space problem, computer graphics domain. Matrices from Sivan Toledo. Matrix from Sivan Toledo.",https://sparse.tamu.edu/Toledo,mathematics/statistics,mathematics/statistics,1.0,1,counter-example problem (1),1,real (1),1,rectangular (1),68600,68600,1.0,one size,247424,247424,rectangular only,0,1,N/A (rectangular only),0,0,0,real only,0,0,single matrix,"Null space problem, computer graphics domain.  Matrices from Sivan Toledo.

Matrix from Sivan Toledo.  

deltaX:  Strict partial pivoting is required for this rectangular matrix
    (for computing the null space of a matrix using a variant of inverse
    iteration).  Contributed by Sivan Toledo.  Originally from Craig Gotsman.
    Comes from some kind of graphics problem.  The matrix is 68,600 -by-
    21,961.  The first 767 rows are very dense.  If S = A (1:767,:),
    then S'*S and A'*A have the same nonzero pattern.  If the matrix
    C=E*A, where e = sum(abs(A),2) ; e = 1./e ; E = spdiags(e,0,n,n) ;
    is factorized, then [L,U,P,Q]=lu(C) still fails, but it gets a lot
    farther.  UMFPACK computes L and U but runs out of memory when converting
    L and U into MATLAB sparse matrices.  UMFPACK fails internally when
    factorizing the unscaled matrix."
VanVelzen,10,"Chemical process simulation matrices from Nils van Velzen, VORtech Computing. Added March, 2006.",https://sparse.tamu.edu/VanVelzen,chemistry/biology,chemistry/biology,1.0,1,chemical process simulation problem (10),1,real (10),1,unsymmetric (10),21982,22835,1.0388044763897735,narrow (≤4×),498771,1915726,square only,10,0,no square matrix exactly symmetric/Hermitian,0,0,0,real only,0,0,coherent family/series,"Chemical process simulation matrices from Nils van Velzen, VORtech Computing.
Added March, 2006.

These require a Dulmage-Mendelsohn decomposition (see cs_dmperm in CSparse).
Since UMFPACK v4.6 does not include a dmperm preordering, the fillin can
be higher than it should be.

--------------------------------------------------------------------------------
Email from Nils van Velzen:
--------------------------------------------------------------------------------

I'm using UMFPACK for some time as part of a nonlinear solver, that is
used to solve large systems of nonlinear equations (production of
ethylene). Before we used UMFPACK, we first applied a lower block
decomposition where after we permuted the diagonal blocks in order to
minimise the bandwidth and used an lu-decomposition that only permuted
for numerical stability. When the model became more complex it became
harder to keep the bandtwidht small and UMFPACK decreased the
computational speed up to a factor 40.

I have however a number of cases where UMFPACK performs significally
worst than a LU-decomposition without a reordering strategy (except
for numerical stability). The difference is over a factor 4 and I have
a case I cannot solve using UMFPACK due to an allocation error.

I do not think that this is a ""bug"", and I've found a good strategy
for selecting between UMFPACK and my old decomposition algorithm,  but
I wonder whether you are interested in these test cases.

If you are interested, please let my know, the matrices are approx 6 MB
each.

Kind regards,

Nils van Velzen
Numerical Software Engineer,
VORtech Computing,
The Netherlands
nils at vortech dot (country code for The Netherlands)

--------------------------------------------------------------------------------

My intention is to use it only for the diagonal blocks. I know I take
a risk, where I create in theory a numerical singular matrix, but this
has never happened. There are still a number of things I have to
figure out before I can use UMFPACK on all the diagonal elements. The
structure of our system is that we have one very large diagonal block
and all large number
of relative small blocks. In my current implementation I only use
UMFPACK for the largest diagonal block, and my ""old"" solver for the
other blocks. And this works very fine for the time being.  There are
two issues I have to investigate first before applying UMFPACK for all
diagonal blocks (at ones), and maybe you know the answers by hart.

1) Does the AMD/UMFPACK reordering preserve the diagonal blocks, that
means does it only permute within the blocks. because I'd like to
apply it to the diagonal blocks using a single call (decomposing the
blocks one at a time will destroy the performance, I've already tried
this a few years ago when I experimented combining different solvers)
2) I have to figure out the data structures (LU-decomposition) of
UMFPACK because I have to program my back-substitution for my lower
block matrix and LU-decomposition of the diagonal blocks.

I'll collect a number of my linear systems (that cause problems) and
will upload them to you including a readme-file explaining the format.

Kind regards,
Nils van Velzen.

--------------------------------------------------------------------------------

   Hi,
   A number of test matrices that are hard (in the sense of computational time)
   to solve by UMFPACK + additional information.
   Uploading them all at onces did not work. Therefore I'll try to send it in
   small bits. The first part contains the most relevant information. (matrices
   only containing the diagonal blocks)  The other parts will contain the ""full""
   matrices before block decomposition.
   (see info in tar.gz-file)

--------------------------------------------------------------------------------

   part 2: the complete Jacobians of Zd.

--------------------------------------------------------------------------------

   part 3: the complete Jacobians of std1.

--------------------------------------------------------------------------------
Description of the matrices, and results:
--------------------------------------------------------------------------------

Matrices that are ""hard"" to solve using UMFPACK.

The directories contains (Jacobian) matrices of two models:
*std1
*Zd

The number in the filename corresponds to the iteration number of the
non-linear solver. 

Jac<n> contains the whole Jacobian matrix
Jac<n>_db  only contains the diagonal blocks (lower block triangularisation)


For both models, UMFPACK performs relativly good for the second iteration.
As a result of the initial guess. The sparsity pattern changes slightly during
the first few iterations.

At the third iteration however UMFPACK is significally slower than an
LU-decomposition without ordering.
As an indication I present a number of test results (note UMFPACK is approx a
factor 1.5 faster when using blas of K. Goto, but these results using
imsl-BLAS were the most easy to produce and the exact timings are not
relevent):

Times in seconds, computing lu-decomposition of diagonal blocks
(symbolic+numeric step for UMFPACK), using Win XP, Pentium IV, 3.4 GHz,
1Gb Ram.


                      normal LU           UMFPACK
model   iteration    cpu     wall      cpu      wall

std1     2,        2.219,   2.219,   2.500,   2.516
std1     3,        2.266,   2.266,  34.547,  34.594
Zd2      2,        3.859,   3.860,   3.594,   3.593
Zd2      3,        3.969,   3.985,  32.766,  32.828
Zd2      6,        3.359,   3.359,  29.797,  29.797


Nils van Velzen
VORtech Computing 
The Netherlands

Marco van Goethem
Technip Benulux b.v.
The Netherlands
mvangoethem at technip
dot com"
Lourakis,1,"3D vision matrices, M. Lourakis, Foundation for Research & Technology - Hellas. Inst. of Computer Science",https://sparse.tamu.edu/Lourakis,imaging/graphics/robotics,imaging/graphics/robotics,1.0,1,computer graphics/vision problem (1),1,real (1),1,symmetric (1),10581,10581,1.0,one size,770811,770811,square only,1,0,all square matrices symmetric/Hermitian,1,1,1,real only,0,1,single matrix,"3D vision matrices, M. Lourakis, Foundation for Research & Technology - Hellas.

Inst. of Computer Science
Foundation for Research & Technology - Hellas
PO Box 1385
Heraklion, Crete, GR-711 10 GREECE

http://www.ics.forth.gr/~lourakis
http://www.ics.forth.gr/~lourakis/sba

SBA: A Generic Sparse Bundle Adjustment C/C++ Package based on the
Levenberg-Marquardt Algorithm."
PARSEC,21,"PARSEC matrices, density functional theory. Zhou, Saad, Tiago, Chelikowsky, UMN. ------------------------------------------------------------------",https://sparse.tamu.edu/PARSEC,chemistry/biology,chemistry/biology,1.0,1,theoretical/quantum chemistry problem (21),1,real (21),1,symmetric (21),769,268096,348.629388816645,wide (>100×),17801,18488476,square only,21,0,all square matrices symmetric/Hermitian,21,21,0,real only,0,0,coherent family/series,"PARSEC matrices, density functional theory. Zhou, Saad, Tiago, Chelikowsky, UMN.

------------------------------------------------------------------
 Yunkai Zhou
 Dept. of Computer Science & Eng.   http://www.cs.umn.edu/~yunkai
 University of Minnesota            fax:   612-625-0572
 200 Union St. SE.                  phone: 612-203-1816 (cell)
 Minneapolis, MN 55455              email: (first name) at the domain cs.umn.edu
------------------------------------------------------------------

The matrices I am trying to submit are from symmetric eigenvalue
problems in density functional theory calculations.

The matrices are sparse, indefinite, with multiple and clustered
eigenvalues---typical character of Hamiltonian matrices from the
Kohn-Sham equations.

Sparsity structures of the matrices may be viewed at
http://www-users.cs.umn.edu/~yunkai/matrices/
One can see very nice, kind of self-similar (fractal) sparsity
structures if using higher resolution for the plots.

------------------------------------------------------------------

Contributors:
Yunkai Zhou, Yousef Saad, Murilo L. Tiago and James R. Chelikowsky.
------------------------------------------------------------------

The matrices are obtained using the PARSEC package.

PARSEC is a FORTRAN90 package in density functional theory (DFT)
calculations, it implements the real-space pseudopotential method
(e.g. [1,2]). High order centered finite difference schemes are used
for the discretization of the Laplacian in the Kohn-Sham equations.
PARSEC is developed by a research group lead by Prof. J. R.
Chelikowsky and Prof. Y. Saad.

The Hamiltonian matrices are constructed when self-consistency
in the self-consistent loop is reached.

Some of the matrices have been used in [3, 4].

[1] @Article{cts:94,
  author =	 {J. R. Chelikowsky and N. Troullier and Y. Saad},
  title =	 {Finite-difference-pseudopotential method: Electronic
                  structure calculations without a basis},
  journal =	 {Phys. Rev. Lett.},
  year =	 1994,
  volume =	 72,
  pages =	 {1240-1243}
}

[2] @Article{che-PDFM00,
  author =	 {J.R. Chelikowsky},
  title =	 {The Pseudopotential-Density Functional Method
                  Applied to Nanostructures},
  journal =	 {J. Phys. D: Appl. Phys.},
  year =	 2000,
  volume =	 33,
  pages =	 {R33--R50}
}

[3] @TechReport{chebdav,
  author =	 {Y. Zhou and Y. Saad},
  title =	 {A {Chebyshev-Davidson} Algorithm for Large
                  Symmetric Eigenvalue Problems},
  institution =	 {Minnesota Supercomputing Institute, Univ. of
                  Minnesota},
  year =	 {2005},
}

[4] @TechReport{blkchebdav,
  author =	 {Y. Zhou},
  title =	 {Block-wise Polynomial Filtered {Davidson}-type
                  Subspace Iteration},
  institution =	 {Minnesota Supercomputing Institute, Univ. of
                  Minnesota},
  year =	 {2005},
}


======================================================================"
Andrianov,16,"Matrices from Alexander Andrianov, SAS Institute Inc.",https://sparse.tamu.edu/Andrianov,optimization/control,optimization/control,1.0,1,optimization problem (16),1,binary (16),1,symmetric (16),5026,534388,106.32471150019896,wide (>100×),94026,10352819,square only,16,0,all square matrices symmetric/Hermitian,16,16,0,real only,16,0,coherent family/series,"Matrices from Alexander Andrianov, SAS Institute Inc."
MKS,1,"2-D Fokker Planck equations, electron dynamics. Dan Smith, MKS Inst.",https://sparse.tamu.edu/MKS,electromagnetics/acoustics,electromagnetics/acoustics,1.0,1,electromagnetics problem (1),1,real (1),1,unsymmetric (1),7548,7548,1.0,one size,834222,834222,square only,1,0,no square matrix exactly symmetric/Hermitian,0,0,0,real only,0,1,single matrix,"2-D Fokker Planck equations, electron dynamics. Dan Smith, MKS Inst."
Raju,1,"3D laminar flow, M. Raju, Case Western Univ. A finite element discretization (u,v,w,p) of 3D laminar",https://sparse.tamu.edu/Raju,fluids/transport,fluids/transport,1.0,1,computational fluid dynamics problem (1),1,real (1),1,unsymmetric (1),67173,67173,1.0,one size,3788857,3788857,square only,1,0,no square matrix exactly symmetric/Hermitian,0,0,0,real only,0,1,single matrix,"3D laminar flow,  M. Raju, Case Western Univ.

A finite element discretization (u,v,w,p) of 3D laminar
flow in a duct. Mesh size is 50x30x10."
Bates,3,"Statistical matrices, D. Bates, Univ. Wisconsin",https://sparse.tamu.edu/Bates,mathematics/statistics; other,mathematics/statistics,0.6666666666666666,2,statistical/mathematical problem (2); least squares problem (1),2,real (2); binary (1),2,rectangular (2); symmetric (1),2541,1748122,687.9661550570642,wide (>100×),7361,6804304,mixed,1,2,all square matrices symmetric/Hermitian,1,1,1,real only,1,0,multi-domain/mixed,"Statistical matrices, D. Bates, Univ. Wisconsin
http://www.stat.wisc.edu/~bates

---------------
Chem* matrices:
---------------

There will be no fill-in regardless of the ordering and it is even the case
that the inverse has the same pattern of nonzeros as the original L factor.

To explain why this happens it may be best if I explain what ""nested grouping
factors"" means.  In the Chem97 example in that writeup I sent the matrix Zt is
generated according to the school and the lea (local education authority - the
British equivalent of a school district) that the student was in when they took
the exam.  The rows of Zt correspond to schools and to lea's.  The rows
correspond to students.  The ""grouping factors"" are school and lea.  We say
that school is nested within lea in the sense that each school occurs in one
and only one lea.  This is in contrast to the other example using the ""star""
data where the grouping factors are student, teacher and school.  Multiple
observations on the same student are often with different teachers so student
is not nested within teacher.

Returning to the Chem97 example, the Zt matrix for this model is an indicator
matrix of the school for each student vertically concatenated with the
indicator matrix of the lea for each student.  The structure of Zt (Zt)' has
a diagonal block corresponding to schools, a diagonal block corresponding to
lea's and the off-diagonal block.  The point is that there is exactly one
nonzero in each column of the off-diagonal block in the lower-left.

The way I would reorder these columns and rows to show the structure would be
to put all the schools associated with the first lea followed by the first lea
followed by all the schools associated with the second lea followed by the
second lea ...  Then the L matrix will be block diagonal with each block
corresponding to an lea.  Within each block the structure is a diagonal matrix
in the first k-1 rows and columns and a dense row underneath it.

By the way, don't try to decompose ZtZ as it is only positive semidefinite.
The matrix that is decomposed is ZtZ + Omega where Omega is diagonal with the
diagonal consisting of 2410 elements of 4.419696 (corresponding to schools) and
131 elements of 349.0238 (corresponding to lea's).

---------------
sls matrix:
---------------

The data are 10 years of grade point scores at a large state
university (not mine).  The covariates that are recorded with the
scores are the student id, the instructor id and the department.

Number of obs: 1685394, groups: id, 54711; instr, 7915; dept, 102

Even though these scores are from different semesters and one of the
questions of interest is whether grade inflation has taken place,
initially I fit a simple model that has an effect for the student, an
effect for the instructor and an effect for the department.  There is
also an overall average gradepoint.  The overall average is what we
call a fixed effect. In computations terms this means it is estimated
without a penalty. The other effects are what we call random effects.
In terms of parameters we estimate a variance for each group of random
effects (student, instructor and department).  We assume that the
random effects come from a normal (or Gaussian) distribution, which
has the effect of shrinking the estimates of the individual effects
towards the origin.  If the variance of that distribution is large,
there is little penalty and the estimates for each of the students or
each of the instructors or each of the departments is close to the
least squares estimate.  If the variance is small then they are much
closer to zero.

Overall we will estimate 3 variances, 1 fixed-effect and 62728 = 54711
+ 7915 + 102 random effects. The matrix we will decompose will be
62729 columns (the last column comes from the fixed-effect) and
1685394 + 62728 rows.  The 62728 rows come from the penalty part and
consist of an identity matrix of size 62728 with a column of zeros
appended on the right.  The rows determined by the data (I think of
these as being the top part of the matrix but it doesn't matter if
they are on the top or the bottom) consist of 54711 columns of
indicators for the student followed by 7915 columns of indicators for
the instructor followed by 102 columns of indicators for the
department followed by a column of 1's.  In general we will have
columns for random effects followed by columns for fixed effects.
Here the fixed-effects column is trivial but in general we may have
more than 1 and they don't have to be as trivial as this.

At least as far as I have been able to analyze the computation, I can
allow for permutations of the columns for the random effects but I
don't want to mix up the columns for the random effects and the
columns for the fixed effects. I always want to keep the columns for
the fixed effects as a block on the right. (Usually these columns are
dense or close to it so it isn't a problem to force them to be on the
right.) The reason is that I need the logarithm of the square of the
determinant of the triangular factor from the random effects columns
only.

During the optimization phase we fix values of the three variances,
update the numeric values in the matrix, decompose, calculate the
determinant of the leading part of the triangular factor, and evaluate
the penalized residual sum of squares.  The logarithm of the
determinant and the penalized residual sum of squares are combined to
create a criterion called the profiled log-likelihood which is to be
maximized

The update operation changes the numerical values of the
data-determined part according to three multipliers.  The first
multiplier is applied to the first 54711 columns, the next multiplier
is applied to the next 7915 columns and the last multiplier is applied
to the next 102 columns.  The last column stays fixed.

We start from the factors for the student, instructor and department
then generate the indicators to form Z.  The factors can be
represented as integers and the response is a grade point score
(allowed to be half integers)."
Schmid,2,"Unstructured FEM, steady state thermal problem. D. Schmid, Univ. Oslo See  for more details. See also:",https://sparse.tamu.edu/Schmid,generic spatial PDE/thermal,generic spatial PDE/thermal,1.0,1,thermal problem (2),1,real (2),1,symmetric (2),82654,1228045,14.857659641396666,moderate (4–100×),574458,8580313,square only,2,0,all square matrices symmetric/Hermitian,2,2,2,real only,0,2,coherent family/series,"Unstructured FEM, steady state thermal problem. D. Schmid, Univ. Oslo

See http://www.milamin.org for more details. See also:

Dabrowski, M., M. Krotkiewski, and D. W. Schmid (2008), MILAMIN: MATLAB-based
finite element method solver for large problems, Geochem. Geophys. Geosyst., 9,
Q04030, doi:10.1029/2007GC001719."
Bindel,6,"Coupled linear thermoeslasticity equations. D Bindel, UC Berkeley",https://sparse.tamu.edu/Bindel,generic spatial PDE/thermal,generic spatial PDE/thermal,1.0,1,thermal problem (6),2,real (4); complex (2),2,unsymmetric (4); symmetric (2),10605,10605,1.0,one size,144579,522387,square only,6,0,mixed among square matrices,2,2,2,real + complex,0,6,one broad domain; mixed matrix forms,"Coupled linear thermoeslasticity equations. D Bindel, UC Berkeley"
Koutsovasilis,2,"Symmetric indefinite matrix from P. Koutsovasilis, Tech. Univ. Dresden",https://sparse.tamu.edu/Koutsovasilis,structures/materials,structures/materials,1.0,1,structural problem (2),1,real (2),1,symmetric (2),71505,343791,4.807929515418502,moderate (4–100×),5294285,26837113,square only,2,0,all square matrices symmetric/Hermitian,2,2,0,real only,0,2,coherent family/series,"Symmetric indefinite matrix from P. Koutsovasilis, Tech. Univ. Dresden"
AMD,2,"Circuit simulation matrices from Ufuk Okuyucu, AMD, Inc.",https://sparse.tamu.edu/AMD,electrical/circuit/device,electrical/circuit/device,1.0,1,circuit simulation problem (2),1,real (2),1,symmetric (2),150102,1585478,10.562670717245606,moderate (4–100×),726674,7660826,square only,2,0,all square matrices symmetric/Hermitian,2,2,2,real only,0,0,coherent family/series,"Circuit simulation matrices from Ufuk Okuyucu, AMD, Inc."
Pajek,76,"Pajek data sets, V. Batagelj and A. Mrvar. Pajek data sets, from",https://sparse.tamu.edu/Pajek,graph/network data,graph/network data,1.0,8,directed graph (28); undirected graph (13); directed weighted graph (11); directed multigraph (11); undirected weighted graph (7); bipartite graph (3); weighted bipartite graph (2); undirected multigraph (1),3,binary (44); integer (28); real (4),3,unsymmetric (49); symmetric (22); rectangular (5),10,3774768,377476.8,wide (>100×),29,14970767,mixed,71,5,mixed among square matrices,22,22,1,real only,44,0,one broad domain; mixed matrix forms,"Pajek data sets, V. Batagelj and A. Mrvar.

Pajek data sets, from http://vlado.fmf.uni-lj.si/pub/networks/data/,
Vladimir Batagelj and Andrej Mrvar (2006): Pajek datasets.  If the source of
the data set is not specified otherwise,  these data sets are licensed under a
Creative Commons Attribution-NonCommercial-ShareAlike 2.5 License.

Converted to sparse adjacency matrix format by Tim Davis, October 2006.
A(i,j) is the edge from node i to node j in the graph.  If a graph is not
listed as weighted, and yet has non-binary entries, then the entry a(i,j)
reflects the number of edges (i,j) in the original data (the graph is a
multigraph).  In some cases, it was clear that the extra entries were
duplicates, and the graph should not be a multigraph (problems GD97, EAT_RS,
and patents).

All data was converted without loss of information, except where intentional.
Details are given below.

The largest graph is ""patents"", with over 3.7 million nodes and nearly
15 million entries.

""Pajek"" is Slovenian for ""spider"" and is roughly pronounced ""Pie yeck"".

The Pajek networks are all 1-based (nodes are numbered starting at node 1).
Some networks when included in the Pajek Dataset were converted from 0-based
to 1-based.  This was done by renaming node 0 as a new node n, and leaving
all other nodes unchanged.  This differs from the MATLAB convention, which
is to add 1 to all row/column indices.  This conversion was left as-is
(networks: USpowerGrid, EPA, and Kleinberg) when included in the UF
Sparse Matrix Collection.

Remember that in MATLAB, A(i,:) is slow to compute; A(:,i) is much faster.  If
you want row i of a sparse matrix, access the ith column of the transpose
instead.


================================================================================
Summary:
================================================================================

CSphd:		PhD's in computer science
		1882-by-1882 with 1740 nonzeros
		kind: directed graph with auxiliary node data

California:	Kleinberg's web search of ""California""
		9664-by-9664 with 16150 nonzeros
		kind: directed graph

Cities:		www.lboro.ac.uk/gawc, data set 6
		55-by-46 with 1342 nonzeros
		kind: weighted bipartite graph with auxiliary node data

EAT_RS:		Edinburgh Associative Thesaurus (response-stimulus)
		23219-by-23219 with 325592 nonzeros
		kind: directed weighted graph

EAT_SR:		Edinburgh Associative Thesaurus (stimulus-response)
		23219-by-23219 with 325589 nonzeros
		kind: directed weighted graph

EPA:		Kleinberg, pages linking to www.epa.gov
		4772-by-4772 with 8965 nonzeros
		kind: directed graph

EVA:		EVA, corporate inter-relationships
		8497-by-8497 with 6726 nonzeros
		kind: directed graph

Erdos02:	Erdos collaboration network
		6927-by-6927 with 16944 nonzeros
		kind: undirected graph

Erdos971:	Erdos collaboration network
		472-by-472 with 2628 nonzeros
		kind: undirected graph

Erdos972:	Erdos collaboration network
		5488-by-5488 with 14170 nonzeros
		kind: undirected graph with auxiliary node data

Erdos981:	Erdos collaboration network
		485-by-485 with 2762 nonzeros
		kind: undirected graph

Erdos982:	Erdos collaboration network
		5822-by-5822 with 14750 nonzeros
		kind: undirected graph with auxiliary node data

Erdos991:	Erdos collaboration network
		492-by-492 with 2834 nonzeros
		kind: undirected graph

Erdos992:	Erdos collaboration network
		6100-by-6100 with 15030 nonzeros
		kind: undirected graph with auxiliary node data

FA:		USF Free (word) Association Norms
		10617-by-10617 with 72176 nonzeros
		kind: directed weighted graph with auxiliary node data

GD00_a:		Graph Drawing contest 2000
		352-by-352 with 458 nonzeros
		kind: directed graph

GD00_c:		Graph Drawing contest 2000
		638-by-638 with 1041 nonzeros
		kind: directed multigraph

GD01_A:		Graph Drawing contest 2001
		953-by-953 with 645 nonzeros
		kind: directed multigraph

GD01_a:		Graph Drawing contest 2000
		311-by-311 with 645 nonzeros
		kind: directed weighted graph

GD01_b:		Graph Drawing contest 2001
		18-by-18 with 37 nonzeros
		kind: directed graph

GD01_c:		Graph Drawing contest 2001
		33-by-33 with 135 nonzeros
		kind: directed multigraph with auxiliary node data

GD02_a:		Graph Drawing contest 2002
		23-by-23 with 87 nonzeros
		kind: directed graph

GD02_b:		Graph Drawing contest 2002
		80-by-80 with 232 nonzeros
		kind: directed graph

GD06_Java:	Graph Drawing contest 2006
		1538-by-1538 with 8032 nonzeros
		kind: directed graph

GD06_theory:	Graph Drawing contest 2006
		101-by-101 with 380 nonzeros
		kind: undirected graph

GD95_a:		Graph Drawing contest 1995
		36-by-36 with 57 nonzeros
		kind: directed graph

GD95_b:		Graph Drawing contest 1995
		73-by-73 with 96 nonzeros
		kind: directed graph

GD95_c:		Graph Drawing contest 1995
		62-by-62 with 287 nonzeros
		kind: directed graph

GD96_a:		Graph Drawing contest 1996
		1096-by-1096 with 1677 nonzeros
		kind: directed multigraph

GD96_b:		Graph Drawing contest 1996
		111-by-111 with 193 nonzeros
		kind: directed graph

GD96_c:		Graph Drawing contest 1996
		65-by-65 with 250 nonzeros
		kind: undirected graph

GD96_d:		Graph Drawing contest 1996
		180-by-180 with 229 nonzeros
		kind: directed graph

GD97_a:		Graph Drawing contest 1997
		84-by-84 with 332 nonzeros
		kind: directed graph

GD97_b:		Graph Drawing contest 1997
		47-by-47 with 264 nonzeros
		kind: undirected weighted graph

GD97_c:		Graph Drawing contest 1997
		452-by-452 with 460 nonzeros
		kind: directed multigraph

GD98_a:		Graph Drawing contest 1998
		38-by-38 with 50 nonzeros
		kind: directed graph

GD98_b:		Graph Drawing contest 1998
		121-by-121 with 207 nonzeros
		kind: directed graph

GD98_c:		Graph Drawing contest 1998
		112-by-112 with 336 nonzeros
		kind: undirected graph

GD99_b:		Graph Drawing contest 1999
		64-by-64 with 252 nonzeros
		kind: undirected multigraph

GD99_c:		Graph Drawing contest 1999
		105-by-105 with 149 nonzeros
		kind: directed graph with auxiliary node data

GlossGT:	graph and digraph glossary
		72-by-72 with 122 nonzeros
		kind: directed graph

HEP-th-new:	High Energy Physics literature
		27770-by-27770 with 352807 nonzeros
		kind: directed graph with auxiliary node data

HEP-th:		High Energy Physics literature
		27240-by-27240 with 342437 nonzeros
		kind: directed graph

IMDB:		IMDB movie/actor network, www.imdb.com
		428440-by-896308 with 3782463 nonzeros
		kind: bipartite graph with auxiliary node data

Journals:	Slovenian journals 1999-2000
		124-by-124 with 12068 nonzeros
		kind: undirected weighted graph with auxiliary node data

Kohonen:	Kohonen citation network
		4470-by-4470 with 12731 nonzeros
		kind: directed graph with auxiliary node data

Lederberg:	Lederberg citation network
		8843-by-8843 with 41601 nonzeros
		kind: directed multigraph with auxiliary node data

NotreDame_actors:	Barabasi's actor network (of www.imdb.com)
		392400-by-127823 with 1470404 nonzeros
		kind: bipartite multigraph

NotreDame_www:	Barabasi's web page network of nd.edu
		325729-by-325729 with 929849 nonzeros
		kind: directed graph

NotreDame_yeast:	Barabasi's yeast protein interaction
		2114-by-2114 with 4480 nonzeros
		kind: undirected graph

ODLIS:		online dictionary of library & inf. sci
		2909-by-2909 with 18246 nonzeros
		kind: directed multigraph

Ragusa16:	Ragusa set
		24-by-24 with 81 nonzeros
		kind: directed weighted graph

Ragusa18:	Ragusa set
		23-by-23 with 64 nonzeros
		kind: directed weighted graph

Reuters911:	Reuters news, Sept 11 to Nov 15, 2001
		13332-by-13332 with 296076 nonzeros
		kind: temporal undirected weighted graph

Roget:		Roget's Thesaurus, 1879
		1022-by-1022 with 5075 nonzeros
		kind: directed graph

Sandi_authors:	Klavzar bibliography
		86-by-86 with 248 nonzeros
		kind: undirected weighted graph

Sandi_sandi:	Klavzar bibliography
		314-by-360 with 613 nonzeros
		kind: bipartite graph

SciMet:		SciMet citation network
		3084-by-3084 with 10413 nonzeros
		kind: directed multigraph with auxiliary node data

SmaGri:		SmaGri citation network
		1059-by-1059 with 4919 nonzeros
		kind: directed multigraph with auxiliary node data

SmallW:		SmallW citation network
		396-by-396 with 994 nonzeros
		kind: directed multigraph with auxiliary node data

Stranke94:	Slovene Parliamentary Parties 1994
		10-by-10 with 90 nonzeros
		kind: undirected weighted graph

Tina_AskCal:	student govt, Univ. Ljubljana, 1992 (ask opin., recall)
		11-by-11 with 29 nonzeros
		kind: directed graph

Tina_AskCog:	student govt, Univ. Ljubljana, 1992 (ask, recognized)
		11-by-11 with 36 nonzeros
		kind: directed graph

Tina_DisCal:	student govt, Univ. Ljubljana, 1992 (discuss, recall)
		11-by-11 with 41 nonzeros
		kind: directed graph

Tina_DisCog:	student govt, Univ. Ljubljana, 1992 (discuss, recog.)
		11-by-11 with 48 nonzeros
		kind: directed graph

USAir97:	US Air flights, 1997
		332-by-332 with 4252 nonzeros
		kind: undirected weighted graph

USpowerGrid:	US power grid
		4941-by-4941 with 13188 nonzeros
		kind: undirected multigraph

Wordnet3:	Wordnet3 dictionary network
		82670-by-82670 with 132964 nonzeros
		kind: directed weighted graph with auxiliary node data

WorldCities:	world city network
		315-by-100 with 7518 nonzeros
		kind: weighted bipartite graph with auxiliary node data

Zewail:		Zewail citation network
		6752-by-6752 with 54233 nonzeros
		kind: directed multigraph with auxiliary node data

dictionary28:	dictionary
		52652-by-52652 with 178076 nonzeros
		kind: undirected graph

divorce:	divorce laws in the 50 US states
		50-by-9 with 225 nonzeros
		kind: bipartite graph

foldoc:		free on-line dictionary of computing
		13356-by-13356 with 120238 nonzeros
		kind: directed weighted graph

football:	World Soccer, Paris 1998
		35-by-35 with 118 nonzeros
		kind: directed weighted graph

geom:		collaboration in computational geometry
		7343-by-7343 with 23796 nonzeros
		kind: undirected weighted graph

internet:	connectivity of internet routers
		124651-by-124651 with 207214 nonzeros
		kind: directed weighted graph

patents:	NBER US Patent Citations, 1963-1999, cites 1975-1999
		3774768-by-3774768 with 14970767 nonzeros
		kind: directed graph with auxiliary node data

patents_main:	main NBER US Patent Citations, 1963-1999, cites 1975-1999
		240547-by-240547 with 560943 nonzeros
		kind: directed weighted graph with auxiliary node data

yeast:		yeast protein interaction network
		2361-by-2361 with 13828 nonzeros
		kind: undirected graph with auxiliary node data



================================================================================
==> Citations/Cite2001.txt <==
================================================================================

Citation networks

Graph Drawing 2001 Contest - Graph A Graph Drawing 2001

Contest task description for Graph A.  Graph A in Pajek's format.  Selected
citation networks from Garfield's collection Citation networks in Pajek's
format obtained from the Garfield's collection of citation network datasets
produced using HistCite software. All of these networks are the result of
searches in the WebofScience and are used with the permission of ISI of
Philadelphia. Please acknowledge this when publishing results based on these
data.

    SmallW: Papers that cite S Milgram's 1967 Psychology Today paper or use
    Small World in title, Tue Jul 23 13:35:11 2002

    SmaGri: Citations to Small & Griffith and Descendants, Thu Nov 8 10:40:55
    2001        

    SciMet: Articles from or citing Scientometrics, 1978-2000, Wed Jun
    12 16:39:51 2002   

    Kohonen: Articles with topic ""self-organizing maps""
    or references to ""Kohonen T"", Tue Jun 18 10:39:51 2002

    Zewail: Articles citing and by AH Zewail, 1970-2002, Wed Jul 31 15:46:38
    2002         

    Lederberg: Articles by and citing J Lederberg, 1945-2002, Wed Jul 31
    13:40:22 2002       

Some references

    * Batagelj V.: Some Mathematics of Network Analysis. Network Seminar,
      Department of Sociology, University of Pittsburgh, January 21, 1991.

    * Batagelj V., Mrvar A.: Graph Drawing Contest 2001 Layouts.

    * Garfield E, Sher IH, and Torpie RJ.: The Use of Citation Data in Writing
      the History of Science. Philadelphia: The Institute for Scientific
      Information, December 1964.

    * Garfield E.: From Computational Linguistics to Algorithmic
      Historiography, paper presented at the Symposium in Honor of Casimir
      Borkowski at the University of Pittsburgh School of Information Sciences,
      September 19, 2001.

    * Hummon N.P., Doreian P.: Connectivity in a Citation Network: The
      Development of DNA Theory. Social Networks, 11(1989) 39-63.

Network Data, Pajek, Vlado


================================================================================
==> Cities/Url.txt <==
================================================================================

http://www.lboro.ac.uk/gawc/data.html

World City Relation Data

This is the raison d'être of GaWC. For an introduction, see A Brief Guide to
Quantitative Data Collection at GaWC, 1997-2001.

INVITATION

World city researchers with relational data on world cities are encouraged to
post it here. Depositors may apply their own protocol for use by others.
(Contact p.j.taylor@lboro.ac.uk) PROTOCOL for using GaWC data

As part of our mission to promote the study of non-state relations we wish to
encourage people to use the data posted here in their research and teaching.
However, we do ask that, as a matter of courtesy bordering on ethics, the
research project and the information gatherers are properly acknowledged along
with GaWC itself. Each data set will have a statement as to whom to acknowledge
and we ask that this be reproduced in every public use of the data.



Data Set 1: US Cities: Surrogate Measures of Relations, 1990 (T.R. Longcore, C.
McWilliams and P.J. Taylor)

Data Set 2: London and New York: Surrogate Measures of Relations, 1997

Data Set 3: Randstad Cities: Surrogate Measures of Relations, 1970-95 (A.M.
Beerda)

Data Set 4: London's Relations with other Cities Using Producer Service Office
Geographies (J.V. Beaverstock, R.G. Smith and P.J. Taylor)

Data Set 5: US Cities: Law Firm Office Geographies, 1998 (J.V. Beaverstock,
R.G. Smith and P.J. Taylor)

Data Set 6: World Cities and Global Firms (P.J. Taylor and D.R.F. Walker)

Data Set 7: Inter-City Matrices (P.J. Taylor and D.R.F. Walker)

Data Set 8: World Cities: Regional Dimensions (P.J. Taylor, D.R.F. Walker and
M. Hoyler)

Data Set 9: Cities Mentioned in Advertisements in The Economist (May 2000 -
January 2001) (P.J. Taylor)

Data Set 10: The Relative Centrality of Cities Based upon Air Passenger Travel,
1977-1997 (M. Timberlake and D.A. Smith with K.-H. Shin)

Data Set 11: World City Network: The Basic Data (P.J. Taylor and G. Catalano)

Data Set 12: Global Network Service Connectivities for 315 Cities in 2000 (P.J.
Taylor)


DATA TOOLS

Data Tool 1: Macro for Calculating Connectivities (max 254 cities x 255 firms)
 (E.C. Rossi and C.C.C. Rossi)

Data Tool 2: Macro for Calculating Connectivities (max 1100 cities x 255
 firms) (R. Aranya)



    World Cities and Global Firms

    P.J. Taylor and D.R.F. Walker

These data consist of the distribution of offices for 46 'global' advanced
producer service firms over 55 world cities. Global firms are defined by having
offices in at least 15 different cities. World cities are from the GaWC
inventory of world cities (see GaWC Research Bulletin 6). Service values for a
firm in a city are given as 3, 2, 1 or 0 as defined in Data Set 4.

These data are an experimental set of data derived from Data Set 4 (43 of the
firms qualify as global) but with three additional law firms added which do not
have London offices. For publications that make use of these data, see GaWC
Research Bulletin 13 and GaWC Research Bulletin 17.


Key to Data Set 6:

ADVANCED PRODUCER SERVICE FIRMS (SECTOR, TABLE CODE AND FIRM)

Accountancy

KP KPMG
CL Coopers & Lybrand
EY Ernst & Young International
AA Arthur Andersen
PW Price Waterhouse

Advertising

GR Grey Worldwide
DM DMB&B (MacManus Group)
LH Lowe Howard -Spink
SS Saatchi and Saatchi
TH JWT (Thompson)
OM Ogilvy & Mather Direct Worldwide
DE Dentsu
YR Young & Rubicam
TM TMP
PU Publicis
AM Abbott Mead Vickers (BBDO)

Banking and Finance

HS HSBC
BA Barclays
NW NatWest Group
SC Standard Chartered Group
CR Creditanstalt-Bankverein
DR Dresdner Bank Group
MO J P Morgan
PA Compagnie Financière de Paribas SA
CS Credit Suisse
BB BBV Group
BT Banker's Trust
UB UBS
AB ABN-AMRO
CB Citibank

Law

BM Baker & McKenzie
WC White & Case
LL Leboeuf, Lamb, Greene & MacRae
CO Coudert Brothers
SK Skadden Arps
BC Bryan Cave
DW Dorsey & Whitney
GJ Graham & James
HH Hogan & Hartson
JD Jones, Day, Reavis & Pogue
MC Miller, Canfield, Paddock & Stone
SQ Squire, Sanders & Dempsey
WE Wilson, Elser, Moskowitz, Edelman & Dicker
AO Allen & Overy
CC Clifford Chance
FF Freshfields

As per our data protocol, the following acknowledgement should accompany any
public use of the data:

ACKNOWLEDGEMENT: The data used is from Data Set 6 from the GaWC Study Group and
Network (http://www.lboro.ac.uk/gawc/). It was created by P.J. Taylor and
D.R.F. Walker as part of their project ""World City Network: Data Matrix
Construction and Analysis"" and is based on primary data collected by J.V.
Beaverstock, R.G. Smith and P.J. Taylor (ESRC project ""The Geographical Scope
of London as a World City"" (R000222050)).


================================================================================
==> Days/Days.txt <==
================================================================================

Pajek datasets

Reuters terror news network (NOTE: renamed Reuters911 for UF sparse collection)

Dataset days

Description

days.net undirected temporal network with 13332 vertices and 243447 edges.



Days, DaysAll.  Background

Reuters terror news network Days.net in Pajek's format obtained from the CRA
networks produced by Steve Corman and Kevin Dooley at Arizona State University.
Please acknowledge this when publishing results based on these data.

The Reuters terror news network is based on all stories released during 66
consecutive days by the news agency Reuters concerning the September 11 attack
on the U.S., beginning at 9:00 AM EST 9/11/01. The vertices of a network are
words (terms); there is an edge between two words iff they appear in the same
text unit (sentence). The weight of an edge is its frequency. The network has n
= 13332 vertices (different words in the news) and m = 243447 edges, 50859 with
value larger than 1. There are no loops in the network.

The network DaysAll.net contains the main connected component of the network
obtained by transforming the Reuters terror news network into a combined
network for all 66 days (union of all time points). It has 13308 vertices.

The Reuters terror news network was used as a case network for the Viszards
visualization session on the Sunbelt XXII International Sunbelt Social Network
Conference, New Orleans, USA, 13-17. February 2002. 

History

   1. 5-12. Dec 2001, networks constructed by S. Corman and his group
   
   2. December 2001: CRA data transformed in Pajek format by V. Batagelj.

References

   1. Steven R. Corman, Timothy Kuhn, Robert D. Mcphee and Kevin J. Dooley
   (2002): Studying Complex Discursive Systems: Centering Resonance Analysis of
   Communication. (PDF)

   2. Crawdad Technologies

   3. Batagelj, V., & Mrvar, A.  (2003): A density based approaches to network
   analysis: Analysis of Reuters terror news network, Ninth Annual ACM SIGKDD,
   Washington, D.C. (PDF); ( SVG)

   4. Jeffrey C. Johnson and Lothar Krempel (2004): Network Visualization: The
   ""Bush Team"" in Reuters News Ticker 9/11-11/15/01. The Journal of Social
   Structure's, Vol. 5, No. 1. ( HTML)

Pajek Data; 20. April 2006 / 27. January 2004

-------------------------------------------------------------------------------
When converted to a sparse adjacency matrix for the UF Sparse Matrix
Collection, Day{i} is the graph of the ith day.  The diagonal entry
Day{i}(k,k) is 1 if word k appears in any news on the ith day.  Note
that it may not appear in conjunction with other words in the same
sentence on that day.  The sum of nnz(tril(Day{i})) for i=1:66 is 243,447.
The overall matrix A is the sum of the Day{i} matrices.  A(i,j) is the number
of times words i and j appear in same sentence (for i not equal to j).  A(k,k)
is the number of days the word k appears in any news report.
Note that this network has been renamed to Reuters911 here.


================================================================================
==> EAT/EAT.txt <==
================================================================================


Pajek datasets EAT The Edinburgh Associative Thesaurus

Dataset   eat

Description

eatRS.net directed network with 23219 vertices and 325624 arcs (564 loops);
stimulus X is associated with response Y N times.  eatSR.net directed network
with 23219 vertices and 325589 arcs (564 loops); response X is associated with
stimulus Y N times.

It seems that the SR network is incomplete and that it should be the inverse of
RS network.



EAT response-stimulus (ZIP, 1321K) EAT stimulus-response (ZIP, 1306K)
Background

The Edinburgh Associative Thesaurus (EAT) is a set of word association norms
showing the counts of word association as collected from subjects. This is not
a developed semantic network such as WordNet (3), but empirical association
data.

The traditional way to collect word association norms is to show or say a word
to several people and ask them to say the word which first comes to their minds
upon receiving the stimulus. The link established between the stimulus and the
response is not semantically labelled (e.g. as synonym, antonym or by a case
relation) and can only be regarded as an association.

The Edinburgh association norms were collected by growing the network from a
nucleus set of words. Responses were collected to words in this nucleus set,
then these responses were used to obtain further responses, and so on. In fact
the cycle was repeated about three times since by then the number of different
responses was so large that they could not be re-used as stimuli. Data
collection stopped when 8400 stimulus words had been used. Each stimulus word
was presented to 100 different subjects, each of whom received 100 words. This
gave rise to a total of 55732 nodes in the Thesaurus network.

The subjects were mostly undergraduates from a wide variety of British
universities. The age range of the subjects was from 17 to 22 with a mode of
19. The sex distribution was 64 per cent male and 36 per cent female. The data
was collected between June 1968 and May 1971.

The database consists of two files. The SR (stimulus-response) file, and the RS
(response-stimulus) file. Where words have been truncated to 19 characters to
save space the per cent character (%) has been placed as the 20th.

The EAT here is that included in the MRC Psycholinguistic Database (4), for use
with the other measures available there.  EAT Data Collection Procedure (1)
Stimulus words

Since the objective was to obtain a reasonably large complete mapping of the
associative network for a large set of words, a systematic procedure of
'growing' the network from a small nucleus was followed. At first responses
were obtained from this nucleus set, then these responses were used as stimuli
to obtain further responses, and so on. In fact, this cycle was repeated about
three times, since by then the number of different responses was so large that
they could not all be re-used as stimuli.

The nucleus set was derived from (a) the 200 stimuli used in the Palermo and
Jenkins (1964) normq (b) the 1,000 most frequent words of the Thorndike and
Lorge (1944) word frequency count and (c) the basic English vocabulary of Ogden
(1954).

Data collection was stopped when 8,400 stimulus words had been used. Only a
minimal amount of selection of stimuli was applied in each cycle of the data
collection. Effectively all responses which were English words or meaningful
verbal units were included, including some phrasal forms and numerals. The data
cover a wide range of grammatical form classes and inflexional forms.
Procedure

Each stimulus word was presented to 100 different subjects. Each subject
recieved a computer-printed sheet with 100 stimuli in randomised arrangement
(to minimize priming effects). The total contribution of each subject was thus
100 responses. The verbal environment of each word for each subject was
different. The instructions asked the subject to write down against each
stimulus the first word it made him think of, working as quickly as possible.
the total time spent on this task was measured, and most subjects completed the
sheet in five to ten minutes.

Most of the data was collected in a classroom setting under supervision. Sheets
which had more than 25 percent blank responses were rejected and fresh data was
collected.

History

   1. Original EAT: George Kiss, Christine Armstrong, Robert Milroy and J.R.I.
   Piper (collected between June 1968 and May 1971).

   2. MRC Psycholinguistic Database Version modified by: Max Coltheart, S.
   James, J. Ramshaw, B.M. Philip, B. Reid, J. Benyon-Tinker and E. Doctor;
   made available by: Philip Quinlan.

   3. The present version was re-structured and documented by Michael Wilson at
   the Rutherford Appleton Laboratory in 1988 (2).

   4. transformed in Pajek format: V. Batagelj, 31. July 2003.


References

   1. Kiss, G.R., Armstrong, C., Milroy, R., and Piper, J. (1973) An
   associative thesaurus of English and its computer analysis. In Aitken, A.J.,
   Bailey, R.W. and Hamilton-Smith, N. (Eds.), The Computer and Literary
   Studies. Edinburgh: University Press.

   2. The present version of The Edinburgh Associative Thesaurus (ZIP, 2.7M)

   3. WordNet

   4. MRC Psycholinguistic Database

   5. Coltheart, M. (1981) MRC Psycholinguistic Database. Quarterly Journal of
   Experimental Psychology, 3A, 497-505.

   6. MRC Psycholinguistic Database 2

Pajek Data; 31. July 2003

-------------------------------------------------------------------------------
NOTE regarding conversion for UF sparse matrix collection: in the original data
there are 325,624 weighted edges.  Of those only 32 edges are duplicates, and  
all of them have identical edge weights as the edges they are duplicates of    
These extraneous edges have been removed, since this this appears to be a      
graph, not a multigraph.                                                       


================================================================================
==> EVA/EVA.txt <==
================================================================================

Pajek datasets

EVA Extraction, Visualization & Analysis of corporate
inter-relationships

Dataset   EVA

Description

EVA.net directed network with 8343 vertices and 6726 arcs.



EVA.net (ZIP, 204K); included also original files names.txt and ownership.txt.
Background

EVA / Denali is a multidisciplinary research project combining information
extraction, information visualization, and social network analysis techniques
to bring greater transparency to the public disclosure of inter-relationships
between corporations. The project is described in the paper [1].

Abstract: We present EVA, a prototype system for extracting, visualizing, and
analyzing corporate ownership information as a social network. Using
probabilistic information retrieval and extraction techniques, we automatically
extract ownership relationships from heterogeneous sources of online text,
including corporate annual reports (10-Ks) filed with the U.S. Securities and
Exchange Commission (SEC). A browser-based visualization interface allows users
to query the relationship database and explore large networks of companies.
Applying the system and methodology to the telecommunications and media
industries, we construct an ownership network with 6,726 relationships among
8,343 companies. Analysis reveals a highly clustered network, with over 50% of
all companies connected to one another in a single component. Furthermore,
ownership activity is highly skewed: 90% of companies are involved in no more
than one relationship, but the top ten companies are parents for over 24% of
all relationships. We are also able to identify the most influential companies
in the network using social network analysis metrics such as degree,
betweenness, cutpoints, and cliques. We believe this methodology and tool can
aid government regulators, policy researchers, and the general public to
interpret complex corporate ownership structures, thereby bringing greater
transparency to the public disclosure of corporate inter-relationships.

Note that we do not have ownership relationships for all companies, so there
will be companies without links.

An arc (X,Y) from company X to company Y exists in the network if in the
company X is an owner of company Y.

Copyright 2002 by Denali Project. If you use this dataset in your research,
please use the citation to paper [1] as the source of the data.

""Denali"" is the Native American name for the tallest peak in North America. It
means ""the Great One.""

If you have any questions, please contact: John Chuang, Mike Gebbie, Gabe
Lucas, Kim Norlen. 

History

   1. 2002 collection of original data by the EVA group; 2. March 6, 2004:
   original data transformed into Pajek format EVA.net by V. Batagelj.

References

   1. Kim Norlen, Gabriel Lucas, Mike Gebbie, and John Chuang. EVA: Extraction,
   Visualization and Analysis of the Telecommunications and Media Ownership
   Network. Proceedings of International Telecommunications Society 14th
   Biennial Conference, Seoul Korea, August 2002. (paper berkeley / local;
   slides berkeley / local)

Pajek Data; 6. March 2004


================================================================================
==> Foldoc/Foldoc.txt <==
================================================================================

Pajek datasets FOLDOC Free On-line Dictionary of Computing

Dataset   Foldoc

Description

foldoc.net valued directed network with 13380 vertices and 120700 arcs, value
is the multiplicity of arc.



foldoc.net (ZIP, 517K) Background

FOLDOC is a searchable dictionary of acronyms, jargon, programming languages,
tools, architecture, operating systems, networking, theory, conventions,
standards, mathematics, telecoms, electronics, institutions, companies,
projects, products, history, in fact anything to do with computing.

The dictionary has been growing since 1985 and now contains over 13000
definitions totalling nearly five megabytes of text. Entries are
cross-referenced to each other and to related resources elsewhere on the net.

An arc (X,Y) from term X to term Y exists in the network iff in the FOLDOC
dictionary the term Y is used to describe the meaning of term X.

Copyright 1993 by Denis Howe. Permission is granted to copy, distribute and/or
modify the FOLDOC dictionary under the terms of the GNU Free Documentation
License, Version 1.1 or any later version published by the Free Software
Foundation.

Please refer to the dictionary as ""The Free On-line Dictionary of Computing,
http://www.foldoc.org/, Editor Denis Howe"" or similar. 

History

   1. FOLDOC started in 1985 by Denis Howe;

   2. in 1990 put on FTP, other sources included;

   3. from 1994 available on the WWW, hundreds of contributors;

   4. February/June 2002: Foldoc.net transformed in Pajek format and 'cleaned'
by V. Batagelj and A. Mrvar.

References

   1. Denis Howe, Editor: FOLDOC (2002): Free on-line dictionary of computing.

   2. V. Batagelj, A. Mrvar, M. Zavešnik: Network analysis of texts. Language
Technologies 2002, Ljubljana, 14 - 15th October 2002, p. 143-148.

   3. V. Batagelj, A. Mrvar, M. Zavešnik: Network analysis of dictionaries.
Language Technologies 2002, Ljubljana, 14 - 15th October 2002, p. 135-142.


Pajek Data; 30. January 2004


================================================================================
==> Football/Football.txt <==
================================================================================

Pajek datasets World Soccer Data Paris 1998

Dataset   Football

Description

football.net - valued network with 35 vertices



complete dataset

Background

Our network example describes the 22 soccer teams which participated in the
World Championship in Paris, 1998.

Players of the national team often have contracts in other countries. This
constitutes a players market where national teams export players to other
countries. Members of the 22 teams had contracts in altogether 35 countries.

Counting which team exports how many players to which country can be described
with a valued, asymmetric graph. The graph is highly unsymmetric: some
countries only export players, some countries are only importers. 

History

   1. Data collected by Lothar Krempel, October 5, 1999

   2. Transformed in Pajek format by V. Batagelj, February 9, 2001.

References

   1. Dagstuhl seminar: Link Analysis and Visualization, Dagstuhl 1-6. July
2001

Pajek Data; 21. September 2005


================================================================================
==> Geom/Geom.txt <==
================================================================================


Pajek datasets Geom Collaboration network in computational geometry

Dataset   Geom

Description

Geom.net valued undirected network with 7343 vertices and 11898 edges; author X
wrote a joint work with author Y; value is the number of joint works.



Geom.net (ZIP, 139K)

Background

The network Geom.net is based on the file geombib.bib that contains
Computational Geometry Database, version February 2002.

The authors collaboration network in computational geometry was produced from
the BibTeX bibliography [Beebe, 2002] obtained from the Computational Geometry
Database geombib, version February 2002 [Jones, 2002].

Two authors are linked with an edge, iff they wrote a common work (paper, book,
...). The value of an edge is the number of common works. Using a simple
program written in programming language Python, the BibTeX data were
transformed into the corresponding network, and output to the file in Pajek
format.

The obtained network has 9072 vertices (authors) and 22577 edges (common papers
or books) / 13567 edges as a simple network - multiple edges between a pair of
authors are replaced with a single edge.

The problem with the obtained network is that, because of non standardized
writing of the author's name, it contains several vertices corresponding to the
same author. For example:

    R.S. Drysdale, Robert L. Drysdale, Robert L. Scot Drysdale, R.L. Drysdale,
S. Drysdale, R. Drysdale, and R.L.S. Drysdale;

or:

    Pankaj K. Agarwal, P. Agarwal, Pankaj Agarwal, and P.K. Agarwal

that are easy to guess; but an 'insider' information is needed to know that
Otfried Schwarzkopf and Otfried Cheong are the same person. Also, no provision
is made in the database to discern two persons with the same name. We manually
produced the name equivalence partition and then shrank (in Pajek) the network
according to it.

The reduced simple network contains 7343 vertices and 11898 edges. It is a
sparse network - its average degree is 2m/n = 3.24.

History

   1. Computational Geometry Database started in 1986 by merging two lists of
references - one compiled by Edelsbrunner and van Leeuwen and the other by
Guibas and Stolfi;

   2. Computational Geometry Database, February 2002 Edition;

   3. March-April 2002: Geom.bib transformed in Pajek format and 'cleaned' by
V. Batagelj and M. Zaveršnik.

References

   1. Beebe, N.H.F. (2002): Nelson H.F. Beebe's Bibliographies Page.

   2. Jones, B., Computational Geometry Database, February 2002; FTP / HTTP

Pajek Data; 27. January 2004


================================================================================
==> GlossGT/GlossGT.txt <==
================================================================================

Pajek datasets Graph and Digraph Glossary

Dataset   glossGT

Description

glossGT.net mixed network with 72 vertices and 114 arcs and 4 edges; word X is
related to word Y.



glossTG.paj (4K)

Background

The network GlossGT.net is based on the file glossary.html containing Bill
Cherowitzo's Graph and Digraph Glossary.  An arc (X,Y) from term X to term Y
exists in the network iff in the Graph and Digraph Glossary the term Y is used
to describe the meaning of term X.

History

   1. 1998-2001, Bill Cherowitzo prepared the glossary.  2. Graph and Digraph
   Glossary transformed in Pajek format: Barbara Zemlji""c, 2. nov 2003.

References

   1. Bill Cherowitzo: Graph and Digraph Glossary, version 03-Feb-2001; (Course
   page)

Pajek Data; 25. January 2004


================================================================================
==> HEP-th/HEP.txt <==
================================================================================


Pajek datasets KDD Cup 2003 High Energy Particle Physics (HEP) literature

Dataset   hep-th

Description

hep-th.net directed network with 27240 vertices and 342437 arcs (39 loops).
hep-th-new.net directed network with 27770 vertices and 352807 arcs (39 loops).
date-new.vec integer vector on 27770 vertices.  year-new.vec integer vector on
27770 vertices.



complete dataset (ZIP, 2607K)

Background Citation data from KDD Cup 2003, a knowledge discovery and data
mining competition held in conjunction with the Ninth Annual ACM SIGKDD
Conference.

The Stanford Linear Accelerator Center SPIRES-HEP database has been
comprehensively cataloguing the High Energy Particle Physics (HEP) literature
online since 1974, and indexes more than 500,000 high-energy physics related
articles including their full citation tree.

The network contains a citation graph of the hep-th portion of the arXiv. The
units names are the arXiv IDs of papers; the relation is X cites Y . Note that
revised papers may have updated citations. As such, citations may refer to
future papers, i.e. a paper may cite another paper that was published after the
first paper.

The SLAC/SPIRES dates for all hep-th papers are given. Some older papers were
uploaded years after their intial publication and the arXiv submission date
from the abstracts may not correspond to the publication date. An alternative
date has been provided from SLAC/SPIRES that may be a better estimate for the
initial publication of these old papers.

The first version of data was updated on May 12, 2003.

hep-th.net X cites Y relation, first version.  hep-th-new.net X cites Y
relation, updated version.  date-new.vec SLAC date of paper was transformed to
the number of days since August 1, 1991, updated version.  year-new.vec year
from the SLAC date of paper, updated version.

References

   1. KDD Cup 2003
   
   2. arXiv

Transformed in Pajek format by V. Batagelj, 26. July 2003



================================================================================
==> IMDB/IMDB.txt <==
================================================================================

Pajek data set: IMDB, the Internet Movie Database, http://www.imdb.com.

-------------------------------------------------------------------------------'
Pajek network converted to sparse adjacency matrix for inclusion in UF sparse
matrix collection, Tim Davis.  For Pajek datasets, See V. Batagelj & A. Mrvar,
http://vlado.fmf.uni-lj.si/pub/networks/data/.
-------------------------------------------------------------------------------
A(i,j)=1 if actor j played in movie i.  colname(j,:) is the name of the actor.
Column j = 362,181 is Kevin Bacon.  Year of movie i is year(i).
category(i) gives the category of movie i, use code(category(i),:).
Note that movie names are not provided.

1: Drama
2: Short
3: Documentary
4: Comedy
5: Western
6: Family
7: Mystery
8: Thriller
9: -
10: Music
11: Crime
12: Sci-Fi
13: Horror
14: War
15: Fantasy
16: Romance
17: Adventure
18: Animation
19: Action
20: Musical
21: Film-Noir
99: Unknown.

Remember that in MATLAB, A(i,:) is slow to compute; A(:,i) is faster.  If you
want row i of a sparse matrix, access the ith column of the transpose instead.
-------------------------------------------------------------------------------

A ""Bacon number"" is a measure of separation in the graph.  Kevin Bacon has
a Bacon number of zero.  Any actor who played in a movie with Kevin Bacon
has a Bacon number of 1.  In general, an actor has a Bacon number equal to
1 + the minimum Bacon number of any actor he or she has been in a movie with.

A similar definition can be extended to movies; a movie in which Kevin Bacon
appears has a Bacon number of 0.  In general, the Movie-Bacon number is
the smallest Bacon number of any actor in that movie.

The following code was used to compute the Bacon numbers:

    Bacon = Problem.aux.KevinBacon ;
    A = Problem.A ;
    [m n] = size (A) ;
    C = [speye(m) A ; A' speye(n)] ;
    x = zeros (m+n,1) ;
    B = inf * ones (m+n,1) ;
    x (m + Bacon) = 1 ;
    B (m + Bacon) = 0 ;
    tlen = 1 ;
    for k = 1:m+n
	x = x + C*x ;
	t = find (x) ;
	if (tlen == length (t))
	    break
	end
	tlen = length (t) ;
	B (t) = min (B (t), k) ;
    end
    MovieBacon = (B (1:m) - 1) / 2 ;
    ActorBacon = B (m+1:end) / 2 ;

Note that the movie names have been intentionally omitted from this version of
the data in the UF Sparse Matrix Collection, as has the name of movie code 9.

The above MATLAB code is not terribly efficient; it makes k passes over the
matrix, each taking O(nnz(A)) time.  Fortunately, k is a small constant (8).
A proper breadth-first search would take O(nnz(A)), regardless of k.

================================================================================
==> Journals/Journals.txt <==
================================================================================

Pajek datasets Slovenian magazines and journals 1999 and 2000

Dataset   Journals

Description

Revije.net - valued network with 124 vertices Revije.clu - partition with 124
vertices Revije.paj - Pajek project file with complete dataset.



complete dataset (ZIP, 3K)

Background

Over 100.000 people have been asked which magazines and journals they read
(survey conducted in 1999 and 2000, source CATI Center Ljubljana). They listed
124 different magazines and journals. The collected data can be represented as
2-mode network:

                 Delo    Dnevnik   Sl.novice ...
Reader1            X                   X     ...
Reader2                     X                ...
Reader3            X                         ...
............     .....   .......   ......... ...

Obtaining 1-mode network

From 2-mode network reader/journal we generated ordinary network, where the
vertices are journals

    * undirected edge with value a between journals means the number of readers
    * of both journals.  loop on selected journal means the number of all
    * readers that read this journal.

Obtained matrix (A):

                 Delo    Dnevnik   Sl.novice ...
Delo            20714       3219        4214 ...
Dnevnik                    15992        3642 ...
Sl. novice                             31997 ...
........        ......     .....       ..... ...

The second ordinary network on readers would be huge (more than 100.000
vertices) containing large cliques (readers of particular journal).

History

   1. Transformed in journal X journal matrix, 26. December 2000.

   2. Transformed in Pajek format by V. Batagelj, 21. December 2003.

References

   1. Dagstuhl seminar: Link Analysis and Visualization, Dagstuhl 1-6. July 2001

Pajek Data; 21. December 2003


================================================================================
==> KEDS/KEDS.txt <==
================================================================================

NOTE: the KEDS data has not been included.

Pajek datasets KEDS The Kansas Event Data System

Dataset   KEDS

Description

GulfLDays.net directed multirelational temporal network with 174 vertices and
57131 arcs. From 'leads' Gulf event data, granularity is 1 day.

GulfLMonths.net directed multirelational temporal network with 174 vertices and
57131 arcs. From 'leads' Gulf event data, granularity is 1 month.

GulfLDow.net directed multirelational temporal network with 174 vertices and
57131 arcs. From 'leads' Gulf event data, in day of the week classes.

GulfADays.net directed multirelational temporal network with 202 vertices and
304401 arcs. From Gulf event data, granularity is 1 day.

GulfAMonths.net directed multirelational temporal network with 202 vertices and
304401 arcs. From Gulf event data, granularity is 1 month.

LevantDays.net directed multirelational temporal network with 485 vertices and
196364 arcs. From Levant event data, granularity is 1 day.

LevantMonths.net directed multirelational temporal network with 485 vertices
and 196364 arcs. From Levant event data, granularity is 1 month.

BalkanDays.net directed multirelational temporal network with 325 vertices and
78667 arcs. From Balkan event data, granularity is 1 day.

BalkanMonths.net directed multirelational temporal network with 325 vertices
and 78667 arcs. From Balkan event data, granularity is 1 month.



GulfLDays.net (ZIP, 239K)

GulfLMonths.net (ZIP, 197K)

GulfLDow.net (ZIP, 213K)

GulfADays.net (ZIP, 1078K)

GulfAMonths.net (ZIP, 941K)

LevantDays.net (ZIP, 855K)

LevantMonths.net (ZIP, 735K)

BalkanDays.net (ZIP, 335K)

BalkanMonths.net (ZIP, 288K)

Background

KEDS - The Kansas Event Data System uses automated coding of English-language
news reports to generate political event data focusing on the Middle East,
Balkans, and West Africa. These data are used in statistical early warning
models to predict political change. The ten-year project is based in the
Department of Political Science at the University of Kansas; it has been funded
primarily by the U.S. National Science Foundation.  KEDS data sets from KEDS
data collection.

Gulf data set: This data set covers the states of the Gulf region and the
Arabian peninsula for the period 15 April 1979 to 31 March 1999. The source
texts prior to 10 June 97 were located using a NEXIS search command
specifically designed to return relevant data. There are two versions of the
data: a set coded from the lead sentences only (57,000 events), and a set coded
from full stories (304,000 events).  There are some errors in the GulfAll data.
Events 118196 and 118197 have REUT-0 in place of the date; and in event 173526
the first actor is missing. In Gulf99All.dat the wrong dates are replaced with
890319, and the incomplete event is skiped.

Levant data set: Folder containing WEIS-coded events (N=196,337) for dyadic
interactions within the following set of countries: Egypt, Israel, Jordan,
Lebanon, Palestinians, Syria, USA, and USSR/Russia. Coverage is April 1979 to
June 2004. TABARI coding dictionaries are also included.  There are some errors
(333) in data set - relation codes 012], O24, O53, 213] are replaced with 012,
024, 053, 213 in Levant.dat. Some events don't have description codes - they
are marked with *** in relation labels in *.net files.

Balkans data set, 1989-2003: Folder containing WEIS-coded events (N = 78,667)
for the major actors (including ethnic groups) involved in the conflicts in the
former Yugoslavia. Coverage is April 1989 through July 2003. TABARI coding
dictionaries are included in the folder.  There are some errors (197) in data
set - relation codes ---], O24, O53 are replaced with 000, 024, 053 in
Balkan.dat. Some events don't have description codes - they are marked with ***
in relation labels in *.net files.

The original data sets are on MAC files. They should be saved as PC files
before processing. 

History

   1. Program Recode (in Delphi) by Vladimir Batagelj, Ljubljana, July 25, 2003

   2. Program KEDSrec adapted for KEDS from Recode; Gulf (leads) data recoded
into Pajek's format, by Vladimir Batagelj, Ljubljana, November 3, 2003

   3. Support for multiple relations networks added to program KEDSrec by
Vladimir Batagelj, Ljubljana, November 22, 2004

   4. KedsR - functionality of KEDSrec implemented in R; Gulf (leads) data
recoded into Pajek's format (days, months, day of the week), by Vladimir
Batagelj, Ljubljana, November 27, 2004

   5. WeisR - commands from KedsR adapted for WEIS format (similar to KEDS but
TAB delimited); Balkan and Levant data recoded into Pajek's format (days,
months), by Vladimir Batagelj, Ljubljana, November 28, 2004

   6. Gulf99All is a large data set - sapply commands in KedsR had to be
replaced by while loops; Gulf (all) data recoded into Pajek's format (days,
months), by Vladimir Batagelj, Ljubljana, November 29, 2004


References

   1. StuffIt - uncompress program for SIT files

Pajek Data; 29. November 2004 / 24. November 2004


================================================================================
==> Mixed/Mixed.txt <==
================================================================================


Pajek datasets from different sources

US power grid

Dataset:   USpowerGrid

US power grid - unweighted network from Panayiotis Tsaparas' page.  Adapted for
Pajek by V. Batagelj, March 19, 2006

File: USpowerGrid.net - undirected network with 4941 vertices and 6594 edges



Kleinberg's web graphs

Dataset:   California - Pages matching the query ""California"".

This graph was constructed by expanding a 200-page response set to a search
engine query 'California', as in the hub/authority algorithm. Obtained from Jon
Kleinberg's page.  Adapted for Pajek by V. Batagelj, March 19, 2006

File: California.net - directed network with 9664 vertices and 16150 arcs.


References: Amy N. Langville and Carl D. Meyer: A Reordering for the PageRank
problem (March 2004) PDF J. Kleinberg. Authoritative sources in a hyperlinked
environment. Proc. 9th ACM-SIAM Symposium on Discrete Algorithms, 1998.
Extended version in Journal of the ACM 46(1999). PDF

Dataset:   Epa - Pages linking to www.epa.gov.

This graph was constructed by expanding a 200-page response set to a search
engine query, as in the hub/authority algorithm. Obtained from Jon Kleinberg's
page.  Adapted for Pajek by V. Batagelj, March 19, 2006

File: Epa.net - directed network with 4772 vertices and 8965 arcs.


 Stanford web graphs

Dataset:   StanfordWeb - Stanford Web Matrix.

This graph was obtained from a September 2002 crawl (281903 pages, 2382912
links). The matrix rows represent the inlinks of a page, and the columns
represent the outlinks. Downloaded from Sepandar D. Kamvar's page.  Adapted for
Pajek by V. Batagelj, March 19, 2006

File: StanfordWeb.net - directed network with 281903 vertices and 2382912 arcs.


References: Sepandar D. Kamvar, Taher H. Haveliwala, Christopher D. Manning,
and Gene H. Golub, ""Exploiting the Block Structure of the Web for Computing
PageRank."" Preprint (March, 2003). PDF

Dataset:   StanfordBerkeleyWeb - Stanford-Berkeley Web Matrix.

This graph was obtained from a December 2002 crawl (685230 pages, 8006115
links). The matrix rows represent the inlinks of a page, and the columns
represent the outlinks. Downloaded from Sepandar D. Kamvar's page.  Adapted for
Pajek by V. Batagelj, March 19, 2006

NOTE by Tim Davis: nodes 683,447 to 685,230 in the Stanford  Berkeley web data,
discussed above, are not part of the true results.  Kamvar's MATLAB script for
processing the data deletes those nodes.  This graph is already in the UF
Sparse Matrix Collection, in the correct size.   Also note that Kamvar doesn't
consider multiple links from page i to j to be significant.  Thus, duplicate
edges (i,j) in this graph should be ignored.  The graph in the UF collection is
thus binary.

File: StanfordBerkeleyWeb.net - directed network with 685230 vertices and
8006115 arcs.


References: Sepandar D. Kamvar, Taher H. Haveliwala, Christopher D. Manning,
and Gene H. Golub, ""Exploiting the Block Structure of the Web for Computing
PageRank."" Preprint (March, 2003). PDF

World City Network

Dataset:   WorldCities

These data constitute the empirical basis for measuring the world city network
as described in P.J. Taylor (2004) World City Network: A Global Urban Analysis
(London: Routledge). The data were produced by P.J. Taylor and G. Catalano.
These data were collected in 2000. They are the service values (indicating the
importance of a city in the office network of a firm) of 100 global service
firms distributed across 315 cities worldwide. All firms supply advanced
producer services (accountancy, advertising, banking/finance, insurance, law,
and management consultancy) through offices in at least 15 cities (including at
least one in each of Pacific Asia, western Europe and northern America).  The
following coding information is given to help understand and evaluate the data.
Downloaded from GaWC Data Set 11 page.  Transformed in Pajek format by V.
Batagelj, March 20, 2006

Files:

WorldCities.net - two-mode network with 415=315+100 vertices and 7518 arcs.

WorldCities.mat - same network in Pajek matrix format.

WorldCities.net - type of service partition: 0 - city; 1 - accountancy; 2 -
advertising; 3 - banking/finance; 4 - insurance; 5 - law; 6 - management
consultancy.



References: Taylor, P.J. (2004): World city network: a global urban analysis.
London and New York: Routledge.

Pajek Data; 19. March 2006


================================================================================
==> ND/ND.txt <==
================================================================================


Pajek datasets Notre Dame Self-Organized Networks Database

Datasets   NDwww, NDactors, NDyeast

Description

Notre Dame Self-Organized Networks:

   1. NDwww.net directed network with 325729 vertices and 1497135 arcs (27455
loops); page X is linked to page Y.

   2. NDactors.net undirected two-mode network with 520223 vertices (392400
players, 127823 movies) and 1470418 edges; player X plays in movie Y.

   3. NDyeast.net undirected network with 2114 vertices and 2277 edges (74
loops); protein X interacts with protein Y.



NDwww.net (ZIP, 2050K) NDactors.net (ZIP, 4150K) NDyeast.net (ZIP, 7K)

Background

The networks ND*.net are based on the files from Notre Dame Self-Organized
Networks Database. To transform the data into Pajek format: vertex 0 was
replaced by the vertex number equal to the number of vertices in a network;
Pajek keywords were inserted; and the network was saved in the short (as lists
of neighbors) format.

   1. World-Wide-Web:: Each number represents webpage within nd.edu domain.
Arcs: From page -> To page Réka Albert, Hawoong Jeong and Albert-László
Barabási: Diameter of the World Wide Web, Nature 401, 130 (1999) [ PDF ] See
also a decompostion of this network in V. Batgelj, A. Mrvar: How to analyze
large networks with Pajek?

   2. Actor: Actor network data: (based on www.imdb.com) In the original ND
network file: each line corresponds to one movie, each number represents actor:
number_1 number_2 ... number_k (k actors who play in the same movie).
Albert-László Barabási, Réka Albert: Emergence of scaling in random networks,
Science 286, 509 (1999) [ PDF ]

   3. Protein Interaction Network for Yeast: Each number represents protein in
protein interaction network of yeast. Edges: From protein -> To protein.  For
other datasets used in supplementary material, please refer indicated
references.  Hawoong Jeong, Sean Mason, Albert-László Barabási and Zoltán N.
Oltvai: Centrality and lethality of protein networks, Nature 411, 41 (2001) [
PDF ] See also Yeast data

History

   1. Notre Dame Networks Database put on WWW by the Notre Dame team, 2001;

   2. 23-25. July 2001: ND nets transformed in Pajek format by V. Batagelj.

   3. 23. May 2004: ND nets in Pajek format transformed in short (lists of
neighbors) Pajek format by V. Batagelj.

References

   1. Self-Organized Networks Database, University of Notre Dame.

Copyright Extract from the Notre Dame Networks Database page: ""... Feel free to
use these data in your research."" Mail to Hawoong Jeong (author of original ND
networks).

Pajek Data; 23. May 2004


================================================================================
==> ODLIS/ODLIS.txt <==
================================================================================


Pajek datasets

 ODLIS Online Dictionary of Library and Information Science

Dataset odlis

Description

odlis.net directed network with 2909 vertices and 18419 arcs (5 loops).



odlis.net (ZIP, 62K) Background

The network Odlis.net is based on the ODLIS: Online Dictionary of Library and
Information Science. version December 2000.

ODLIS is designed to be a hypertext reference resource for library and
information science professionals, university students and faculty, and users
of all types of libraries. The primary criterion for including a new term is
whether a librarian or other information professional might reasonably be
expected to encounter it at some point in his (or her) career, or be required
to know its meaning in the course of executing his or her responsibilities as a
librarian. The vocabulary of publishing, printing, book history, literature,
and computer science has been included when, in the author's judgment, a
definition might prove helpful, not only to library and information
professionals, but also to laypersons.

An arc (X,Y) from term X to term Y exists in the network iff in the ODLIS
dictionary the term Y is used to describe the meaning of term X.

ODLIS is the work of Joan M. Reitz, Assistant Professor/Instruction Librarian
at the Ruth A. Haas Library, Western Connecticut State University (WCSU) in
Danbury, CT. Ms. Reitz holds an M.L.I.S. degree (1991) from the University of
Washington in Seattle and an M.A. degree (1998) in European History from
Western Connecticut State University. Her primary research interests are the
history of the book and history of political and social revolutions. 

History

   1. ODLIS began at the Haas Library in 1994 as a five-page photocopied
handout intended for undergraduates not fluent in English, and students with
limited exposure to library terminology.

   2. In 1996, it was expanded and converted to HTML format for installation on
the WCSU Libraries HomePage under the title Hypertext Library Lingo: A Glossary
of Library Terminology.

   3. In 1997, many more hypertext links were added and the format improved in
response to suggestions from users.

   4. During the summer of 1999, several hundred terms and definitions were
added, and a generic version created which omitted all references to the
specific conditions and practices at the Haas Library.

   5. In the fall of 1999, the glossary was expanded to 1,800 terms, renamed to
reflect its extended scope, and copyrighted.

   6. In February, 2000, ODLIS was indexed in Yahoo! under ""Reference -
Dictionaries - Subject."" It is also indexed in the WorldCat database in OCLC
FirstSearch.

   7. During the year 2000, the dictionary was expanded to 2,600 terms. On
average, it has received over 6,200 visits per month since January 2, 2000.

   8. December 2000: ODLIS transformed in Pajek format and 'cleaned' by A.
Mrvar and V. Batagelj.

References

   1. Joan M. Reitz (2002): ODLIS: Online Dictionary of Library and Information
Science.

Pajek Data; 27. January 2004


================================================================================
==> Patents/Patents.txt <==
================================================================================


Pajek datasets Patents The NBER U.S. Patent Citations Data File

Dataset patents

Description

patents.net directed network with 3,774,768 vertices and 16,522,438 arcs (1
loop).



NET, NAM, Year, Date, Cat, Class, Country, Subcat, AppYear Patents NET / main
subnetwork Background

The network Patents is based on the The NBER U.S. Patent Citations Data File,
version 2001.

These data comprise detail information on almost 3 million U.S. patents granted
between January 1963 and December 1999, all citations made to these patents
between 1975 and 1999 (over 16 million), and a reasonably broad match of
patents to Compustat (the data set of all firms traded in the U.S. stock
market).

These data are described in detail in Hall, B. H., A. B. Jaffe, and M.
Tratjenberg (2001). ""The NBER Patent Citation Data File: Lessons, Insights and
Methodological Tools."" NBER Working Paper 8498.  ALL USERS OF THESE DATA SHOULD
READ THIS PAPER, AND SHOULD CITE IT AS THE SOURCE OF THE DATA

Further documentation on uses of the patent citation data, including the
methodology paper and a CD containing the complete dataset itself, is available
in the book Patents, Citations and Innovations: A Window on the Knowledge
Economy by Adam Jaffe and Manuel Trajtenberg, MIT Press, Cambridge (2002). The
book may be ordered from MIT Press. ISBN 0-262-10095-9.

History

   1. Data produced by United States Patent and Trademark Office

   2. Hall, B. H., A. B. Jaffe, and M. Tratjenberg prepared the NBER dataset,
   2001

   3. July 10, 2003: NBER data transformed in Pajek format by V. Batagelj.


References

   1. Hall, B. H., A. B. Jaffe, and M. Tratjenberg (2001): The NBER U.S. Patent
   Citations Data File.

   2. United States Patent and Trademark Office, Patent Number Search

   3. Batagelj V. (2003): Efficient Algorithms for Citation Network Analysis.

Pajek Data; 27. January 2004

-------------------------------------------------------------------------------
NOTE regarding conversion for UF sparse matrix collection: in original the data
there are 14,973,817 edges (unweighted).  Of this, 3050 are duplicates         
This graph is binary; the duplicates have been removed.                        
Also, the original data has auxiliary data for all 6,009,554 US Patents in this
time period.  This patent network has only 3,774,768 patents, and the auxiliary
data (appyear, class, etc.) is matched here to the nodes of the graph.         

================================================================================
==> Roget/Roget.txt <==
================================================================================


Pajek datasets Roget Roget's Thesaurus, 1879

Dataset   Roget

Description

roget.net directed network with 1022 vertices and 5075 arcs (1 loop); word X is
related to word Y.



Roget.net (ZIP, 17K)

Background

The network Roget.net is based on the file roget.dat from the Stanford
GraphBase that contains cross-references in Roget's Thesaurus, 1879.

Dr. Peter Mark Roget (1779-1869) philologist, scientist, physician. The name
Roget could soon become a virtual synonym for the word ""synonym"". For those who
use Roget's Thesaurus it is one of the three most important books ever
printed...along with The Bible and Webster's Dictionary. In order to
communicate one's exact intention...or one's precise meaning, the Thesaurus,
being a list of synonyms or verbal equivalents, is a necessary tool. The first
draft of the Thesaurus was written in 1805, two years before Webster started on
his dictionary. However for a period of 47 years Dr. Roget used his manuscript
as his personal, secret, treasure trove. Not until he was 73 years old did he
decide to reveal and publish this great manuscript.

Since 1852, Roget's Thesaurus has never been out of print. In fact, each
succeeding edition has increased the popularity of the work. The original
15,000 words included in the 1805 manuscript has increased to over a quarter of
a million in the 1992 edition (the tenth printing). With such an increase in
size, it is encouraging to notice that the basic content still remains
intact..... for example, where the 1805 Thesaurus traces the word: existence:
""Ens, entity, being, existence, essence..."", the 1992 Thesaurus contains
existence: ""existence, being, entity, ens,...essence...""

Each vertex of the graph corresponds to one of the 1022 categories in the 1879
edition of Peter Mark Roget's Thesaurus of English Words and Phrases, edited by
John Lewis Roget. An arc goes from one category to another if Roget gave a
reference to the latter among the words and phrases of the former, or if the
two categories were directly related to each other by their positions in
Roget's book. For example, the vertex for category 312 (`ascent') has arcs to
the vertices for categories 224 (`obliquity'), 313 (`descent'), and 316
(`leap'), because Roget gave explicit cross-references from 312 to 224 and 316,
and because category 312 was implicitly paired with 313 in his scheme.

History

   1. Original Roget's Thesaurus was published in 1852.

   2. Peter's son John Luis Roget published the second, improved edition in
1879.

   3. Project Gutenberg Roget's Thesaurus (1911 edition) put into electronic
format in 1991.

   4. Graph Roget.dat of cross-references based on the second edition was
produced for Stanford GraphBase (SGB) in 1992/3.

   5. MICRA (Pat Cassidy) prepared the electronic version of the 1911 Roget's
Thesaurus that is widely available on the internet.

   6. SGB Roget.dat transformed in Pajek format: A. Mrvar, 5. December 1996.

References

   1. Peter Mark Roget: Roget's Thesaurus of English Words and Phrases

   2. Project Gutenberg: Roget's Thesaurus

   3. Donald E. Knuth: The Stanford GraphBase: A Platform for Combinatorial
Computing . New York: ACM Press, 1993

   4. The Stanford GraphBase: roget.dat, version 15.6.1993

   5. Pat Cassidy: MICRA / Factotum

   6. CIDE (Collaborative International Dictionary of English), GNU 1996-2002

Pajek Data; 23. January 2004


================================================================================
==> Sandi/Sandi.txt <==
================================================================================

 REFERENCES

DATASET SANDI

DESCRIPTION 2-mode 674×314 network.

BACKGROUND These data were obtained from the bibliography of the book Imrich W,
Klavžar S. (1999) Graph products. The result is a author-by-paper 2-mode
network: arc (i,j) - author i is the (co)author of the paper j.

DERIVED DATA AUTHORS authors network

REFERENCES

    * Imrich W, Klavžar S. (1999). Graph products. References.



================================================================================
==> Stranke94/Slovene_Parties.txt <==
================================================================================

Pajek datasets Slovene Parliamentary Parties 1994

Dataset Stranke94

Description

Stranke94.net - valued signed network with 10 vertices



Stranke94.net Background

Relations between Slovene parliamentary political parties:

    * SKD - Slovene Christian Democrats;

    * ZLSD - Associated List of Social Democrats;

    * SDSS - Social Democratic Party of Slovenia;

    * LDS - Liberal Democratic Party;

    * ZSESS - first of two Green Parties, separated after 1992 elections;

    * ZS - second Green Party;

    * DS - Democratic Party;

    * SLS - Slovene People's Party;

    * SNS - Slovene National Party;

    * SPS SNS - a group of deputies, former members of SNS, separated after
    * 1992 elections

were estimated by the members of the Slovene National Parliament. So the
respondents were well informed and competent to give such estimations. In the
questionnaire designed by a group of experts on Parliament activities, some
questions about the political space and its dimensions were included and the
following question about relations between parliamentary political parties:

    If various criteria (or various dimensions of the political space) are
    taken into account, some parties are by average closer than others. How
    would you personally estimate distances between pairs of parties in the
    political space?

    Please, estimate the distance between each pair of parties on the scale
    from -3 to +3, where:

    -3 means that parties are very dissimilar;

    -2 means that parties are quite dissimilar;

    -1 means that parties are dissimilar;

    0 means that parties are neither dissimilar nor similar (somewhere in
    between);

    +1 means that parties are similar;

    +2 means that parties are quite similar;

    +3 means that parties are very similar.

To collect estimations each respondent was given a 10-party by 10-party table
with empty cells in the upper triangle. The diagonal and the lower triangle
were coloured in black. Each respondent had to estimate relations between 45
pairs of parties.

The measures of central tendency were computed on the basis of the estimations
given by 72 out of 90 members of the Parliament. 17 members of the Parliament
were not available at the time of interviewing and one refused respond. 64
respondents out of the 72 estimated all 45 requested party relations. Only two
out of 8 respondents with missing values have a large number of missing values
(namely 40), the rest of them have 5 to 10 missing values. As far as the
parties (variables) are considered, there are from 0 to 8 missing values and a
recognisable pattern: relations involving ZS (which had no representatives in
the Parliament at the time of interviewing) include from 6 to 8 missing values,
others from 0 to 3 missing values.

The weights of arcs in the network are averages of values multiplied by 100 and
rounded. The missing values were excluded. 

History

   1. Stran format by V. Batagelj, 19. October 1994.

   2. Transformed in Pajek format by V. Batagelj, 15. February 2004.

References

   1. Samo Kropivnik and Andrej Mrvar: An Analysis of the Slovene Parliamentary
   Parties Network. Developments in Statistics and Methodology. (A. Ferligoj,
   A. Kramberger, editors) Metodološki zvezki 12, FDV, Ljubljana, 1996, p.
   209-216.

   2. Patrick Doreian and Andrej Mrvar(1996): A Partitioning Approach to
   Structural Balance. Social Networks, 18, p. 149-168.

Pajek Data; 15. February 2004


================================================================================
==> Tina/Tina.txt <==
================================================================================

Pajek datasets
Student Government of the University of Ljubljana / 1992

Dataset Tina

Description

DisCal.net - network with 11 vertices and 41 arcs
DisCog.net - network with 11 vertices and 48 arcs
AskCal.net - network with 11 vertices and 29 arcs
AskCog.net - network with 11 vertices and 36 arcs
AnsCalT.net - network with 11 vertices and 41 arcs
AnsCogT.net - network with 11 vertices and 42 arcs
DisCalSn.net - network with 11 vertices and 41 arcs
Tina.paj - Pajek project file with complete dataset.



complete dataset (ZIP, 3K)
DisCalSn.net
Background
In the experiment two alternative methods were used for collection of network data:

     Recall: Members of the group were asked to identify the members of their
     egocentric networks by memory. The criteria for enumeration was frequency
     of the recalled communications.

     Recognition: The list of all members of the group was given to each
     member. They were first asked to identify who they communicate with and
     than to select the persons they communicate with most often.

The number of listed persons was not limited in any method.

The analyzed network consisted of communication interactions among twelve
members and advisors of the Student Government at the University in Ljubljana.
The results of the measurement are not real interactions among actors but
cognition about communication interactions. Data were collected with face to
face interviews which lasted from 20 to 30 minutes. Interviews were conducted
in May 1992.

Communication flow among actors was identified by three questions:

    Who of the members and advisors of the Student government do you (most
    often) informally discuss with?

    Which members and advisors of the Student Government do you (most often)
    ask for an opinion?

    Which of the members and advisors of the Student Government (most often)
    ask you for an opinion?

The content of the communication flow was limited to the matters of the Student
Government. The time frame was also defined: questions were referred to the six
months period (from the formation of the government to the day of the
interview).

Only one respondent listed all the others under the recognition method for two
relations (discussion, asking for an opinion). For that respondent the first
group was defined arbitrary. The cut point was determined by the average number
of selected persons at the recognition method (3.5 for the first relation and
4.5 for the second).

One respondent refused to cooperate in the experiment. As he was not considered
in the analysis, the network consists of eleven actors.


History


   1. Transformed in Stran format by V. Batagelj, 28. July 1993.
   2. Transformed in Pajek format by V. Batagelj, 8. August 2003.

Files

DisCal.net - discussion, recall
DisCog.net - discussion, recognition
AskCal.net - asking for an opinion, recall
AskCog.net - asking for an opinion, recognition
AnsCalT.net - being asked for an opinion, recall (transposed)
AnsCogT.net - being asked for an opinion, recognition (transposed)
DisCalSn.net - discussion, recall / short names
Tina.paj - Pajek project file with complete dataset.
References

   1. Valentina Hlebec: Recall Versus Recognition: Comparison of the Two
   Alternative Procedures for Collecting Social Network Data. Developments in
   Statistics and Methodology. (A. Ferligoj, A. Kramberger, editors)
   Metodološki zvezki 9, FDV, Ljubljana, 1993, p. 121-129.

Pajek Data; 8. August 2003


================================================================================
==> WassermanFaust/WassermanFaust.txt <==
================================================================================

NOTE: the Wasserman/Faust networks have not been included.


Pajek datasets
from the book
Social Network Analysis: Methods and Applications
Wasserman and Faust, 1994
Wasserman and Faust datasets

Dataset   WaFa

There are five network examples: Krackhardt's high-tech managers, Padgett's
Florentine families, Freeman's EIES network, Countries trade network, and
Galaskiewicz's CEOs and clubs network.

Description

HighTech.paj - multirelational network with 21 vertices and 190+102+20 arcs
Padgett.paj - multirelational network with 16 vertices and 30+40 arcs
EIES.paj - multirelational network with 48/32 vertices and 695+830/460 arcs
Trade.paj - multirelational network with 24 vertices and 307+307+310+135+369
    arcs
CEOs.net - two-mode network with 41 vertices and 98 edges.


Background

Complete descriptions of these data, including references for the original
sources of the data, can be found in Chapter 2 (pages 59- 66) and Appendix B
(pages 738-755) of Wasserman and Faust.

The original data in ASCII, UCINET and KrackPlot formats are available at
INSNA. 

History

   1. INSNA page.
   2. Transformed in Pajek format by V. Batagelj, 15. January 2005.

Files

HighTech.paj - Krackhardt's High-tech managers
Padgett.paj - Padgett's Florentine Families
EIES.paj - Freeman's EIES network
Trade.paj - Countries trade data
CEOs.net - Galaskiewicz's CEOs and clubs.
References

   1. Stanley Wasserman, Katherine Faust: Social Network Analysis: Methods and
   Applications. CUP, 1994.

Pajek Data; 15. January 2005


================================================================================
==> Wordnet/Wordnet.txt <==
================================================================================


NOTE: this is a binary graph in the Pajek dataset, but where each edge has a
label (not a weight) in the range 1 to 9.  The following labels are used:

1  hypernym pointer
2  entailment pointer
3  similar pointer
4  member meronym pointer
5  substance meronym pointer
6  part meronym pointer
7  cause pointer
8  grouped pointer
9  attribute pointer

This is not a multigraph.  There are no edges (i,j) between the same nodes
with the same label.  Thus, in the sparse matrix, the edge weight A(i,j)
represents the label 1 through 9 of edge (i,j).  No loss of information
occurs in this translation.  The above table is in aux.edgecode(1:9,:).
Each node is a word in a dictionary.  aux.category(i) gives the category
of the word:
   1: n (noun?)       63099 words
   2: v (verb?)        4496 words
   3: a (adjective?)   5501 words
   4: r (?)            2846 words
   5: s (?)            6728 words.


================================================================================
==> yeast/yeast.txt <==
================================================================================

Pajek datasets
Protein-protein interaction network in budding yeast

Dataset   Yeast

Description

yeastS.net network with 2361 vertices and 7182 edges (536 loops).
yeastL.net network with 2361 vertices and 7182 edges (536 loops).
yeast.clu partition of vertices.
yeast.paj Pajek project file with complete dataset.



complete dataset (ZIP, 134K)

Background Interaction detection methods have led to the discovery of thousands
of interactions between proteins, and discerning relevance within large-scale
data sets is important to present-day biology. The dataset consists of
protein-protein interaction network described and analyzed in (1) and available
as an example in the software package - PIN (2).

PIN class encoding:
1 - T, 2 - M, 3 - U, 4 - C, 5 - F, 6 - P, 7 - G, 8 - D, 9 - O,
10 - E, 11 - R, 12 - B, 13 - A.

yeastS.net X interacts with Y relation, short names.  yeastL.net X interacts
with Y relation, long labels.  yeast.clu PIN class partition of vertices, see
encoding.  yeast.paj Pajek project file with complete dataset.

References

   1. Shiwei Sun, Lunjiang Ling, Nan Zhang, Guojie Li and Runsheng Chen:
   Topological structure analysis of the protein-protein interaction network in
   budding yeast. Nucleic Acids Research, 2003, Vol. 31, No. 9 2443-2450 (PDF).

    2. Software package Protein Interaction Network PIN

Transformed in Pajek format by V. Batagelj, 25. July 2003


================================================================================
==> GD problems <==
================================================================================

These graphs are from the Graph Drawing 1995-2006 Contests.

GD97_b:
NOTE regarding conversion for UF sparse matrix collection: in original the data
every edge appears exactly twice, with the same edge weight.  It could be a    
multigraph, but it looks more like a graph.  The duplicate edges are removed in
this version.  You can always add them back in yourself; just look at 2*A."
Barabasi,3,"Notre Dame networks, A. Barabasi. ================================================================================",https://sparse.tamu.edu/Barabasi,graph/network data,graph/network data,1.0,3,bipartite graph (1); directed graph (1); undirected graph (1),1,binary (3),3,rectangular (1); unsymmetric (1); symmetric (1),2114,392400,185.61967833491013,wide (>100×),4480,1470404,mixed,2,1,mixed among square matrices,1,1,0,real only,3,0,one broad domain; mixed matrix forms,"Notre Dame networks, A. Barabasi.

================================================================================

The NotreDame_actors, _www, and _yeast networks were derived from
the Pajek versions of the networks.  Details below.

================================================================================

Pajek data sets, from http://vlado.fmf.uni-lj.si/pub/networks/data/,
Vladimir Batagelj and Andrej Mrvar (2006): Pajek datasets.  If the source of
the data set is not specified otherwise,  these data sets are licensed under a
Creative Commons Attribution-NonCommercial-ShareAlike 2.5 License.

Converted to sparse adjacency matrix format by Tim Davis, October 2006.
A(i,j) is the edge from node i to node j in the graph.  If a graph is not
listed as weighted, and yet has non-binary entries, then the entry a(i,j)
reflects the number of edges (i,j) in the original data (the graph is a
multigraph).

All data was converted without loss of information, except where intentional.
Details are given below.

""Pajek"" is Slovenian for ""spider"" and is roughly pronounced ""Pie yeck"".

The Pajek networks are all 1-based (nodes are numbered starting at node 1).


================================================================================
Summary:
================================================================================

NotreDame_actors:	Barabasi's actor network (of www.imdb.com)
		392400-by-127823 with 1470404 nonzeros
		kind: bipartite multigraph

NotreDame_www:	Barabasi's web page network of nd.edu
		325729-by-325729 with 929849 nonzeros
		kind: directed graph

NotreDame_yeast:	Barabasi's yeast protein interaction
		2114-by-2114 with 4480 nonzeros
		kind: undirected graph

================================================================================

Pajek datasets Notre Dame Self-Organized Networks Database

Datasets   NDwww, NDactors, NDyeast

Description

Notre Dame Self-Organized Networks:

   1. NDwww.net directed network with 325729 vertices and 1497135 arcs (27455
loops); page X is linked to page Y.

   2. NDactors.net undirected two-mode network with 520223 vertices (392400
players, 127823 movies) and 1470418 edges; player X plays in movie Y.

   3. NDyeast.net undirected network with 2114 vertices and 2277 edges (74
loops); protein X interacts with protein Y.



NDwww.net (ZIP, 2050K) NDactors.net (ZIP, 4150K) NDyeast.net (ZIP, 7K)

Background

The networks ND*.net are based on the files from Notre Dame Self-Organized
Networks Database. To transform the data into Pajek format: vertex 0 was
replaced by the vertex number equal to the number of vertices in a network;
Pajek keywords were inserted; and the network was saved in the short (as lists
of neighbors) format.

   1. World-Wide-Web:: Each number represents webpage within nd.edu domain.
Arcs: From page -> To page Réka Albert, Hawoong Jeong and Albert-László
Barabási: Diameter of the World Wide Web, Nature 401, 130 (1999) [ PDF ] See
also a decompostion of this network in V. Batgelj, A. Mrvar: How to analyze
large networks with Pajek?

   2. Actor: Actor network data: (based on www.imdb.com) In the original ND
network file: each line corresponds to one movie, each number represents actor:
number_1 number_2 ... number_k (k actors who play in the same movie).
Albert-László Barabási, Réka Albert: Emergence of scaling in random networks,
Science 286, 509 (1999) [ PDF ]

   3. Protein Interaction Network for Yeast: Each number represents protein in
protein interaction network of yeast. Edges: From protein -> To protein.  For
other datasets used in supplementary material, please refer indicated
references.  Hawoong Jeong, Sean Mason, Albert-László Barabási and Zoltán N.
Oltvai: Centrality and lethality of protein networks, Nature 411, 41 (2001) [
PDF ] See also Yeast data

History

   1. Notre Dame Networks Database put on WWW by the Notre Dame team, 2001;

   2. 23-25. July 2001: ND nets transformed in Pajek format by V. Batagelj.

   3. 23. May 2004: ND nets in Pajek format transformed in short (lists of
neighbors) Pajek format by V. Batagelj.

References

   1. Self-Organized Networks Database, University of Notre Dame.

Copyright Extract from the Notre Dame Networks Database page: ""... Feel free to
use these data in your research."" Mail to Hawoong Jeong (author of original ND
networks).

Pajek Data; 23. May 2004

================================================================================


Network Databases

The aim of this page is to give access to the network topologies we have
studied. We are in the process of expanding this database. Feel free to use
these data in your research.

    World-Wide-Web: [README] [DATA]
    Réka Albert, Hawoong Jeong and Albert-László Barabási:
    Diameter of the World Wide Web Nature 401, 130 (1999) [ PDF ]

    Actor: [README] [DATA]
    Albert-László Barabási, Réka Albert:
    Emergence of scaling in random networks Science 286, 509 (1999) [ PDF ]

    Celluar Network: [README] [Whole Cellular Network]
    [Metabolic Network Only]
    Hawoong Jeong, Bálint Tombor, Réka Albert,
    Zoltán N. Oltvai and Albert-László Barabási:
    The large-scale organization of metabolic networks
    Nature 407, 651 (2000) [ PDF ]

    Protein Interaction Network: [README] [DATA for yeast]
    Hawoong Jeong, Sean Mason, Albert-László Barabási and Zoltán N. Oltvai:
    Centrality and lethality of protein networks Nature 411, 41 (2001) [ PDF ]
    [ Supplementary Material 1 & 2 ]

    Enron Email Dataset
    [ Website ]

    Network Dynamic Data will be available soon!"
QCD,14,"Quantum Chromodynamics, B. Medeke, Univ. Wuppertal, Germany Source: Bjoern Medeke, Department of Mathematics, Institute of Applied",https://sparse.tamu.edu/QCD,chemistry/biology,chemistry/biology,1.0,1,theoretical/quantum chemistry problem (14),1,complex (14),1,unsymmetric (14),3072,49152,16.0,moderate (4–100×),119808,1916928,square only,14,0,no square matrix exactly symmetric/Hermitian,0,0,0,complex only,0,0,coherent family/series,"Quantum Chromodynamics, B. Medeke, Univ. Wuppertal, Germany


Source:	    Bjoern Medeke, Department of Mathematics, Institute of Applied
Computer Science, University of Wuppertal, 42097 Wuppertal, Germany. Phone: +49
202 439-3776. Email: medeke at math.uni-wuppertal.de 
Discipline:	Physics
Accession (in Matrix Market collection):  December 2000

Background. Lattice gauge theory is a discretization of quantum chromodynamics
which is generally accepted to be the fundamental physical theory of strong
interactions among the quarks as constituents of matter. The most
time-consuming part of a numerical simulation in lattice gauge theory with
Wilson fermions on the lattice is the computation of quark propagators within a
chromodynamic background gauge field. These computations use up a major part of
the world's high performance computing power.

Quark propagators are obtained by solving the inhomogeneous lattice Dirac
equation Ax = b, where A = I - kD with 0 <= k < kc is a large but sparse
complex non-Hermitian matrix representing a periodic nearest-neighbour coupling
on a four-dimensional Euclidean space-time lattice.

From the physical theory it is clear that the matrix A should be positive real
(all eigenvalues lie in the right half plane) for 0 <= k < kc. Here, kc
represents a critical parameter which depends on the given matrix D. Denoting

\\gamma_5 = \\left( \\begin{array}{cccc}
    0 & 0 & 1 & 0 \\\\
    0 & 0 & 0 & 1 \\\\
    1 & 0 & 0 & 0 \\\\
    0 & 1 & 0 & 0
 \\end{array}\\right)

 the Wilson fermion matrix A is Gamma-5 symmetric,

\\Gamma_5 A = A^H \\Gamma_5,\\;\\;\\;\\;\\Gamma_5 = I \\otimes ( \\gamma_5 \\otimes I_3 )

Due to the nearest neighbour coupling, the matrix A has 'property A'. This
means that with a red-black (or odd-even) ordering of the grid points the
matrix becomes

A = I - kD

with

D = \\left( \\begin{array}{cc}
    0 & D_{\\rm oe} \\\\D_{\\rm eo} & 0
 \\end{array}\\right)

Set of QCD Matrices. The QCD matrices provided in the set QCD consist of
realistic matrices D generated at different physical temperatures b.

matrix D    b	order	nonzeros    kc
conf5.0-00l4x4-1000.mtx	    5.0	3072	119808	0.20611
conf5.0-00l4x4-1400.mtx	    5.0	3072	119808	0.20328
conf5.0-00l4x4-1800.mtx	    5.0	3072	119808	0.20265
conf5.0-00l4x4-2200.mtx	    5.0	3072	119808	0.20235
conf5.0-00l4x4-2600.mtx	    5.0	3072	119808	0.21070
conf6.0-00l4x4-2000.mtx	    6.0	3072	119808	0.15968
conf6.0-00l4x4-3000.mtx	    6.0	3072	119808	0.16453
conf5.4-00l8x8-0500.mtx	    5.4	49152	1916928	0.17865
conf5.4-00l8x8-1000.mtx	    5.4	49152	1916928	0.17843
conf5.4-00l8x8-1500.mtx	    5.4	49152	1916928	0.17689
conf5.4-00l8x8-2000.mtx	    5.4	49152	1916928	0.17835
conf6.0-00l8x8-2000.mtx	    6.0	49152	1916928	0.15717
conf6.0-00l8x8-3000.mtx	    6.0	49152	1916928	0.15649
conf6.0-00l8x8-8000.mtx	    6.0	49152	1916928	0.15623

References. A survey of lattice gauge theory is given in

   1. M. Creutz: Quarks, Gluons, and Lattices,
     Cambridge University Press, (1986)

   2. I. Montvay and G. Munster: Quantum Fields on the Lattice,
     Cambridge University Press (1994) 

More background information can be found at various locations on the Web.
Search for ""High Energy Physics"" (HEP). A list of HEP Web sites is available at
CERN (European Laboratory for Particle Physics).

A PostScript version of this information is also available."
Cylshell,7,"Finite element analysis of cylindrical shells, R. Kouhia, Helsinki. Set CYLSHELL",https://sparse.tamu.edu/Cylshell,structures/materials,structures/materials,1.0,1,structural problem (7),1,real (7),1,symmetric (7),5357,5489,1.0246406570841888,narrow (≤4×),207123,263351,square only,7,0,all square matrices symmetric/Hermitian,7,7,7,real only,0,7,coherent family/series,"Finite element analysis of cylindrical shells, R. Kouhia, Helsinki.

Set CYLSHELL

Source:	    Reijo Kouhia, Helsinki University of Technology, reijo.kouhia at hut.fi

Discipline:	Structural mechanics
Accession (in Matrix Market collection):  Summer 1997

These matrices result from finite element discretization of an octant of a
cylindrical shell. The ends of the cylinder are free. A summary of the problem
is given below; further details, including plots of the finite element meshes
can be found in a separate description.

Notation: T indicates the Radius to thickness ratio, R/t = 10T; MO indicates
the model type: DK = Discrete-Kirchhoff, RM = Reissner-Mindlin; EL indicates
element type: T3 = 3-node triangular, Q4 = 4-node quadrilateral, etc.; MX
indicates the mesh type: M1 = 30x30 uniform, M2 = 100x150 uniform, M3 = graded
mesh of 1666 triangles (grading near one boundary and one vertex). The naming
convention, cTMOELMX, is based on these.

The finite element is a facet type shell element (3/4 nodes) with drilling
rotation incorporated by the Hughes-Brezzi technique and using the penalty
parameter value of G/1000 (regularization parameter) , where G is the shear
modulus. In order to improve the coarse mesh accuracy the membrane
interpolation is amended by the Allman type quadratic modes linked to the
drilling rotation. The bending formulation utilizes the stabilized MITC
technique with the stabilization parameter equal to 0.4.

For iterative conjugate gradient type solvers, the problem gets harder when the
radius to thickness ratio R/t increases. For quadrilateral meshes using the
IC(0) preconditioner, iteration counts are about 100 (for R/t=10) and 180 (for
R/t=1000) in reaching the relative residual norm of 10-9 depending slightly on
the right-hand side vector. For matrices corresponding to triangular meshes the
number of iterations doubles in comparison to quadrilateral ones.

The matrices are all symmetric positive definite.

The following estimates of largest and smallest eigenvalues and spectral
condition numbers were provided by the author. These were computed using the
Lanczos algorithm from QMRPACK (subroutine DSLAL) with 100 steps.

Matrix	Max eigenvalue	Min eigenvalue	Condition No.
S1RMQ4M1    6.8743215039276076E+05  3.7969627252353000E-01  1.810479E+06
S2RMQ4M1    6.8743398166879822E+04  3.8746327712024738E-04  1.774191E+08
S3RMQ4M1    6.8745248885112433E+03  3.8936812501755643E-07  1.765559E+10
S1RMT3M1    9.6684220885668334E+05  3.7976650205204426E-01  2.545886E+06
S2RMT3M1    9.6681138121311058E+04  3.8747124280659988E-04  2.495182E+08
S3RMT3M1    9.6688590706791765E+03  3.8956266582265278E-07  2.481978E+10
S3DKQ4M2    4.6016534362482462E+03  2.4268618877322254E-08  1.896133E+11
S3DKT3M2    8.7984363691286471E+03  2.4269393992599454E-08  3.625322E+11
S3RMT3M3    9.5986080894852857E+03  3.9983547883056739E-07  2.400639E+10"
POLYFLOW,2,"Parasol matrices, collected by Jacko Koster",https://sparse.tamu.edu/POLYFLOW,fluids/transport,fluids/transport,1.0,1,computational fluid dynamics problem (2),1,real (2),1,unsymmetric (2),29957,30412,1.015188436759355,narrow (≤4×),1793881,1990919,square only,2,0,no square matrix exactly symmetric/Hermitian,0,1,0,real only,0,2,coherent family/series,"Parasol matrices, collected by Jacko Koster
http://www.parallab.uib.no/projects/parasol/data


Provider: Polyflow, Louvain La Neuve, Belgium (home page)
Contact: Jean-Marie Marchal

name	     description	format	order	#entries

INVEXTR1     Extrusion. Unsymmetric matrix.  RUA	    
	    order 30,412  #entries 1,793,881

MIXTANK	     Mixing tank. Unsymmetric matrix.	RUA
	    order 29,957  #entries 1,995,041

INVEXTR1_NEW Extrusion. Unsymmetric matrix.  Modified version of INVEXTR1 to
avoid underflow errors on some machines.

MIXTANK_NEW	Mixing tank. Unsymmetric matrix. Modified version of MIXTANK to
avoid underflow errors on some machines.

Last update: Mon Feb 07 2005"
INPRO,1,"Parasol matrices, collected by Jacko Koster",https://sparse.tamu.edu/INPRO,structures/materials,structures/materials,1.0,1,structural problem (1),1,real (1),1,symmetric (1),415863,415863,1.0,one size,19173163,19173163,square only,1,0,all square matrices symmetric/Hermitian,1,1,1,real only,0,1,single matrix,"Parasol matrices, collected by Jacko Koster

http://www.parallab.uib.no/projects/parasol/data

Provider: INPRO, Berlin, Germany (home page)
Contact: Jochen Weiher

name	description	format	order	#entries
HOOD	Hood		    RSA	    220,542	5,494,489
OILPAN	Oilpan		    RSA	    73,752	1,835,470
QUER	.		    RSA	    59,122	1,462,811
SMDOOR	Small door	    RSA	    162,610	4,036,144
MSDOOR	Medium size door    RSA	    415,863	10,328,399
LDOOR	Large door	    RSA	    952,203	23,737,339"
Mittelmann,30,Linear programming problems from H. Mittelmann 12 Jul 2006,https://sparse.tamu.edu/Mittelmann,optimization/control,optimization/control,1.0,1,linear programming problem (30),2,integer (20); real (10),1,rectangular (30),24460,1961394,80.18781684382665,moderate (4–100×),71264,46168124,rectangular only,0,30,N/A (rectangular only),0,0,0,real only,0,0,one broad domain; mixed matrix forms,"Linear programming problems from H. Mittelmann

12 Jul 2006

 ====================================
 Benchmark of commercial LP solvers
 ====================================

H. Mittelmann (mittelmann@asu.edu)

Logfiles of these runs at: http://plato.asu.edu/ftp/lp_logs/

This benchmark was run on a Linux-PC (3.2 GHz P4, 4 GB RDRAM, Linux-2.6).
The MPS-datafiles for all testcases are in one of (see column ""s"")

 http://miplib.zib.de/ [1]
 http://plato.asu.edu/ftp/lptestset/ [2]
 http://www.sztaki.hu/~meszaros/public_ftp/lptestset/
(NETLIB[3], MISC[4], PROBLEMATIC[5], STOCHLP[6], KENNINGTON[7], INFEAS[8])

NOTE: files in [2-8] need to be expanded with emps in same directory!

B/D/P: barrier/dual/primal simplex

The following codes were tested:

 XP-B/D/P     http://www.dashoptimization.com/ (XPRESS-MP-15.20)
 CPLEX-B/D/P  http://www.cplex.com/ (ILOG-CPLEX-10.0)
 MOSEK-4.0.0.32 http://www.mosek.com (barrier)
 LOQO-6.06    http://www.princeton.edu/~rvdb/
 LIPSOL       linprog in Matlab 7.0

Times are user times in secs including input and crossover to a feasible basis
for all codes except LOQO and LIPSOL. ""$"" without crossover.

=====================================================
s problem  CPLEX-B   CPLEX-D/P   MOSEK   LOQO LIPSOL
=====================================================
2 cont1       952    2174/1530    5855      -      -
2 cont11     1983        /       45727      -      -
2 cont4      3505    2929/736      686      -      -
2 cont1_l$   3171                 7102
2 cont11_l$     f                 2081
1 dano3mip     16      36/23        14     85     14
4 dbic1       112     116/23       129    156    104
3 dfl001       14      20/46        12    152     13
2 fome12      169     141/407       57    485     88
2 fome13       87     669/1170      88    963     85
5 gen4         31       2/71        24     33    233
7 ken-18       11      12/68        21    274     25
5 l30           f      28/80         3      3   1691
4 lp22          6      40/72         7     62      9
4 mod2         10      82/192       20     61     25
2 neos        109      27/154      167    754    321
2 neos1        30     808/16        35    153     37
2 neos2        21     492/29        30     92     29
2 neos3       201    3208/5915     562   1505    502
4 nsct2        69       2/2         50    840    131
4 nug15        77    2912/1278     111   1855    118
2 nug20      1276                 1490  26402   3092
2 nug08-3rd  1279    2367/        1925          2004
2 pds-40      142      37/166      183  15908    252
2 pds-100     740     160/1586    1951          1673
3 qap12        10     203/112       15    201     17
3 qap15        74    2871/1230     107   1978    145
2 rail4284    239    5235/6476     386   4123    534
4 rlfprim       4       1/6          5     64      7
8 self         64     113/100      203     85   3194
2 sgpf5y6      11       3/2         18   fail     23
2 spal_004$  4669                 8020      m
4 stat96v1    390     188/641       47        
4 stat96v2 >125000  29364/fail     390        
4 stat96v4      8     396/553       30     
6 storm-125    18      15/26        62     35     62
2 storm_1000  319     632/1482     916   1269    802
1 stp3d       168    1067/11715    196   2347    218
2 watson_2     49     192/346       66    313     70
4 world        10      94/237       25     44     28
=====================================================



Problem sizes


problem           rows    columns     nonzeros
===============================================
 cont1           160793      40398       399991
 cont11          160793      80396       439989
 cont4           160793      40398       398399
 cont1_l        1918399     641598      5752001
 cont11_l       1468599     981396      4403001
 dano3mip_lp       3203      13873        79656
 dbic1            43200     183235      1038761                    
 dfl001            6072      12230        41873
 fome12           24285      48920       167492
 fome13           48569      97840       334984
 gen4              1538       4297       110174
 ken-18          105128     154699       512719
 l30               2702      15380        64790
 lp22              2959      13434        78994
 mod2             35665      31728       220116
 neos            479120      36786      1084461
 neos1           131582       1892       468094
 neos2           132569       1560       552596
 neos3           512209       6624      1542816
 nsct2            23004      14981       686396
 nug15             6331      22275       110700
 nug20            15240      72600       304800
 nug08-3rd        19728      20448       139008
 pds-40           66845     212859       605678
 pds-100         156244     505360      1390539
 qap12             3193       8856        44244
 qap15             6331      22275       110700
 rail4284          4284    1092610     12372358
 rlfprim          57422       8052       264483
 self               960       7364      1148845
 sgpf5y6         246078     308634       902275
 spal_004         10203     321696     46167908
 stat96v1          5995     197472       588798
 stat96v2         29089     957432      2852184
 stat96v4          3173      62212       490472
 stormG2-125      66186     157496       529317
 stormG2_1000    528186    1259121      4228817
 stp3d           159488     204880       662128
 watson_2        352014     671861      1843716
 world            35511      32734       220748
==============================================="
Meszaros,166,Linear programming problems from C. Me'sza'ros email: mcsaba at oplab.sztaki.hu,https://sparse.tamu.edu/Meszaros,optimization/control,optimization/control,1.0,1,linear programming problem (166),3,real (107); integer (41); binary (18),2,rectangular (165); unsymmetric (1),16,1113780,69611.25,wide (>100×),41,11537419,mixed,1,165,no square matrix exactly symmetric/Hermitian,0,1,0,real only,18,0,one broad domain; mixed matrix forms,"Linear programming problems from C. Me'sza'ros

email: mcsaba at oplab.sztaki.hu
http://www.sztaki.hu/~meszaros/
http://www.sztaki.hu/~meszaros/public_ftp/lptestset

http://www.sztaki.hu/~meszaros/bpmpd/

Linear Programming Test Problems

I'm collecting linear programming problems (in MPS format, formulated as
minimization) for testing. You can find them in the following subdirectories of
http://www.sztaki.hu/~meszaros/public_ftp/lptestset:

    * NETLIB, contains the ""usual"" NETLIB LP problems.

    * KENNINGTON, contains the ""Kennington"" collection, also available from
      NETLIB.

    * INFEAS, infeasible LP problems (most of them are available from NETLIB).

    * STOCHLP, deterministic equvivalent of stochastic linear programming
      problems (mostly 2-stage models).

    * MISC, in which you can find a number of different LP problems not
      available from NETLIB.

    * PROBLEMATIC, in which you can find ""problematical"" problems. These
      problems are, usually the results of wrong modelling. In the README file
      you can find a short explanation about the modelling mistakes.

    * QPDATA, where you can find sets of convex quadratic testproblems. See the
      README for more details. NETLIB.

The problems are compressed in two levels. To uncompress them, you have to
gunzip the files and then use the empc utility to create the MPS file. Please
let you submit me your problems (if you have an interesting one) by sending me
a mail message.

I would like to emphasize my sincerely thanks to those people who helped me
to extend the MISC collection, namely to

    * Prof. G. Mitra at the Brunel University ,

    * Prof. T. Terlaky at the University of Technology Delft,

    * E.D. Andersen at the Univeristy Odensee."
Gleich,10,"Web matrices and wikipedia matrices from David Gleich, Stanford. dgleich at standford dot edu.",https://sparse.tamu.edu/Gleich,graph/network data,graph/network data,1.0,2,directed graph (7); undirected graph (3),1,binary (10),2,unsymmetric (7); symmetric (3),2642,9845725,3726.618092354277,wide (>100×),6606,57156537,square only,10,0,mixed among square matrices,3,3,0,real only,10,0,one broad domain; mixed matrix forms,"Web matrices and wikipedia matrices from David Gleich, Stanford.
dgleich at standford dot edu.

A(i,j) = 1 if page i links to page j.  Node names are provided in separate
files at http://www.cise.ufl.edu/reseach/sparse/aux/Gleich."
UTEP,3,"Matrices from Lenka Dubcova, Jakub Cerveny, and Pavel Solin Univ. of Texas at El Paso. From a PDE solver. The fill-in when working on",https://sparse.tamu.edu/UTEP,generic spatial PDE/thermal,generic spatial PDE/thermal,1.0,1,2D/3D problem (3),1,real (3),1,symmetric (3),16129,146689,9.094736189472378,moderate (4–100×),253009,3636643,square only,3,0,all square matrices symmetric/Hermitian,3,3,3,real only,0,3,coherent family/series,"Matrices from Lenka Dubcova, Jakub Cerveny, and Pavel Solin
Univ. of Texas at El Paso.   From a PDE solver.  The fill-in when working on
a leading submatrix can be higher than for the whole matrix.

Subsets of interest are the first k rows and columns where:

    matrix Dubcova1	k = 12033
    matrix Dubcova2	k = 48641
    matrix Dubcova3	k = 81153


Details below:


1 Dubcova1 ==========================================================

---------------- complete matrix:
      name: 'UTEP/Dubcova1'
     title: 'Univ. Texas at El Paso, from a PDE solver'
        id: 1847
         A: [16129x16129 double]
      date: '2007'
    author: 'L. Dubcova, J. Cerveny, and P. Solin'
        ed: 'T. Davis'
      kind: '2D/3D problem'

UMFPACK resid 1.23002e-10, tot time 0.374201 with AMD
nnz L: 576080 (with AMD), ordering time: 0.035546
nnz L: 608040 with METIS, ordering time: 0.264172
UMFPACK resid 1.22938e-10, tot time 0.625973 with METIS

---------------- small subset:
UMFPACK resid 1.20162e-10, tot time 0.406472 with AMD
nnz L: 814164 (with AMD), ordering time: 0.024683
nnz L: 571918 with METIS, ordering time: 0.169995
UMFPACK resid 1.19592e-10, tot time 0.458673 with METIS


2 Dubcova2 ==========================================================

---------------- complete matrix:
      name: 'UTEP/Dubcova2'
     title: 'Univ. Texas at El Paso, from a PDE solver'
        id: 1848
         A: [65025x65025 double]
      date: '2007'
    author: 'L. Dubcova, J. Cerveny, and P. Solin'
        ed: 'T. Davis'
      kind: '2D/3D problem'

UMFPACK resid 1.91486e-09, tot time 1.991 with AMD
nnz L: 2956869 (with AMD), ordering time: 0.168376
nnz L: 3018738 with METIS, ordering time: 1.42383
UMFPACK resid 1.9355e-09, tot time 3.30308 with METIS

---------------- small subset:
UMFPACK resid 1.89023e-09, tot time 2.54658 with AMD
nnz L: 4357099 (with AMD), ordering time: 0.121351
nnz L: 2835807 with METIS, ordering time: 0.92858
UMFPACK resid 1.87189e-09, tot time 2.48607 with METIS


3 Dubcova3 ==========================================================

---------------- complete matrix:
      name: 'UTEP/Dubcova3'
     title: 'Univ. Texas at El Paso, from a PDE solver'
        id: 1849
         A: [146689x146689 double]
      date: '2007'
    author: 'L. Dubcova, J. Cerveny, and P. Solin'
        ed: 'T. Davis'
      kind: '2D/3D problem'
     Zeros: [146689x146689 double]

UMFPACK resid 2.04934e-09, tot time 5.38897 with AMD
nnz L: 7252162 (with AMD), ordering time: 0.331024
nnz L: 7539100 with METIS, ordering time: 2.49977
UMFPACK resid 2.05082e-09, tot time 7.39527 with METIS

---------------- small subset:
UMFPACK resid 2.04213e-09, tot time 5.87802 with AMD
nnz L: 10085274 (with AMD), ordering time: 0.195067
nnz L: 6536588 with METIS, ordering time: 1.11139
UMFPACK resid 2.03453e-09, tot time 4.6961 with METIS"
BenElechi,1,"Matrix from S. Ben Elechi, Arcelor, Inc. with many sparse right-hand sides.",https://sparse.tamu.edu/BenElechi,generic spatial PDE/thermal,generic spatial PDE/thermal,1.0,1,2D/3D problem (1),1,real (1),1,symmetric (1),245874,245874,1.0,one size,13150496,13150496,square only,1,0,all square matrices symmetric/Hermitian,1,1,1,real only,0,1,single matrix,"Matrix from S. Ben Elechi, Arcelor, Inc. with many sparse right-hand sides."
Botonakis,6,"FEM thermal/mechanical problems from Ioannis Botonakis, Germany. FEM_3D_thermal1 and FEM_3D_thermal2 are",https://sparse.tamu.edu/Botonakis,generic spatial PDE/thermal,generic spatial PDE/thermal,1.0,1,thermal problem (6),1,real (6),2,unsymmetric (3); symmetric (3),17880,204316,11.427069351230426,moderate (4–100×),430740,3489300,square only,6,0,mixed among square matrices,3,6,3,real only,0,6,one broad domain; mixed matrix forms,"FEM thermal/mechanical problems from Ioannis Botonakis, Germany.

FEM_3D_thermal1 and FEM_3D_thermal2 are
FEM 3D nonlinear thermal problems, wth 8-node bricks as volume elements.

The thermomech_* are the temperature and deformation of a steel cylinder."
Wissgott,1,"Parabolic FEM problem from Phillip Wissgott, TU Vienna. A diffusion-convection reaction. The parabolic_fem matrix uses constant",https://sparse.tamu.edu/Wissgott,fluids/transport,fluids/transport,1.0,1,computational fluid dynamics problem (1),1,real (1),1,symmetric (1),525825,525825,1.0,one size,3674625,3674625,square only,1,0,all square matrices symmetric/Hermitian,1,1,1,real only,0,1,single matrix,"Parabolic FEM problem from Phillip Wissgott, TU Vienna.
A diffusion-convection reaction.  The parabolic_fem matrix uses constant
homogeneous diffusion which leads to a symmetric positive definite matrix."
Watson,2,"Chemical reaction simulation matrices from Layne Watson and Jingwei Zhang. Virginia Tech, ltw at cs dot vtu doe yes, and jwzhang at the same domain.",https://sparse.tamu.edu/Watson,generic spatial PDE/thermal,generic spatial PDE/thermal,1.0,1,2D/3D problem (2),1,real (2),1,unsymmetric (2),40401,112211,2.7774312517016906,narrow (≤4×),201201,748331,square only,2,0,no square matrix exactly symmetric/Hermitian,0,2,0,real only,0,2,coherent family/series,"Chemical reaction simulation matrices from Layne Watson and Jingwei Zhang.
Virginia Tech, ltw at cs dot vtu doe yes, and jwzhang at the same domain.

The ODE system \\frac{dp}{dt}=Qp is what we call a chemical master equation (a 
Kolmogorov's backward/forward equation). Q is a sparse asymmetric matrix,     
whose off-diagonal entries are non-negative and row sum to zero. On each row, 
q_{ij}h gives the probability the system makes a transition from current state
i to some other state j, in small time interval h. By ""state"", we mean a      
possible combination of number of molecules in each chemical species. Now, h  
is small enough so that only one reaction happens.  In this way q_{ij} is     
nonzero only if there exists a chemical reaction that connects state i and j, 
i.e. j=i+s_k, s_k's are constant state vectors that correspond to every       
reaction.  Say we have M reactions, then there are at most M+1 nonzero        
entries on each row of Q.  On the other hand, the number of possible          
combination of molecules is huge, which means the dimension of Q is huge.     
The linear system we want to solve is (I - Q/lambda)x=b, and we have          
to solve it several times. (Here lambda is a constant).  Problem.A is the Q   
matrix."
Sinclair,2,"3-D spectral-element elastic wave modelling in freq. domain, C. Sinclair, Univ. Adelaide, Australia.",https://sparse.tamu.edu/Sinclair,structures/materials,structures/materials,1.0,1,materials problem (2),1,complex (2),1,Hermitian (2),292008,680943,2.331932686775705,narrow (≤4×),12935272,30290827,square only,2,0,all square matrices symmetric/Hermitian,2,2,0,complex only,0,2,coherent family/series,"3-D spectral-element elastic wave modelling in freq. domain, C. Sinclair,
Univ. Adelaide, Australia.

catherine dot sinclair at adelaide dot edu dot au.

3Dspectralwave:

The A matrix is produced using 3-D spectral-element elastic wave modelling in
the frequency domain. The medium is homogeneous and isotropic with elastic
coefficients: c11 = 6.30,  c44 = 1.00 The B matrix represents a real
y-directed source, placed approximately in the centre.  The model size in
elements is 20x20x20. Each element is 1m x1m x 1m. Each element is a 4x4x4
Gauss-Lobbato-Legendre mesh, so the height, width and depth of the system is
61 nodes. There are 3 unknown components at each node - the x, y and z
displacements. The A matrix therefore has dimension 680943 x 680943, where
((20 x 4) - (20 - 1))^3 * 3 = 680943. The problem domain is earth sciences.
Note that A is complex and b is sparse and real (b has a single nonzero).

The A matrix was provided with a nonzero imaginary part, but was otherwise
complex Hermitian.  To save space in the Matrix Market and Rutherford/Boeing
formats, the A matrix here has had this imaginary diagonal removed.  The
shift can be found in the aux.shift auxiliary matrix.  To reproduce the
original A matrix, use A = Problem.A + Problem.aux.shift ;

Added to the collection in May, 2007, by Tim Davis

--------------------------------------------------------------------------------
3Dspectralwave2 is a smaller version:

The A matrix is produced using 3-D spectral-element elastic wave modelling in 
the frequency domain. The medium is homogeneous and isotropic with 
elastic coefficients: c11 = 6.30,  c44 = 1.00 The B matrix 
represents a real y-directed source, placed approximately in the centre.

The model size in elements is 20x20x20. Each element is 1m x1m x 1m. Each 
element is a 4x4x4 Gauss-Lobbato-Legendre mesh, so the height, width and 
depth of the system is 61 nodes. There are 3 unknown components at each node 
- the x, y and z displacements. The A matrix therefore has dimension 
680943 x 680943. 

((20 x 4) - (20 - 1))^3 * 3 = 680943 

Added to the collection in June, 2007, by Tim Davis"
QLi,3,"Mixed complementarity optimization problems from Qaun Li and Michael Ferris. QLi/crashbasis and QLi/majorbasis have the same nonzero pattern. However,",https://sparse.tamu.edu/QLi,optimization/control,optimization/control,1.0,1,optimization problem (3),1,real (3),1,unsymmetric (3),160000,440020,2.750125,narrow (≤4×),1750416,5240084,square only,3,0,no square matrix exactly symmetric/Hermitian,0,1,0,real only,0,0,coherent family/series,"Mixed complementarity optimization problems from Qaun Li and Michael Ferris.

QLi/crashbasis and QLi/majorbasis have the same nonzero pattern.  However,
UMFPACK 5.1 is much slower for majorbasis than for crashbasis, because of
the extensive amount of denormal arithmetic that occurs during the factorization
of majorbasis.  This does not occur in the crashbasis matrix.

QLi/largebasis added in 2008.  The matrix is unsymmetric."
Springer,1,"Tim Springer, Solenix (www.solenix.ch), Navigation Support Office, OPS-GN (www.nng.esoc.de), European Space Operations Centre, Germany.",https://sparse.tamu.edu/Springer,other,other,1.0,1,least squares problem (1),1,real (1),1,rectangular (1),327062,327062,1.0,one size,6019939,6019939,rectangular only,0,1,N/A (rectangular only),0,0,0,real only,0,0,single matrix,"Tim Springer, Solenix (www.solenix.ch), Navigation Support Office,
OPS-GN (www.nng.esoc.de), European Space Operations Centre, Germany.

Orbit estimates (at the 10mm level) and reference fram (station coordinates)
at the few mm level.  Speed of factorization is important, since this matrix
is one part of the reprocessing of 15 years of data."
Szczerba,1,"Ill-conditioned CFD matrix from D. Szczerba, ETH Computer Vision Lab, Zurich.",https://sparse.tamu.edu/Szczerba,fluids/transport,fluids/transport,1.0,1,computational fluid dynamics problem (1),1,real (1),1,unsymmetric (1),20896,20896,1.0,one size,191368,191368,square only,1,0,no square matrix exactly symmetric/Hermitian,0,0,0,real only,0,1,single matrix,"Ill-conditioned CFD matrix from D. Szczerba, ETH Computer Vision Lab, Zurich."
Muite,4,"Ill-conditioned Chebyshev integration matrices from Benson Muite, Oxford.",https://sparse.tamu.edu/Muite,structures/materials,structures/materials,1.0,1,structural problem (4),1,real (4),1,unsymmetric (4),261,68121,261.0,wide (>100×),2319,5377761,square only,4,0,no square matrix exactly symmetric/Hermitian,0,0,0,real only,0,4,coherent family/series,"Ill-conditioned Chebyshev integration matrices from Benson Muite, Oxford.
http://www.maths.ox.ac.uk/~muite"
Quaglino,2,"FEM discretization of a viscoplastic collision problem, Alessio Quaglino.",https://sparse.tamu.edu/Quaglino,structures/materials,structures/materials,1.0,1,materials problem (2),1,real (2),1,unsymmetric (2),4326,32769,7.574895977808599,moderate (4–100×),61166,381326,square only,2,0,no square matrix exactly symmetric/Hermitian,0,0,0,real only,0,2,coherent family/series,"FEM discretization of a viscoplastic collision problem, Alessio Quaglino."
YCheng,3,"Power system state simulation matrices Yunzhi Cheng, UT Arlington. In MATLAB, the solution to x=A\\b is desired, but this can be slow in",https://sparse.tamu.edu/YCheng,electrical/circuit/device,electrical/circuit/device,1.0,1,power network problem (3),1,real (3),1,rectangular (3),14318,28634,1.9998603156865484,narrow (≤4×),57376,115262,rectangular only,0,3,N/A (rectangular only),0,0,0,real only,0,0,coherent family/series,"Power system state simulation matrices Yunzhi Cheng, UT Arlington.
In MATLAB, the solution to x=A\\b is desired, but this can be slow in 
MATLAB 7.3 because of the speed of sparse QR as compared to sparse   
Cholesky.  Using x=(A'*A)\\(A'*b) is faster, but of course yields     
slightly less accurate (but still acceptable) results.  Note that an 
initial guess to the solution is provided, for use by an iterative   
method.  However, sparse Cholesky with an AMD ordering is very fast  
for this matrix and thus iterative methods are unlikely to be        
competitive."
Dehghani,1,"Light transport in soft tissue, Hamid Dehghani, Univ. of Exeter, UK",https://sparse.tamu.edu/Dehghani,electromagnetics/acoustics,electromagnetics/acoustics,1.0,1,electromagnetics problem (1),1,complex (1),1,unsymmetric (1),29282,29282,1.0,one size,406084,406084,square only,1,0,no square matrix exactly symmetric/Hermitian,0,1,0,complex only,0,1,single matrix,"Light transport in soft tissue, Hamid Dehghani, Univ. of Exeter, UK"
HVDC,2,"Power simulation matrices from Alex Wang, Manitoba HVDC, Canada.",https://sparse.tamu.edu/HVDC,electrical/circuit/device,electrical/circuit/device,1.0,1,power network problem (2),1,real (2),1,unsymmetric (2),24842,189860,7.642701875855406,moderate (4–100×),158426,1339638,square only,2,0,no square matrix exactly symmetric/Hermitian,0,0,0,real only,0,0,coherent family/series,"Power simulation matrices from Alex Wang, Manitoba HVDC, Canada."
Zaoui,1,"Optimal power flow, nonlinear optimization (KKT), Fabrice Zaoui, RTE, France",https://sparse.tamu.edu/Zaoui,optimization/control,optimization/control,1.0,1,optimization problem (1),1,real (1),1,symmetric (1),2063494,2063494,1.0,one size,12771361,12771361,square only,1,0,all square matrices symmetric/Hermitian,1,1,0,real only,0,0,single matrix,"Optimal power flow, nonlinear optimization (KKT), Fabrice Zaoui, RTE, France"
Rost,1,"semiconductor device simulation, Johann Rost, Politechnia Univ., Bucharest. Numerical Methods Laboratory, Politehnica Univ., Bucharest, Romania.",https://sparse.tamu.edu/Rost,electrical/circuit/device,electrical/circuit/device,1.0,1,semiconductor device problem (1),1,complex (1),1,unsymmetric (1),74104,74104,1.0,one size,365580,365580,square only,1,0,no square matrix exactly symmetric/Hermitian,0,0,0,complex only,0,1,single matrix,"semiconductor device simulation, Johann Rost, Politechnia Univ., Bucharest.

Numerical Methods Laboratory, Politehnica Univ., Bucharest, Romania.
Johann Rost, et al.  RF semiconductors and electronic device simulation
in the frequency domain.  UMFPACK (x=A\\b in MATLAB) experiences high
fill-in for this matrix.  KLU is worse."
Lee,2,"FEM, Electromagnetics, Center for Computational Electromagnetics, UIUC From the Univ of Illinois at Urbana-Champaign, Center for Computational",https://sparse.tamu.edu/Lee,electromagnetics/acoustics,electromagnetics/acoustics,1.0,1,electromagnetics problem (2),1,complex (2),1,unsymmetric (2),74062,491100,6.630930841727202,moderate (4–100×),1731206,20239237,square only,2,0,no square matrix exactly symmetric/Hermitian,0,1,0,complex only,0,2,coherent family/series,"FEM, Electromagnetics, Center for Computational Electromagnetics, UIUC

From the Univ of Illinois at Urbana-Champaign, Center for Computational
Electromagnetics (development and application of the finite element
method for analyzing antennas, high-frequency circuits, high-speed
circuits, and so on).  The governing equations are Maxwell's equations.
The matrix results from the finite-element discretization of a bandpass
microwave filter at 500 MHz. The first-order vector element is employed.
The absorbing boundary condition is applied on the outer boundary of the
structure for emulating the open space.  The port boundary condition is
applied on each port of the circuit for the truncating the computational
domain and exciting the circuit. Due to these boundary conditions, the
finite-element system matrix is complex."
Mancktelow,1,"FEM viscoelastic behavior of rocks, Neil Mancktelow, ETH-Zentrum",https://sparse.tamu.edu/Mancktelow,structures/materials,structures/materials,1.0,1,materials problem (1),1,real (1),1,unsymmetric (1),37762,37762,1.0,one size,1133641,1133641,square only,1,0,no square matrix exactly symmetric/Hermitian,0,1,0,real only,0,1,single matrix,"FEM viscoelastic behavior of rocks, Neil Mancktelow, ETH-Zentrum"
Rudnyi,1,"3D fluid flow: water in a tank. Evgenii Rudnyi, IMTEK",https://sparse.tamu.edu/Rudnyi,fluids/transport,fluids/transport,1.0,1,computational fluid dynamics problem (1),1,real (1),1,unsymmetric (1),60740,60740,1.0,one size,2035281,2035281,square only,1,0,no square matrix exactly symmetric/Hermitian,0,0,0,real only,0,1,single matrix,"3D fluid flow: water in a tank.  Evgenii Rudnyi, IMTEK"
Rucci,1,"ill-conditioned least-squares problem, A. Rucci",https://sparse.tamu.edu/Rucci,other,other,1.0,1,least squares problem (1),1,real (1),1,rectangular (1),1977885,1977885,1.0,one size,7791168,7791168,rectangular only,0,1,N/A (rectangular only),0,0,0,real only,0,0,single matrix,"ill-conditioned least-squares problem, A. Rucci"
McRae,2,"circuitscape: circuit theory applied to animal/gene flow. B. McRae, UCSB Landscape ecology problem, using electrical network theory to model",https://sparse.tamu.edu/McRae,generic spatial PDE/thermal,generic spatial PDE/thermal,1.0,1,2D/3D problem (2),1,real (2),1,symmetric (2),999999,1000000,1.000001000001,narrow (≤4×),4995991,4996000,square only,2,0,all square matrices symmetric/Hermitian,2,2,1,real only,0,2,coherent family/series,"circuitscape: circuit theory applied to animal/gene flow. B. McRae, UCSB

Landscape ecology problem, using electrical network theory to model
animal movement an gene flow.

    Brad McRae
    National Center for Ecological Analysis and Synthesis
    735 State Street, Suite 300
    Santa Barbara, CA 93101-5504
    Tel: (541) 223-1170
    FAX: (805) 892-2510
    email: mcrae at nceas.ucsb.edu
    http://www.nceas.ucsb.edu/~mcrae/

--------------------------------------------------------------------------------

NOTE (added Feb 9, 2012): The McRae/ecology1 matrix is tagged in the UF Sparse
Matrix Collection as 'not positive definite', but it appears to be very close
to being positive definite.  See below for more details.

--------------------------------------------------------------------------------

On 01/09/2012 02:20 PM, Alexander Andrianov wrote:
Dear Professor Davis,

I am trying to test an eigensolver on your sparse matrix collection but am
having difficulty figuring out the ""indefiniteness"" of the following instance:
ecology1. It looks like the smallest eigenvalue is so close to the machine
precision that running the eigensolver with different settings results in a
range of the estimates from 9.2271971e-15 to -4.8936273e-14. Running the dense
eigensolver is not an option due to the problems size (1000000). To make things
more interesting, both LDL and (somewhat modified for semi-definite case)
Cholesky factorizations seem to factorize that matrix fine even though Cholesky
results in a normalized residual which may vary between 1.0e-11 and 1.e-16
while LDL factorization's normalized residual is around the machine precision.

So I was wondering if you have some eigenvalue info on that matrix. And more
generally would it be possible for you to include more information about each
matrix in your collection such as the eigenvalue range (smallest and largest)
as well as some conditioning info? That would most certainly help in instance
selection for test sets for various solvers.

Thank you for nay help with this.

Best regards,
Alexander Andrianov SAS Institute Inc.

--------------------------------------------------------------------------------

From: Tim Davis
Sent: Monday, January 09, 2012 2:26 PM
To: Alexander Andrianov
Cc: Leslie Foster
Subject: Re: UF collection matrices info

I've begun to collect the singular values, but so far I have only matrices of
dimension 25,000 or less (or so).  I don't have eigenvalue info for any matrix,
but it's something I've considered.  I just haven't done it yet.

The difficulty I would have for this matrix is the same that you have, though.
I might report -1e-14, or 1e-16, depending on how I compute it.

Les Foster may have more info.  You could try our recent spqr_rank pagckage
to find the rank.  It's pretty accurate and doesn't require an SVD.

Thanks,
Tim"
NYPA,8,"Rank-deficient least squares problems. D. Maragal, New York Power Authority These matrices are both structurally and numerically singular. The numerical",https://sparse.tamu.edu/NYPA,other,other,1.0,1,least squares problem (8),1,real (8),1,rectangular (8),32,75077,2346.15625,wide (>100×),234,1308415,rectangular only,0,8,N/A (rectangular only),0,0,0,real only,0,0,coherent family/series,"Rank-deficient least squares problems.  D. Maragal, New York Power Authority

These matrices are both structurally and numerically singular.  The numerical
rank is less than the structural rank (rank(A) < sprank(A) in MATLAB).

Deepak Maragal
New York Power Authority
White Plains, NY
email: Deepak.Maragal at nypa.gov"
Marini,1,"Economic Time Series, T. Di Fonzo (Univ Padua) and M. Marini, (ISTAT, Italy) Description of the Sparse Linear System arising from the",https://sparse.tamu.edu/Marini,other,other,1.0,1,economic problem (1),1,real (1),1,symmetric (1),7245,7245,1.0,one size,46142,46142,square only,1,0,all square matrices symmetric/Hermitian,1,1,0,real only,0,0,single matrix,"Economic Time Series, T. Di Fonzo (Univ Padua) and M. Marini, (ISTAT, Italy)

Description of the Sparse Linear System arising from the 
Reconciliation Problem of a System of Economic Time Series 

Notes for Professor Tim Davis 

by Tommaso Di Fonzo and Marco Marini 
July 3, 2008 

Dear Prof. Davis, 
we have read your message Sparse QR mexFunction on the Matlab Central 
website, in which you invite the community to provide sparse problems 
arising from real applications for testing a new sparse QR function. In 
particular, you seem particularly interested in rank deficient problems. We 
have a problem with such characteristics, so we have decided to upload in the 
CISE website the elements of this linear system (coefficient matrix and right-
hand side). This problem is generally known as the reconciliation problem 
in the statistics and economics literature, which we intend to describe you 
very briefly in this note for your information. 

Economic statistics are often published in the form of time series, as a collec
tion of observations sampled at equally-spaced time periods (months, quar
ters). Economic concepts behind such statistics are often linked by a system 
of linear relationships, deriving from the economic theory. However, these 
restrictions are rarely met by the original time series for various reasons. 
Then, data sets of real-world variables generally show discrepancies with 
respect to prior restrictions on their values. Such discrepancies are rarely 
accepted because their existence generally causes confusion among users and 
embarrassment to data producers. The adjustment of a set of data in order 
to satisfy a number of accounting restrictions -and thus to remove any dis
crepancy -is generally known as the reconciliation problem. 

The reconciliation problem can be seen as the solution of a linear system. 
The dimension of the system increases rapidly as the number of time pe
riods, the number of variables and the number of constraints grow. Since 
it is convenient to solve the system simultaneously (that is, considering all 
periods, all variables, all constraints), the use of sparse matrices and algo
rithms is strongly suggested for solving practical applications. However, as 
far as we know, such problems are generally solved by data producers by 
using dense matrices and/or iterative methods (i.e. the conjugate gradi
ent method). Our intention is to encourage the use of direct methods with 
sparse matrices for solving this kind of problems. 

A formalization of the problem is helpful to understand the features of this 
linear system. Let p be an n-dimensional vector containing all the obser-
vations of the system to be reconciled (where n is the number of variables 
multiplied by the number of periods in which such variables are observed). 
Let H be the matrix defining the relationships between such observations. 
Supposing there are k constraints, the matrix H has dimension k × n: for 
each constraint we have a known total that must be satisfied by the obser
vations, collected together in the k-dimensional vector w. Notice that (i) 
k<n, and (ii) rank(H) ≤ k. In other words, some constraints could be 
redundant. The reconciliation problem can be summarized by the inequality 

    H*p = w. (1) 

The vector p is called preliminary, because it contains data that do not 
satisfy the given constraints and must be modified accordingly. The solution 
to the problem is given by y, an n-dimensional vector which satisfies the 
given constraints, that is 

    H*y = w. (2) 

and is close enough to the preliminary vector p. 
An optimal solution of the problem (2) can be derived following a least-
squares adjustment criterion. First of all, a metric must be defined to mea
sure the distance between p and y. Denote by Q this metric, with Q a 
positive semi-definite (we stress this fact, Q can be singular) matrix of 
dimension n. Then, the vector y can be obtained as the minimand of the 
quadratic loss function 

    (y − p)'*Q*(y − p) (3) 

subject to 

    H*y = w. (4) 

Writing down the Lagrangian function and calculating derivates of it with 
respect to y and lambda, we finally obtain the block linear system 

    [ Q H' ; H 0 ] * [ y ; lambda ] = [ Q*p ; w ]           (5)

which can be expressed, according to a standard and compact notation, as 

    A*x = b (6) 

System 5 is an ""augmented system"", where the coefficient matrix A is sparse, 
symmetric and 2 × 2 block partitioned. The matrix A is also indefinite, 
due to the zeroes in the (2, 2) block. Moreover, the matrix might present 
singularities for two reasons: 


    * The block (1, 1), that is matrix Q, might be singular (for example 
    when Q is positive semi-definite) 

    * The block (1, 2) might have reduced row rank, due to redundancy in 
    the constraints of the system. 

The latter condition is crucial, because if H has reduced rank, than matrix A
is also singular. In Matlab R2008a, a symmetric indefinite sparse system is
efficiently solved by the algorithm MA57. According to Duff (2004)1, this
algorithm is able to flush any singularities to the end of the factorization
and perform an LDLT factorization on the nonsingular block. We would like to
understand better how MA57 is able to solve the system in so little time; on
the other hand, if the singularities might be discovered and eliminated with an
efficient rank-revealing sparse QR method (which is the objective of your
request), we wonder if we would be able to solve the system without recurring
to MA57. 

Now we provide some more details about the elements of the system up
loaded on the CISE website. It refers to a real application composed of 183 
quarterly time series observed over 28 quarters, which form the system of 
European national accounts by institutional sectors (EURQSA). Then, the 
number of observations to be reconciled is n = 28 × 183 = 5124. The vari
ables are connected by a system of 30 linear relationships. Moreover, each 
quarterly time series must be in line with the same variables observed yearly 
(due to different compilation practices quarterly and annual estimates might 
differ). The total number of constraints of the system is k = 2121. On the 
whole, matrix A has dimension 7245, with block (1,1) of dimension 5124. 
Figure 1 shows the partitioned form of the matrix, including the LDLT fac
torization provided by MA57. 


Figure 1: Matrix A and LDLT tranformation for the EURQSA problem 

Duff (2004), MA57|a code for the solution of sparse symmetric definite and
indefinite systems, ACM Transactions on Mathematical Software, Volume 30, Issue
2, p. 122. 


A single Matlab *.mat file has been uploaded, named eurqsa-davis.mat. 
The archive contains the coefficient matrix A, the right-hand side vector b, 
and the solution achieved with MA57 x. Moreover, for your convenience we 
also saved the blocks (1, 1) and (1, 2) of matrix A, named A11 and A12 
respectively. 

We hope we have been sufficiently able to explain our problem and to pro
vide you with an interesting real application for your activity. We are still 
novel to sparse algorithms, we are sorry if we missed some important infor
mation about the system. If so, please do not hesitate to contact us. Just 
for your knowledge, both of us have installed the SuiteSparse package in 
Matlab and are currently studying on your book Direct methods for Sparse 
Linear System, which is very clear and helpful for our research. 

We really look forward to hearing from you soon. Thank you very much for 
your attention. 

Yours sincerely 

Prof. Tommaso Di Fonzo (University of Padua, Italy) e-mail:
difonzo@stat.unipd.it 

Dr. Marco Marini (ISTAT, Rome, Italy) e-mail: marco.marini@istat.it"
Castrillon,1,"Counter-example matrix (denormal in A+alpha*I), J. Castrillon, Teledyne The problem is x=(A+alpha*I)\\b as alpha varies from 0 to 100. However",https://sparse.tamu.edu/Castrillon,mathematics/statistics,mathematics/statistics,1.0,1,counter-example problem (1),1,real (1),1,symmetric (1),89400,89400,1.0,one size,1156224,1156224,square only,1,0,all square matrices symmetric/Hermitian,1,1,1,real only,0,0,single matrix,"Counter-example matrix (denormal in A+alpha*I), J. Castrillon, Teledyne

The problem is x=(A+alpha*I)\\b as alpha varies from 0 to 100.  However
as this occurs, performance suffers because of the many denormals that
appear below the diagonal in L.

%-------------------------------------------------------------------------------
% consider the following code:
%-------------------------------------------------------------------------------

Problem = UFget ('Castrillon/denormal') ;
K = Problem.A ;

fprintf ('nnz (K-K'') = %d\\n', nnz(K-K')) ;
fprintf ('nnz (diag (K)): %d\\n', nnz (diag (K))) ;

p = amd (K) ;
[count, h, parent, post, Lpattern] = symbfact (K(p,p), 'sym', 'lower') ;
fprintf ('nnz(K) %d nnz(L) %d\\n', nnz(K), nnz(Lpattern)) ;

n = size (K,1) ;
rand ('state',0) ;
b = rand (n,1) ;
I = speye (n) ;

spparms ('spumoni',0) ;
maxNumCompThreads (1) ;

for alpha = [0 .01 .02 .1 .3 1 10 100]

  fprintf ('\\n\\n --------------------- alpha = %g:\\n', alpha) ;

  A = K + alpha*I ;

  for threads = 1:2
      maxNumCompThreads (threads) ;
      fprintf ('threads: %d\\n', threads) ;
      tic
      [L,ignore,p] = chol (A, 'lower') ;
      t = toc ;
      fprintf ('  chol time: %g nnz(L) %d (%d dropped)\\n', ...
          t, nnz (L), nnz(Lpattern)-nnz(L)) ;

      [i j s] = find (L) ;
      fprintf ('  min(abs(L)): %g\\n', min (abs (s))) ;
      clear L i j s

      tic
      x = A\\b ;
      t = toc ;
      fprintf ('  backslash time: %g\\n', t) ;
  end

end

%-------------------------------------------------------------------------------
% the output is below
%-------------------------------------------------------------------------------

diary off
tryK
---------------------------------------------------------------------------

MATLAB Version 7.6.0.324 (R2008a)
MATLAB License Number: 523006
Operating System: Linux 2.6.24-19-generic #1 SMP Wed Jun 18 14:43:41
UTC 2008 i686
Java VM Version: Java 1.6.0_01 with Sun Microsystems Inc. Java
HotSpot(TM) Client VM mixed mode, sharing
---------------------------------------------------------------------------

MATLAB                                                Version 7.6
(R2008a)
Optimization Toolbox                                  Version 4.0
(R2008a)
Symbolic Math Toolbox                                 Version 3.2.3
(R2008a)

Name          Size                  Bytes  Class     Attributes

K         89400x89400            14232292  double    sparse

nnz (K-K') = 0
nnz (diag (K)): 89400
nnz(K) 1156224 nnz(L) 8231641


--------------------- alpha = 0:
threads: 1
chol time: 3.04069 nnz(L) 8231641 (0 dropped)
min(abs(L)): 2.3735e-15
backslash time: 2.93038
threads: 2
chol time: 2.18102 nnz(L) 8231641 (0 dropped)
min(abs(L)): 2.3735e-15
backslash time: 2.0675


--------------------- alpha = 0.01:
threads: 1
chol time: 3.06346 nnz(L) 8231641 (0 dropped)
min(abs(L)): 7.68315e-168
backslash time: 2.95286
threads: 2
chol time: 2.19825 nnz(L) 8231641 (0 dropped)
min(abs(L)): 7.68315e-168
backslash time: 2.08248


--------------------- alpha = 0.02:
threads: 1
chol time: 3.58369 nnz(L) 8211304 (20337 dropped)
min(abs(L)): 7.90408e-200
backslash time: 3.4712
threads: 2
chol time: 2.48563 nnz(L) 8211304 (20337 dropped)
min(abs(L)): 7.90408e-200
backslash time: 2.39297


--------------------- alpha = 0.1:
threads: 1
chol time: 8.60043 nnz(L) 8231641 (0 dropped)
min(abs(L)): 1.32989e-295
backslash time: 8.49517
threads: 2
chol time: 5.83973 nnz(L) 8231641 (0 dropped)
min(abs(L)): 1.32989e-295
backslash time: 5.74531


--------------------- alpha = 0.3:
threads: 1
chol time: 14.6864 nnz(L) 8221018 (10623 dropped)
min(abs(L)): 9.88131e-324
backslash time: 14.5832
threads: 2
chol time: 9.6974 nnz(L) 8221018 (10623 dropped)
min(abs(L)): 9.88131e-324
backslash time: 9.56342


--------------------- alpha = 1:
threads: 1
chol time: 21.5543 nnz(L) 8161666 (69975 dropped)
min(abs(L)): 4.94066e-324
backslash time: 21.4453
threads: 2
chol time: 13.3063 nnz(L) 8161666 (69975 dropped)
min(abs(L)): 4.94066e-324
backslash time: 13.218


--------------------- alpha = 10:
threads: 1
chol time: 29.1026 nnz(L) 7957149 (274492 dropped)
min(abs(L)): 4.94066e-324
backslash time: 29.0284
threads: 2
chol time: 19.0662 nnz(L) 7957149 (274492 dropped)
min(abs(L)): 4.94066e-324
backslash time: 19.5602


--------------------- alpha = 100:
threads: 1
chol time: 31.3377 nnz(L) 7698212 (533429 dropped)
min(abs(L)): 4.94066e-324
backslash time: 31.1925
threads: 2
chol time: 20.2513 nnz(L) 7698212 (533429 dropped)
min(abs(L)): 4.94066e-324
backslash time: 20.1174"
Luong,2,"Photogrammetry problem from Bruno Luong, FOGALE nanotech, France. The problem of interest is:",https://sparse.tamu.edu/Luong,imaging/graphics/robotics,imaging/graphics/robotics,1.0,1,computer graphics/vision problem (2),1,real (2),1,rectangular (2),1388,4472,3.2219020172910664,narrow (≤4×),11816,37056,rectangular only,0,2,N/A (rectangular only),0,0,0,real only,0,2,coherent family/series,"Photogrammetry problem from Bruno Luong, FOGALE nanotech, France.

The problem of interest is:

    [U S V]=svd(full(A),0);
    s=diag(S);

The spectrum has two parts:
- the singular values s(1) to s(end-7) are 1.7486e-004 to 3.4655e-007 
(ratio 504.57).
- the singular values s(end-6) to s(end) is smaller than 2.9614e-012 
(ratio > 5.9e7).

So in my problem, I consider
K = span<U(:,end-6:end) > is the kernel of A, and
L = span<U(:,1:end-7) > = orthogonal(K) is isomorph to Im(A).

The rank deficient is not quite clear since of A is a Jacobian of 
certain non-linear operator. One can prove this non-linear operator has 
a same value on a manifold of dimension 7. This manifold has some sort 
of curvature.

Best regards,

Bruno"
YZhou,1,"Circuit simulation problem, Y. Zhou, Carleton Univ, Canada",https://sparse.tamu.edu/YZhou,electrical/circuit/device,electrical/circuit/device,1.0,1,circuit simulation problem (1),1,real (1),1,unsymmetric (1),1020,1020,1.0,one size,5883,5883,square only,1,0,no square matrix exactly symmetric/Hermitian,0,0,0,real only,0,0,single matrix,"Circuit simulation problem, Y. Zhou, Carleton Univ, Canada"
CEMW,4,"Electromagnetic problems from D. Isaak, Computational_EM_Works - cemw_vfem is a vector finite element complex symmetric matrix with 93,476",https://sparse.tamu.edu/CEMW,electromagnetics/acoustics,electromagnetics/acoustics,1.0,1,electromagnetics problem (4),3,real (2); integer (1); complex (1),2,unsymmetric (3); symmetric (1),93476,921632,9.85955753348453,moderate (4–100×),1434636,5080961,square only,4,0,mixed among square matrices,1,3,1,real + complex,0,4,one broad domain; mixed matrix forms,"Electromagnetic problems from D. Isaak, Computational_EM_Works

 - cemw_vfem is a vector finite element complex symmetric matrix with 93,476
   unknowns and 1,434,636 nonzeros.

 - cemw_t2em.mat is a T2EM real symmetric matrix with 921,632 unknowns and
   6,442,778 nonzeros.

 - cemw_tmt_sym.mat is a TmT real symmetric matrix with 726,713 unknowns and
   5,080,961 nonzeros.

 - cemw_tmt_nosym.mat is a TmT real non-symmetric matrix with 917,825 unknowns
   and 4,584,801 nonzeros."
Schenk,5,"Symmetric indefinite KKT matrices, O. Schenk, Univ. of Basel, Switzerland Nonlinear programming problems for a 3D PDE-constrained optimization",https://sparse.tamu.edu/Schenk,optimization/control,optimization/control,1.0,1,optimization problem (5),1,real (5),1,symmetric (5),1062400,27993600,26.349397590361445,moderate (4–100×),28192672,760648352,square only,5,0,all square matrices symmetric/Hermitian,5,5,0,real only,0,0,coherent family/series,"Symmetric indefinite KKT matrices, O. Schenk, Univ. of Basel, Switzerland
Nonlinear programming problems for a 3D PDE-constrained optimization
problem with boundary control as a function of the discretization
parameter N using 2nd-order finite difference approximations.

O. Schenk, A. W\\""achter, and M. Weiser, Inertia Revealing
Preconditioning For Large-Scale Nonconvex Constrained Optimization,
Technical Report, Unversity of Basel, 2008, submitted. 

Abstract: Fast nonlinear programming methods following the
all-at-once approach usually employ Newton's method for solving
linearized Karush-Kuhn-Tucker (KKT) systems. In nonconvex problems,
the Newton direction is only guaranteed to be a descent direction if
the Hessian of the Lagrange function is positive definite on the
nullspace of the active constraints, otherwise some modifications to
Newton's method are necessary. This condition can be verified using
the signs of the KKT's eigenvalues (inertia), which are usually
available from direct solvers for the arising linear saddle point
problems. Iterative solvers are mandatory for very large-scale
problems, but in general do not provide the inertia. Here we present
a preconditioner based on a multilevel incomplete LBL^T
factorization, from which an approximation of the inertia can be
obtained. The suitability of the heuristics for application in
optimization methods is verified on an interior point method applied
to the CUTE and COPS test problems, on large-scale 3D PDE-constrained
optimal control problems, as well as 3D PDE-constrained optimization
in biomedical cancer hyperthermia treatment planning.  The efficiency
of the preconditioner is demonstrated on convex and nonconvex
problems with 1503 state variables and 1502 control variables, both
subject to bound constraints.

Note that the 3 largest matrices (nlpkkt160, nlpkkt200, and nlpkkt240)
require MATLAB 7.3 or later to read them."
TKK,12,"Matrices from Reijo Kouhia, Structural Mechanics, Helsinki Univ. of Technology (Teknillinen Korkeakoulo)",https://sparse.tamu.edu/TKK,structures/materials,structures/materials,1.0,1,structural problem (12),3,real (5); integer (4); binary (3),2,symmetric (10); unsymmetric (2),1282,143571,111.98985959438377,wide (>100×),30644,4706073,square only,12,0,mixed among square matrices,10,12,3,real only,3,12,one broad domain; mixed matrix forms,"Matrices from Reijo Kouhia, Structural Mechanics, Helsinki Univ. of Technology
(Teknillinen Korkeakoulo)

http://users.tkk.fi/~kouhia/sparse.html

Sparse matrix test problems
These matrices are stored either in the compressed column format (Harwell-Boeing format, see I. Duff et al.: Sparse Matrix Test Problems, ACM Transactions on Mathematical Software, Vol. 15 No. 1, March 1989, 1-14) or in the MatrixMarket coordinate format (R.F. Boisvert et al.: The Matrix Market Exchange Formats: Initial Design, NISTIR 5935, 1996). Description of both formats can be found from MatrixMarket.

    * Cylindrical shell problems: Short description (html), and slightly more
      informative documentation (gzipped postcript-file cylshell.ps.gz, size
      205 k).

  The following matrices can be found from the MatrixMarket in the set CYLSHELL

      o Cyl shell, R/t = 10, unif 30 x 30 quadrilateral mesh, N = 5489,
         NZ = 143300, triangular mesh NZ = 112505,
      o Cyl shell, R/t = 100, unif 30 x 30 quadrilateral mesh, N = 5489,
         NZ = 143300, triangular mesh NZ = 112505,
      o Cyl shell, R/t = 1000, unif 30 x 30 quadrilateral mesh, N = 5489,
         NZ = 143300, triangular mesh NZ = 112505
      o Cyl shell, R/t = 1000, unif 100 x 150 quadrilateral mesh, N = 90449,
         NZ = 2455670, triangular mesh NZ = 1921955
      o Cyl shell graded mesh with 1666 triangles R/t = 1000, N = 5357,
         NZ = 106526,

Matrices in this group:

    Kouhia/s4dkt3m2
    Kouhia/g3rmt3m3
    Kouhia/t520
    Kouhia/smt
    Kouhia/engine
    Kouhia/plbuckle
    Kouhia/cbuckle
    Kouhia/cyl6
    Kouhia/tube1
    Kouhia/tube2
    Kouhia/t2d_q4
    Kouhia/t2d_q9

Matrices from Reijo Kouhia in other matrix groups:

    Cylshell/s1rmq4m1
    Cylshell/s2rmq4m1
    Cylshell/s3rmq4m1
    Cylshell/s1rmt3m1
    Cylshell/s2rmt3m1
    Cylshell/s3rmt3m1
    Cylshell/s3rmt3m3
    GHS_psdef/s3dkq4m2
    GHS_psdef/s3dkt3m2


--------------------------------------------------------------------------------
s4dkt3m2
--------------------------------------------------------------------------------

  Some additional cases not in MatrixMarket:
      o Cyl shell R/t = 10000, unif 100 x 150 triangular mesh,
             s4dkt3m2.dat.gz , N = 90449, NZ = 1921955

--------------------------------------------------------------------------------
g3rmt3m3
--------------------------------------------------------------------------------

      o g3rmt3m3.dat.gz 

--------------------------------------------------------------------------------
t520.hb.gz, t520.load.gz
--------------------------------------------------------------------------------

    * T-beam: t520.hb.gz , load vector, t520.load.gz ,

--------------------------------------------------------------------------------
smt.hb.gz, smt.mtx.gz
--------------------------------------------------------------------------------

    * 3-D solid model from a thermal stress analysis of a surface mounted
      transistor, N = 25710, NZ = 1889447,
      1704 triquadratic Serendipity 20 node brick elements, four different
      materials.  HB-format file smt.hb.gz, MM-format file smt.mtx.gz,
      figure of the FE-model: smt.ps.gz

--------------------------------------------------------------------------------
engine.hb.gz, engine.rhs.gz
--------------------------------------------------------------------------------

    * 3-D solid model from a thermal stress analysis of an engine head: matrix
      in HB-format: engine.hb.gz, rhs-vector: engine.rhs.gz

--------------------------------------------------------------------------------
eigen/plb_k, eigen/plb_g -> renamed plbuckle
--------------------------------------------------------------------------------

    * Double eigenvalue plate buckling problem: stiffness matrix and initial
    stress matrix .  Symmetric matrices, upper triangle is stored in coordinate
    format.

--------------------------------------------------------------------------------
ck.dat, cg.dat -> renamed cbuckle
--------------------------------------------------------------------------------

    * Compressed cylindrical shell -- buckling problem: stiffness matrix and
      initial stress matrix .  Symmetric matrices, lower triangle is stored in
       coordinate format N = 13681.

--------------------------------------------------------------------------------
cyl6, v_6_[0,1,2]
--------------------------------------------------------------------------------

    * Cylindrical shell, from non-linear analysis, indefinite: HB-format file
         cyl6.dat.gz Symmetric matrix N = 13681, NZ = 363961.
          Some rhs vectors at step 6 v_6_0.rhs, v_6_1.rhs, v_6_2.rhs

--------------------------------------------------------------------------------
tube*
--------------------------------------------------------------------------------

    * Tube, SPD matrix: HB-format file tube1.dat.gz Symmetric matrix N = 21498,
         NZ = 459277.  HB-format file tube1-2.dat.gz Symmetric matrix N = 21498,
         NZ = 459277, load vector tube1-2.load.gz

--------------------------------------------------------------------------------
t2d_q4
--------------------------------------------------------------------------------

    * Non-linear diffusion problem, sequence of matrices and rhs-vectors. These
      matrices are in the compressed sparse row format (CSR). 100x100 bilinear
      mesh (41 MB)

--------------------------------------------------------------------------------
t2d_q9
--------------------------------------------------------------------------------

    * Non-linear diffusion problem, sequence of matrices and rhs-vectors. These
      matrices are in the compressed sparse row format (CSR)
      50x50 biquadratic mesh (87 MB). Temperature field. 


The following data was not imported into the UF Sparse Matrix Collection:

--------------------------------------------------------------------------------
mesh2
--------------------------------------------------------------------------------

  Node-unknown data for mesh 2 (100 x 150 element mesh)"
Um,2,"FEM, electromagnetics, 2 cubes in a sphere. Evan Um, Geophysics, Stanford A matrix from Evan Um, Geophysics, Stanford. Studying finite-element",https://sparse.tamu.edu/Um,electromagnetics/acoustics,electromagnetics/acoustics,1.0,1,electromagnetics problem (2),1,real (2),1,symmetric (2),101492,259789,2.559699286643282,narrow (≤4×),1647264,4242673,square only,2,0,all square matrices symmetric/Hermitian,2,2,2,real only,0,2,coherent family/series,"FEM, electromagnetics, 2 cubes in a sphere. Evan Um, Geophysics, Stanford

A matrix from Evan Um, Geophysics, Stanford.  Studying finite-element
time domain solvers for electromagnetic diffusion equations. The 3-D
computational domain consists of 88,213 tetrahedral elements.  The
computational domain consists of the two parts.  First, there are two
300m x 300m x 150m boxes where a fine mesh is used.  Second, the two
boxes are enclosed by a large sphere whose radius is 10 km.  An element
growth factor is used to increase the mesh size gradually inside the
sphere.  This is because absorbing boundary conditions are not very
good choices for these problems.  The finite element technique is
edge-based rather than node-based.  Therefore, the unknowns are
amplitudes of electromagnetic fields on an edge of each element."
JGD_BIBD,21,"Balanced Incomplete Block Design from Mark Giesbrecht, Univ. of Waterloo From Jean-Guillaume Dumas' Sparse Integer Matrix Collection,",https://sparse.tamu.edu/JGD_BIBD,optimization/control,optimization/control,1.0,1,combinatorial problem (21),1,binary (21),2,rectangular (20); symmetric (1),84,319770,3806.785714285714,wide (>100×),252,8953560,mixed,1,20,all square matrices symmetric/Hermitian,1,1,1,real only,21,0,one broad domain; mixed matrix forms,"Balanced Incomplete Block Design from Mark Giesbrecht, Univ. of Waterloo
From Jean-Guillaume Dumas' Sparse Integer Matrix Collection,
http://ljk.imag.fr/membres/Jean-Guillaume.Dumas/simc.html"
JGD_CAG,3,"CAG matrix set from Michael Monagan, Simon Fraser Univ., Canada From Jean-Guillaume Dumas' Sparse Integer Matrix Collection,",https://sparse.tamu.edu/JGD_CAG,optimization/control,optimization/control,1.0,1,combinatorial problem (3),1,integer (3),1,unsymmetric (3),72,1916,26.61111111111111,moderate (4–100×),1012,195985,square only,3,0,no square matrix exactly symmetric/Hermitian,0,0,0,real only,0,0,coherent family/series,"CAG matrix set from Michael Monagan, Simon Fraser Univ., Canada
From Jean-Guillaume Dumas' Sparse Integer Matrix Collection,
http://ljk.imag.fr/membres/Jean-Guillaume.Dumas/simc.html

Strongly Connected Graph Components and Computing
Characteristic Polynomials of Integer Matrices in Maple,
Simon Lo, Michael Monagan, Allan Wittkopf
{sclo,mmonagan,wittkopf} at cecm.sfu.ca
Centre for Experimental and Constructive Mathematics,
Department of Mathematics, Simon Fraser University,
Burnaby, B.C., V5A 1S6, Canada.

abstract:
Let A be an n x n matrix of integers. We present details of our Maple
implementation of a simple modular method for computing the
characteristic polynomial of A.  We consider several different
representations for the computation modulo primes, in particular, the
use of double precision floats.  The algorithm used in Maple releases
7-10 is the Berkowitz algorithm. We present some timings comparing the
two algorithms on a sequence of matrices arising from an application in
combinatorics of Jocelyn Quaintance. These matrices have a hidden block
structure. Once identified, we can further reduce the computing time
dramatically.  This work has been incorporated into Maple 11's
LinearAlgebra package.

http://www.cecm.sfu.ca/~monaganm/papers/CP8.pdf"
JGD_Forest,10,"Forests and Trees from Nicolas Thiery From Jean-Guillaume Dumas' Sparse Integer Matrix Collection,",https://sparse.tamu.edu/JGD_Forest,optimization/control,optimization/control,1.0,1,combinatorial problem (10),1,integer (10),1,rectangular (10),107,317955,2971.542056074766,wide (>100×),622,4370721,rectangular only,0,10,N/A (rectangular only),0,0,0,real only,0,0,coherent family/series,"Forests and Trees from Nicolas Thiery
From Jean-Guillaume Dumas' Sparse Integer Matrix Collection,
http://ljk.imag.fr/membres/Jean-Guillaume.Dumas/simc.html

TF10 :  rank =    99 ,      0.0263529 s, Gauss: 0.00382595 
TF11 :  rank =   216 ,      0.136469  s, Gauss: 0.0256469
TF12 :  rank =   488 ,      0.83511   s, Gauss: 0.295295
TF13 :  rank =  1121 ,      6.06873   s, Gauss: 4.97585
TF14 :  rank =  2644 ,     36.9781    s, Gauss: 81.5788
TF15 :  rank =  6334 ,    229.029     s, Gauss: 1309.48
TF16 :  rank = 15437 ,   1442.08      s, Gauss: 36000
TF17 :  rank = 38132 ,   9706.03      s, Gauss:

http://www.lapcs.univ-lyon1.fr/~nthiery"
JGD_Franz,11,"Cohomology of various rings, from Matthias Franz, Univ. Konstanz, Germany From Jean-Guillaume Dumas' Sparse Integer Matrix Collection,",https://sparse.tamu.edu/JGD_Franz,optimization/control,optimization/control,1.0,1,combinatorial problem (11),1,integer (11),1,rectangular (11),2240,47104,21.02857142857143,moderate (4–100×),5120,329728,rectangular only,0,11,N/A (rectangular only),0,0,0,real only,0,0,coherent family/series,"Cohomology of various rings, from Matthias Franz, Univ. Konstanz, Germany
From Jean-Guillaume Dumas' Sparse Integer Matrix Collection,
http://ljk.imag.fr/membres/Jean-Guillaume.Dumas/simc.html"
JGD_G5,13,"Decomposable subspaces at degree d of the invariant ring of G5, Nicolas Thiery. Univ. Paris Sud.",https://sparse.tamu.edu/JGD_G5,optimization/control,optimization/control,1.0,1,combinatorial problem (13),1,integer (13),1,rectangular (13),77,47894,622.0,wide (>100×),251,1790490,rectangular only,0,13,N/A (rectangular only),0,0,0,real only,0,0,coherent family/series,"Decomposable subspaces at degree d of the invariant ring of G5, Nicolas Thiery.
Univ. Paris Sud.

From Jean-Guillaume Dumas' Sparse Integer Matrix Collection,
http://ljk.imag.fr/membres/Jean-Guillaume.Dumas/simc.html

http://www.lapcs.univ-lyon1.fr/~nthiery/LinearAlgebra/

Linear Algebra for combinatorics

Abstract:  Computations in algebraic combinatorics often boils down to
sparse linear algebra over some exact field. Such computations are
usually done in high level computer algebra systems like MuPAD or
Maple, which are reasonnably efficient when the ground field requires
symbolic computations. However, when the ground field is, say Q  or
Z/pZ, the use of external specialized libraries becomes necessary. This
document, geared toward developpers of such libraries, present a brief
overview of my needs, which seems to be fairly typical in the
community.

IG5-6: 30 x 77 : rang = 30  (Iteratif: 0.01 s, Gauss: 0.01 s)
IG5-7: 62 x 150 : rang = 62  (Iteratif: 0.02 s, Gauss: 0.01 s)
IG5-8: 156 x 292 : rang = 154  (Iteratif: 0.08 s, Gauss: 0.01 s)
IG5-9: 342 x 540 : rang = 308  (Iteratif: 0.46 s, Gauss: 0.02 s)
IG5-10: 652 x 976 : rang = 527  (Iteratif: 2.1 s, Gauss: 0.07 s)
IG5-11: 1227 x 1692 : rang = 902  (Iteratif: 7.5 s, Gauss: 0.22 s)
IG5-12: 2296 x 2875 : rang = 1578  (Iteratif: 26 s, Gauss: 0.93 s)
IG5-13: 3994 x 4731 : rang = 2532  (Iteratif: 80 s, Gauss: 3.35 s)
IG5-14: 6727 x 7621 : rang = 3906  (Iteratif: 244 s, Gauss: 10.06 s)
IG5-15: 11358 x 11987 : rang = 6146  (Iteratif: s, Gauss: 29.74 s)
IG5-16: 18485 x 18829 : rang = 9519  (Iteratif: s, Gauss: 621.97 s)
IG5-17: 27944 x 30131 : rang = 14060  (Iteratif: s, Gauss: 1973.8 s)"
JGD_GL6,5,"Differentials of the Voronoi complex of perfect forms of rank 6 mod GL_6(Z), from Philippe Elbaz-Vincent, Institut Fourier, Grenoble, France.",https://sparse.tamu.edu/JGD_GL6,optimization/control,optimization/control,1.0,1,combinatorial problem (5),1,integer (5),1,rectangular (5),341,637,1.8680351906158357,narrow (≤4×),2053,6153,rectangular only,0,5,N/A (rectangular only),0,0,0,real only,0,0,coherent family/series,"Differentials of the Voronoi complex of perfect forms of rank 6 mod GL_6(Z),
from Philippe Elbaz-Vincent, Institut Fourier, Grenoble, France.

From Jean-Guillaume Dumas' Sparse Integer Matrix Collection,
http://ljk.imag.fr/membres/Jean-Guillaume.Dumas/simc.html

http://www-fourier.ujf-grenoble.fr/-Informations-personnelles-.html?P=pev

D_6  Smith Invariants = [ 1:156 ]
D_7  Smith Invariants = [ 1:307 2:3 60:2 ]
D_8  Smith Invariants = [ 1:320 2:1 6:2 12:1 ]
D_9  Smith Invariants = [ 1:217 2:3 ]
D_10 Smith Invariants = [ 1:120 ]"
JGD_GL7d,17,"Differentials of the Voronoi complex of perfect forms of rank 7 mod GL_7(Z) equivalences, (related to the cohomology of GL_7(Z) and the K-theory of Z).",https://sparse.tamu.edu/JGD_GL7d,optimization/control,optimization/control,1.0,1,combinatorial problem (17),1,integer (17),1,rectangular (17),60,1955309,32588.483333333334,wide (>100×),8,37322725,rectangular only,0,17,N/A (rectangular only),0,0,0,real only,0,0,coherent family/series,"Differentials of the Voronoi complex of perfect forms of rank 7 mod GL_7(Z)
equivalences, (related to the cohomology of GL_7(Z) and the K-theory of Z).
from Philippe Elbaz-Vincent, Institut Fourier, Grenoble, France.

From Jean-Guillaume Dumas' Sparse Integer Matrix Collection,
http://ljk.imag.fr/membres/Jean-Guillaume.Dumas/simc.html

http://www-fourier.ujf-grenoble.fr/-Informations-personnelles-.html?P=pev

mtx rank        n       m       ker         rank/min(n,m)   homology
10 1            60      1       59      
11 59           1019    60      960         0,98333         0       
12 960          8899    1019    7939        0,94210         1       
13 7938         47271   8899    39333       0,89201         1       
14 39332        171375  47271   132043      0,83205         0       
15 132043       460261  171375  328218      0,77049         0       
16 328218       955128  460261  626910      0,71311         0       
17 626910       1548650 955128  921740      0,65636         0*      
18 921740*      1955309 1548650 1033569*    0,60*           1/0*    
19 103356(8/9)* 1911130 1955309 87756(2/1)* 0,54*           0/1*    
20 877562       1437547 1911130 559985      0,61            0       
21 559985       822922  1437547 262937      0,68048         0       
22 262937       349443  822922  86506       0,75245         0       
23 86505        105054  349443  18549       0,82343         1       
24 18549        21074   105054  2525        0,88018         0       
25 2525         2798    21074   273         0,90243         0       
26 273          305     2798    32          0,89508         0     

file    size              elements  rank    SF
GL7d10  1 x 60            8         1       1 (1)
GL7d11  60 x 1019         1513      59      1 (59)
GL7d12  1019 x 8899       37519     960     1 (958), 2 (2)
GL7d13  8899 x 47271      356232    7938    1 (7937), 2 (1)
GL7d14  47271 x 171375    1831183   39332   1 (39300),2 (29),4 (3)
GL7d15  171375 x 460261   6080381   132043  1 (131993), 2*??? (46), 6*??? (4)
GL7d16  955128 x 460261   14488881  328218
GL7d17  1548650 x 955128  25978098
GL7d18  1955309 x 1548650 35590540
GL7d19  1911130 x 1955309 37322725
GL7d20  1437547 x 1911130 29893084  877562
GL7d21  822922 x 1437547  18174775  559985
GL7d22  349443 x 822922   8251000   262937
GL7d23  105054 x 349443   2695430   86505   1 (86488), 2*??? (12), 6*??? (5)
GL7d24  21074 x 105054    593892    18549   1 (18544),2 (4),4 (1)
GL7d25  21074 x 2798      81671     2525    1 (2507), 2 (18)
GL7d26  2798 x 305        7412      273     1 (258), 2 (7), 6 (7), 36 (1)"
JGD_Groebner,8,"Gro""bner basis from Jean-Charles Fauge`res, From Jean-Guillaume Dumas' Sparse Integer Matrix Collection,",https://sparse.tamu.edu/JGD_Groebner,optimization/control,optimization/control,1.0,1,combinatorial problem (8),2,integer (7); binary (1),1,rectangular (8),404,5761,14.259900990099009,moderate (4–100×),15118,2462970,rectangular only,0,8,N/A (rectangular only),0,0,0,real only,1,0,one broad domain; mixed matrix forms,"Gro""bner basis from Jean-Charles Fauge`res, 
From Jean-Guillaume Dumas' Sparse Integer Matrix Collection,
http://ljk.imag.fr/membres/Jean-Guillaume.Dumas/simc.html

http://www-calfor.lip6.fr/~jcf/"
JGD_Homology,128,"Simplicial complexes from Homology from Volkmar Welker. From Jean-Guillaume Dumas' Sparse Integer Matrix Collection,",https://sparse.tamu.edu/JGD_Homology,optimization/control,optimization/control,1.0,1,combinatorial problem (128),1,integer (128),2,rectangular (122); unsymmetric (6),15,564480,37632.0,wide (>100×),18,3386880,mixed,6,122,no square matrix exactly symmetric/Hermitian,0,1,0,real only,0,0,one broad domain; mixed matrix forms,"Simplicial complexes from Homology from Volkmar Welker.
From Jean-Guillaume Dumas' Sparse Integer Matrix Collection,
http://ljk.imag.fr/membres/Jean-Guillaume.Dumas/simc.html

http://www.mathematik.uni-marburg.de/~welker/"
QY,2,"Transient stabilty constrained interior pt. optimal power flow, J. Quanyuan Two problem sets from Dr. Jiang Quanyuan from Zhejiang University,",https://sparse.tamu.edu/QY,electrical/circuit/device,electrical/circuit/device,1.0,1,power network problem (2),1,real (2),1,symmetric (2),14454,40216,2.78234398782344,narrow (≤4×),147972,1042160,square only,2,0,all square matrices symmetric/Hermitian,2,2,0,real only,0,0,coherent family/series,"Transient stabilty constrained interior pt. optimal power flow, J. Quanyuan
Two problem sets from Dr. Jiang Quanyuan from Zhejiang University,
Hangzhou, China, March, 2008, used in an electrical power system.
Each matrix A is solved sequentially with two right-hand-sides, b1 and
b2, one at a time.  In the UF collection, the sequence of all first
and second right-hand-sides is in Problem.aux.b2 and Problem.aux.b1.
These matrices are symmetric indefinite (x=A\\b uses MA57).
Note that the last matrices in the sequence are ill-conditioned.

Transient Stability Constrained Interior Point Optimal Power Flow Program
      Version 1.0 -- Developed by Dr. Jiang Quanyuan, March 2008

case9.m - TSOPF converges after 12 iterations
 object    = 3.945939E+03
 max_equ   = 3.287326E-11
 low_inequ = None
 up_inequ  = None

case39.m - TSOPF converges after 13 iterations
 object    = 2.696268E+04
 max_equ   = 5.684342E-14
 low_inequ = -1.110223E-16
 up_inequ  = None"
JGD_Kocay,12,"Brute force disjoint product matrices in tree algebra on n nodes, Nicolas Thiery From Jean-Guillaume Dumas' Sparse Integer Matrix Collection,",https://sparse.tamu.edu/JGD_Kocay,optimization/control,optimization/control,1.0,1,combinatorial problem (12),2,integer (11); binary (1),1,rectangular (12),2,15905,7952.5,wide (>100×),1,2872265,rectangular only,0,12,N/A (rectangular only),0,0,0,real only,1,0,one broad domain; mixed matrix forms,"Brute force disjoint product matrices in tree algebra on n nodes, Nicolas Thiery
From Jean-Guillaume Dumas' Sparse Integer Matrix Collection,
http://ljk.imag.fr/membres/Jean-Guillaume.Dumas/simc.html

http://www.lapcs.univ-lyon1.fr/~nthiery/LinearAlgebra

Linear algebra for combinatorics

Abstract: Computations in algebraic combinatorics often boils down to
sparse linear algebra over some exact field. Such computations are
usually done in high level computer algebra systems like MuPAD or
Maple, which are reasonnably efficient when the ground field requires
symbolic computations.  However, when the ground field is, say Q or
Z/pZ, the use of external specialized libraries becomes necessary. This
document, geared toward developpers of such libraries, present a brief
overview of my needs, which seems to be fairly typical in the
community."
JGD_Margulies,23,"Combinatorial optimization as polynomial eqns, Susan Margulies, UC Davis From Jean-Guillaume Dumas' Sparse Integer Matrix Collection,",https://sparse.tamu.edu/JGD_Margulies,optimization/control,optimization/control,1.0,1,combinatorial problem (23),1,binary (23),2,rectangular (22); unsymmetric (1),25,902103,36084.12,wide (>100×),74,2170814,mixed,1,22,no square matrix exactly symmetric/Hermitian,0,0,0,real only,23,0,one broad domain; mixed matrix forms,"Combinatorial optimization as polynomial eqns, Susan Margulies, UC Davis
From Jean-Guillaume Dumas' Sparse Integer Matrix Collection,
http://ljk.imag.fr/membres/Jean-Guillaume.Dumas/simc.html

http://arxiv.org/abs/0706.0578

Expressing Combinatorial Optimization Problems by Systems of Polynomial
Equations and the Nullstellensatz

Authors: J.A. De Loera, J. Lee, Susan Margulies, S. Onn

(Submitted on 5 Jun 2007)

Abstract: Systems of polynomial equations over the complex or real
numbers can be used to model combinatorial problems. In this way, a
combinatorial problem is feasible (e.g. a graph is 3-colorable,
hamiltonian, etc.) if and only if a related system of polynomial
equations has a solution. In the first part of this paper, we construct
new polynomial encodings for the problems of finding in a graph its
longest cycle, the largest planar subgraph, the edge-chromatic number,
or the largest k-colorable subgraph.  For an infeasible polynomial
system, the (complex) Hilbert Nullstellensatz gives a certificate that
the associated combinatorial problem is infeasible. Thus, unless P =
NP, there must exist an infinite sequence of infeasible instances of
each hard combinatorial problem for which the minimum degree of a
Hilbert Nullstellensatz certificate of the associated polynomial system
grows.  We show that the minimum-degree of a Nullstellensatz
certificate for the non-existence of a stable set of size greater than
the stability number of the graph is the stability number of the graph.
Moreover, such a certificate contains at least one term per stable set
of G. In contrast, for non-3- colorability, we found only graphs with
Nullstellensatz certificates of degree four."
JGD_Relat,15,"Relations from Florent Hiver, Univ. Paris-Est Marne-La-Valle'e From Jean-Guillaume Dumas' Sparse Integer Matrix Collection,",https://sparse.tamu.edu/JGD_Relat,optimization/control,optimization/control,1.0,1,combinatorial problem (15),1,integer (15),1,rectangular (15),12,12360060,1030005.0,wide (>100×),18,38955420,rectangular only,0,15,N/A (rectangular only),0,0,0,real only,0,0,coherent family/series,"Relations from Florent Hiver, Univ. Paris-Est Marne-La-Valle'e
From Jean-Guillaume Dumas' Sparse Integer Matrix Collection,
http://ljk.imag.fr/membres/Jean-Guillaume.Dumas/simc.html

http://www-igm.univ-mlv.fr/~hivert/"
JGD_SL6,7,"Differentials of the Voronoi complex of perfect forms from Philippe Elbaz-Vincent, Institut Fourier, Grenoble, France.",https://sparse.tamu.edu/JGD_SL6,optimization/control,optimization/control,1.0,1,combinatorial problem (7),1,integer (7),1,rectangular (7),434,1271,2.9285714285714284,narrow (≤4×),1832,14966,rectangular only,0,7,N/A (rectangular only),0,0,0,real only,0,0,coherent family/series,"Differentials of the Voronoi complex of perfect forms
from Philippe Elbaz-Vincent, Institut Fourier, Grenoble, France.

From Jean-Guillaume Dumas' Sparse Integer Matrix Collection,
http://ljk.imag.fr/membres/Jean-Guillaume.Dumas/simc.html

http://www-fourier.ujf-grenoble.fr/-Informations-personnelles-.html?P=pev

D_5  Smith Invariants = [ 1:92 3:2 18:1 ]
D_6  Smith Invariants = [ 1:338 2:1 ]
D_7  Smith Invariants = [ 1:621 2:5 6:1 60:2 ]
D_8  Smith Invariants = [ 1:637 3:3 12:1 ]
D_9  Smith Invariants = [ 1:491 ]
D_10 Smith Invariants = [ 1:318 2:3 4:2 ]
D_11 Smith Invariants = [ 1:129 2:6 6:1 ]"
JGD_SPG,7,"Symmetric powers of graphs from Gordon Royle, Univ Western Australia From Jean-Guillaume Dumas' Sparse Integer Matrix Collection,",https://sparse.tamu.edu/JGD_SPG,optimization/control,optimization/control,1.0,1,combinatorial problem (7),2,binary (6); integer (1),2,symmetric (6); unsymmetric (1),300,6545,21.816666666666666,moderate (4–100×),592,295680,square only,7,0,mixed among square matrices,6,6,0,real only,6,0,one broad domain; mixed matrix forms,"Symmetric powers of graphs from Gordon Royle, Univ Western Australia
From Jean-Guillaume Dumas' Sparse Integer Matrix Collection,
http://ljk.imag.fr/membres/Jean-Guillaume.Dumas/simc.html

http://www.csse.uwa.edu.au/~gordon/sympower.html"
JGD_Taha,2,"Taha matrix set from Abdul Salam Jarrah, New Mexico State Univ. From Jean-Guillaume Dumas' Sparse Integer Matrix Collection,",https://sparse.tamu.edu/JGD_Taha,optimization/control,optimization/control,1.0,1,combinatorial problem (2),1,integer (2),1,rectangular (2),14596,37932,2.5987941901890927,narrow (≤4×),51307,137228,rectangular only,0,2,N/A (rectangular only),0,0,0,real only,0,0,coherent family/series,"Taha matrix set from Abdul Salam Jarrah, New Mexico State Univ.
From Jean-Guillaume Dumas' Sparse Integer Matrix Collection,
http://ljk.imag.fr/membres/Jean-Guillaume.Dumas/simc.html

http://www.math.nmsu.edu/~ajarrah"
JGD_Trefethen,11,"Diagonal matrices with primes, Nick Trefethen, Oxford Univ. From Jean-Guillaume Dumas' Sparse Integer Matrix Collection,",https://sparse.tamu.edu/JGD_Trefethen,optimization/control,optimization/control,1.0,1,combinatorial problem (11),1,integer (11),1,symmetric (11),19,20000,1052.6315789473683,wide (>100×),147,554466,square only,11,0,all square matrices symmetric/Hermitian,11,11,11,real only,0,0,coherent family/series,"Diagonal matrices with primes, Nick Trefethen, Oxford Univ.
From Jean-Guillaume Dumas' Sparse Integer Matrix Collection,
http://ljk.imag.fr/membres/Jean-Guillaume.Dumas/simc.html

Problem 7 of the Hundred-dollar, Hundred-digit Challenge Problems,
SIAM News, vol 35, no. 1.

7. Let A be the 20,000 x 20,000 matrix whose entries are zero
everywhere except for the primes 2, 3, 5, 7, . . . , 224737 along the
main diagonal and the number 1 in all the positions A(i,j) with
|i-j| = 1,2,4,8, . . . ,16384.  What is the (1,1) entry of inv(A)?

http://www.siam.org/news/news.php?id=388"
FreeFieldTechnologies,1,"3D vibro-acoustic problem, aircraft engine nacelle, from M. Gontier Free Field Technologies, Mont-Saint Guibert, Belguim (",https://sparse.tamu.edu/FreeFieldTechnologies,electromagnetics/acoustics,electromagnetics/acoustics,1.0,1,acoustics problem (1),1,complex (1),1,unsymmetric (1),169410,169410,1.0,one size,5033796,5033796,square only,1,0,no square matrix exactly symmetric/Hermitian,0,1,0,complex only,0,1,single matrix,"3D vibro-acoustic problem, aircraft engine nacelle, from M. Gontier
Free Field Technologies, Mont-Saint Guibert, Belguim (http://www.fft.be)"
Freescale,8,"Circuit simulation matrices K. Gullapalli, Freescale Semiconductor",https://sparse.tamu.edu/Freescale,electrical/circuit/device,electrical/circuit/device,1.0,2,circuit simulation problem (7); circuit simulation matrix (1),1,real (8),1,unsymmetric (8),178866,5558326,31.07536368007335,moderate (4–100×),961368,59524291,square only,8,0,no square matrix exactly symmetric/Hermitian,0,0,0,real only,0,0,coherent family/series,"Circuit simulation matrices K. Gullapalli, Freescale Semiconductor"
TSOPF,27,"Transient stability-constrained optimal power flow, G. Geng, Zhejiang Univ. comments on the TSOPF_RS_b2303 matrix:",https://sparse.tamu.edu/TSOPF,electrical/circuit/device,electrical/circuit/device,1.0,1,power network problem (27),1,real (27),2,unsymmetric (15); symmetric (12),2454,120216,48.987775061124694,moderate (4–100×),25032,16171169,square only,27,0,mixed among square matrices,12,12,0,real only,0,0,one broad domain; mixed matrix forms,"Transient stability-constrained optimal power flow, G. Geng, Zhejiang Univ.

comments on the TSOPF_RS_b2303 matrix:
We are now trying UMFPACK in MATLAB to do some research work
power system optimization. UMFPACK LU function (5 outputs) performs much
faster than normal LU function (3 outputs) of MATLAB for most test cases in
our experiment. However, in one of our test, UMFPACK runs out of memory when
performing LU decomposition to an unsymmetric, non-positive definite matrix
Ck (uploaded on the website). But the normal LU function with COLAMD
successfully completes LU decomposition without any warning and error. All
tests are done in MATLAB 2008b x64 on a PC with 4Gb RAM. We have tried both
UMFPACK 5.0 and 5.2 but neither works. We would very appreciate it if you
could give some suggestions on our implementation.

comments from Guangchao Geng regarding the TSOPF_FS_300 matrix:
KLU (which you recommend us in your last letter) does a perfect
a job in our application of power system optimization. It's faster than
UMFPACK and SuperLU about 10 times in LU factorization phase and 5 times in
backward substitution phase. It greatly speeds up our research work. However,
when we try UMFPACK and KLU to solve a symmetric sparse linear system in
another program, both of the two fails to exceed backslash in MATLAB.
The left-hand side matrix A and right-hand side vector b1 are uploaded in a
single .MAT file at the website. We wonder if MATLAB backslash is the
performance limit for matrices of this kind, or we have other external
solvers worth to try.

Thank you for your consideration.  Guangchao Geng
                
-------------- Guangchao Geng E-mail: genggc at gmail dot com
Institute of Power System, College of Electrical Engineering,
Zhejiang University, Hangzhou, 310027, China.


remainder: 
Here is a matrix collection of our power system optimization application,
This .zip file contains matrices collection of Transient Stability
constrained Optimal Power Flow (TSOPF). All matrices are stored in MAT format
and divided in two groups: Full-Space (FS) group and Reduced-Space (RS)
group.

FS group: 
    - Left-hand side: A (symmetric & indefinite)
    - Right-hand side: b1
    - Solve fastest with Matlab backslash '\\' (actually MA57)

RS group:
    - Left-hand side: Ck (asymmetric & indefinite)
    - Right-hand side: Nk (sparse with 300+ columns for large systems)
    - Solve fastest with KLU

Guangchao Geng (genggc at gmail dot com)
2009.01.08

(Update: the titles of the matrices were corrected on March 6, 2009)."
Buss,2,"Website recommendation system, Steven Buss, Univ. Florida connectus:",https://sparse.tamu.edu/Buss,graph/network data,graph/network data,1.0,1,undirected bipartite graph (2),1,binary (2),1,rectangular (2),394792,872622,2.2103335427262962,narrow (≤4×),1127525,22624727,rectangular only,0,2,N/A (rectangular only),0,0,0,real only,2,0,coherent family/series,"Website recommendation system, Steven Buss, Univ. Florida

connectus:
This is a matrix from Steven Buss, for a website recommendation system (to
be called www.connectious.com).  Each row of the matrix is a unique user.
Each column of the matrix is a web page.  A(i,j)=1 if user i has tagged
web page j as favorable, and a 0 represents no opinion.  The data was
obtained from digg.com.  Note that the matrix A*A' contains one
connected component of size 342, and 170 singletons (nodes with no edges)
This means that a group of 341 users share some interests, at least
indirectly, and that there are 171 other users that share no interests
at all with any other users (they have no pages in common with anyone).

12month1: another matrix from the same problem, with 12,646 users
and 394,792 web pages, from July 2008 to July 2009."
Yoshiyasu,2,"Image editting and mesh deformation problem from Y. Yoshiyasu, Keio Univ., Japan I uploaded 5 matrices A1,b1,A2,b2 and D (for x=(A1'*A1)/(A1'*b1) and",https://sparse.tamu.edu/Yoshiyasu,imaging/graphics/robotics,imaging/graphics/robotics,1.0,1,computer graphics/vision problem (2),1,real (2),1,rectangular (2),234023,240000,1.0255402246787708,narrow (≤4×),711683,853829,rectangular only,0,2,N/A (rectangular only),0,0,0,real only,0,2,coherent family/series,"Image editting and mesh deformation problem from Y. Yoshiyasu, Keio Univ., Japan

I uploaded 5 matrices A1,b1,A2,b2 and D (for x=(A1'*A1)/(A1'*b1) and
v=(A2'*D*A2)/(A2'*D*b2)).  What I'm doing is template-mesh deformation to match
with silhouettes.  In this process, there are two kinds of linear systems that
I have to solve.

First one is smooth vector field construction from images, which is harmonic
interpolation (minimizing laplacian: Lx=0) of intensity gradient field p.  I'm
solving this by normal equation and cholesky factorization.

x=(A1'*A1)/(A1'*b1)

where A1=[L;C] and b1=[zeros(size(length(L),1);1);C*p]. C is a square diagonal
matrix containing weights.  I'm doing this on a 400x300 image, so
Ix=reshape(x,400,300) must be done to get the vector field. After solving y
direction for Iy, the result is visualized with quiver(Ix,Iy).   At each
iteration the both C submatrix and the right-hand-side change but L remains
unchanged.

Second one is template deformation using above vector field.  I'm solving this
by:

v=(A2'*D*A2)/(A2'*D*b2)

where D is diagonal matrix containing weights.  Structures of A2 and b2 are a
little bit more complex than A1 and b1, but they are similar.

Both systems are not quite time-consuming for themselves, but I iterate this
process more than 10 times for 10 views. So I would like them to be faster and
also I'd like to reuse and update the factored matrix (if it's possible).

[Reply:  if all of C changes at each step, this is a nearly n-rank change,
so an update/downdate process would be much more expensive than refactorizing
the matrix.  Update/downdate is effective for low-rank changes.

In the collection,]"
Priebel,6,"Quadratic sieve matrices from David Priebel, Tenn. Tech. Univ. Each column in the matrix corresponds to a number in the factor base",https://sparse.tamu.edu/Priebel,optimization/control,optimization/control,1.0,1,combinatorial problem (6),1,binary (6),1,rectangular (6),584,24430,41.832191780821915,moderate (4–100×),6120,299756,rectangular only,0,6,N/A (rectangular only),0,0,0,real only,6,0,coherent family/series,"Quadratic sieve matrices from David Priebel, Tenn. Tech. Univ.

Each column in the matrix corresponds to a number in the factor base
less than some bound B.  Each row corresponds to a smooth number (able
to be completely factored over the factor base).  Each value in a row
binary vector corresponds to the exponent of the factor base mod 2.
For example:

    factor base: 2 7 23
    smooth numbers: 46, 28, 322
    2^1       * 23^1 = 46
    2^2 * 7^1        = 28
    2^1 * 7^1 * 23^1 = 322
    Matrix:
        101
        010
        111

A solution to the matrix is considered to be a set of rows which when
combined in GF2 produce a null vector. Thus, if you multiply each of
the smooth numbers which correspond to that particular set of rows you
will get a number with only even exponents, making it a perfect
square. In the above example you can see that combining the 3 vectors
results in a null vector and, indeed, it is a perfect square: 644^2.

Problem.A: A GF(2) matrix constructed from the exponents of the
factorization of the smooth numbers over the factor base. A solution of
this matrix is a kernel (nullspace). Such a solution has a 1/2 chance of
being a factorization of N.

Problem.aux.factor_base: The factor base used. factor_base(j) corresponds
to column j of the matrix. Note that a given column may or may not have
nonzero elements in the matrix.

Problem.aux.smooth_number: The smooth numbers, smooth over the factor
base.  smooth_number(i) corresponds to row i of the matrix.

Problem.aux.solution: A sample solution to the matrix. Combine, in GF(2)
the rows with these indicies to produce a solution to the matrix with the
additional property that it factors N (a matrix solution only has 1/2
probability of factoring N).

Problem specific information:

n = 787911249838484617926390474950774839909 (130-bits)
Divisor: 23850290715477455017 (probably prime)
Divisor: 33035708421246870877 (probably prime)

n = 27393004579711727757848513391018843988362569 (145-bits)
Divisor: 4762476283061573160587 (probably prime)
Divisor: 5751840629031342254587 (probably prime)

n = 3408489886335277144344023699527218196631767672957 (162-bits)
Divisor: 1816046478796474796528999 (probably prime)
Divisor: 1876873706775468629074043 (probably prime)

n = 73363722971930954428433124842779099222294372095286387 (176-bits)
Divisor: 236037985789994529800050193 (probably prime)
Divisor: 310813205452462332837525059 (probably prime)

n = 4232562527578032866150921497850842593296760823796443077101 (192-bits)
Divisor: 83135929635332984850508004533 (probably prime)
Divisor: 50911351399373573113182167897 (probably prime)

n = 239380926372595066574100671394554319947805305453767699448870971 (208-bits)
Divisor: 12216681953629826483019726942851 (probably prime)
Divisor: 19594594283554225566102143686121 (probably prime)"
MaxPlanck,2,"Weather shallow water equations, Max-Planck Institute of Meteoroloy The two shallow_water* matrices arise from weather shallow water equations",https://sparse.tamu.edu/MaxPlanck,fluids/transport,fluids/transport,1.0,1,computational fluid dynamics problem (2),1,real (2),1,symmetric (2),81920,81920,1.0,one size,327680,327680,square only,2,0,all square matrices symmetric/Hermitian,2,2,2,real only,0,2,coherent family/series,"Weather shallow water equations, Max-Planck Institute of Meteoroloy

The two shallow_water* matrices arise from weather shallow water equations
(see http://www.icon.enes.org), from the Max-Plank Institute of Meteorology.
The problem gives rise to an automatic differentiation problem.  An iterative
solver is used for the larger problem, but a direct sovler is used for
finding the adjoints of a linear problem.  The velocity field is integrated
over a time loop with a semi-implicit method.  The implicit part leads to
a linear problem A*x=b, whose entries vary with time.  Two of these matrices
A are in this collection, with shallow_water1 at dtime=100 and shallow_water2
at dtime=200.  The nonzero patterns of the two matrices are the same, but
shallow_water1 is much slower.  The reason is that many denormals appear
during factorization, which greatly slows down the BLAS.  This can be solved
by compiling with gcc -ffast-math, to flush denormals to zero."
Clark,1,"Tomographic reconstruction of a particle field in fluid flow, T. Clark See",https://sparse.tamu.edu/Clark,imaging/graphics/robotics,imaging/graphics/robotics,1.0,1,computer graphics/vision problem (1),1,real (1),1,rectangular (1),73159,73159,1.0,one size,647495,647495,rectangular only,0,1,N/A (rectangular only),0,0,0,real only,0,1,single matrix,"Tomographic reconstruction of a particle field in fluid flow, T. Clark

See http://www.mathworks.com/matlabcentral/newsreader/view_thread/254747
for a discussion.

The problem can be solved via lsqlin in MATLAB:
lb = zeros (n,1) ;
x = lsqlin (A, b, [ ], [ ], [ ], [ ], lb) ;"
Bourchtein,4,Atmospheric modeling problems from Andrei Bourchtein These matrices arise in the numerical weather prediction and atmospheric,https://sparse.tamu.edu/Bourchtein,fluids/transport,fluids/transport,1.0,1,computational fluid dynamics problem (4),2,real (3); integer (1),1,unsymmetric (4),1270432,1489752,1.1726341905745448,narrow (≤4×),8814880,10319760,square only,4,0,no square matrix exactly symmetric/Hermitian,0,4,0,real only,0,4,one broad domain; mixed matrix forms,"Atmospheric modeling problems from Andrei Bourchtein

These matrices arise in the numerical weather prediction and atmospheric
modeling.  Such matrices usually appear in semi-implicit schemes applied to
three-dimensional Euler or Navier-Stokes equations (called nonhydrostatic
models in the atmospheric sciences) or to their simplified form with
hydrostatic balance equation instead of vertical momentum equation (called
hydrostatic or primitive equation models in the atmospheric sciences).

Such linear systems represent discretization of three-dimensional elliptic
problems (frequently Dirichlet or Neumann problems for Helmholtz or
quasi-Helmholtz equations), arising at each time step of semi-implicit
algorithms due to implicit time approximation of some linear terms in the
governing equations.  If spectral spatial approximation is applied, then the
elliptic problem is usually transformed to the linear system with a diagonal
matrix solved trivially.  If finite-difference or finite-element approximation
is used, then the linear systems with the sparse matrices of the coefficients
similar to the four submitted matrices arise.  However, the semi-implicit
schemes usually do not require explicit construction of the matrix of
coefficients, neither do iterative methods used to solve these systems in the
atmospheric models.  Besides, avoiding construction of the matrix of
coefficients allows reducing the required computer memory.  Due to these
reasons, as far as I know, the explicit form of matrices of coefficients
usually is not described, except for the local structure of the respective
difference equations.

The two right-hand sides b(:,1) and b(:,2) refer to the long wave or
short wave perturbation of atmospheric fields, respectively.

The description of such semi-implicit algorithms together with arising elliptic
problems can be found, for example, in the following recent papers (and
references therein):

1. Steppeler J., Hess R., Schattler U., Bonaventura L.: Review of numerical
methods for nonhydrostatic weather prediction models. Met. Atm Phys. 82 (2003)
287-301.

    This is a review paper on nonhydrostatic models, including particularly,
    semi-implicit time differencing.  Some description of arising elliptic
    problems and their solvers used in atmospheric models can be found on
    pp.294-296.

2. Cote J., Gravel S., Methot A., Patoine A., Roch M., Staniforth A.: The CMC-MRB
global environmental multiscale (GEM) model. Part I: Design considerations and
formulation. Mon. Wea. Rev. 126 (1998) 1373-1395.

3. Yeh K.S., Cote J., Gravel S., Methot A., Patoine A., Roch M., Staniforth A.: The
CMC-MRB global environmental multiscale (GEM) model. Part III: Nonhydrostatic
formulation. Mon. Wea. Rev. 130 (2002) 339-356.

    This pair of papers is about hydrostatic and nonhydrostatic versions of the
    modern semi-implicit Canadian model.  Some description of elliptic problems
    and their solution can be found on p.1389 of the first paper and p.343 of
    the second paper.

4. Davies T., Cullen M.J.P., Malcolm A.J., Mawson M.H., Staniforths A., White A.A.,
Wood N.: A new dynamical core for the Met Office’s global and regional modeling.
Q. J. Roy. Met. Soc. 131 (2005) 1759-1782.

    This is a brief report on United Kingdom modern semi-implicit model.  Some
    description of elliptic problem can be found on p.1778 and its solution
    on pp.1771-1772."
Puri,4,ABAQUS benchmarks: pt.loaded fluid-filled shell. Srinivasan Puri ROM benchmark test matrices.,https://sparse.tamu.edu/Puri,eigenvalue/model reduction,eigenvalue/model reduction,1.0,1,model reduction problem (4),2,complex (3); real (1),1,unsymmetric (4),23412,23412,1.0,one size,218484,218484,square only,4,0,no square matrix exactly symmetric/Hermitian,0,4,0,real + complex,0,4,one broad domain; mixed matrix forms,"ABAQUS benchmarks: pt.loaded fluid-filled shell.  Srinivasan Puri
ROM benchmark test matrices.

http://sites.google.com/site/srinivaspuri/Home/rom-test-matrices

The problem can be found in any ABAQUS Benchmark manual: Section
1.10.2, and is often known as the ""acid-test"" within the
structural-acoustic community.

A small description of the problem follows.

The Abaqus/Standard Model:

This problem involves the steady-state vibration of a point-loaded
spherical shell coupled to an acoustic fluid that fills its interior.
It is modeled using axisymmetric shell and acoustic elements. The
closed form solution of Stepanishen and Cox (2000) is used for
validation of the analysis. The basis of the coupled
acoustic-structural vibration capability in Abaqus is described in
""Coupled acoustic-structural medium analysis,"" Section 2.9.1 of the
Abaqus Theory Manual, and ""Acoustic, shock, and coupled
acoustic-structural analysis,"" Section 6.9.1 of the Abaqus Analysis
User's Manual.

Problem description

The model is a semicircular shell and fluid mesh of radius 2.286 m. A
point load on the symmetry axis of magnitude 1.0 N is applied to the
shell. The shells are 0.0254 m in thickness and have a Young's modulus
of 206.8 GPa, a Poisson's ratio of 0.3, and a mass density of 7800.0
kg/m^{3}. The acoustic fluid has a density, of 1000 kg/m^{3} and a bulk
modulus, of 2.25 GPa. The response of the coupled system is calculated
for frequencies ranging from 100 to 1000 Hz in 5 Hz increments. There
are two different finite element meshes used: one with explicitly
defined acoustic-structural interaction elements and one that uses the
*TIE option. The former model consists of 220 SAX1 elements surrounding
a mesh of 15848 ACAX4 elements. Coupling is effected using 220 ASI2A
elements. The latter model uses 80 SAX2 elements surrounding a mesh of
965 ACAX8 elements. For this mesh, coupling is effected using the *TIE
option to generate the acoustic-structural interaction elements
internally.

A dummy part is included in the models to ensure that the analytical
solution appears in the output database. This part consists of a single
point mass, uncoupled from the model described above, with a
displacement boundary condition on degree of freedom 1. This imposed
displacement uses an amplitude table consisting of the Stepanishen/Cox
analytical solution for the drive point admittance.

The ANSYS Model & the Higher Dimensional Coupled System Matrices:

We generate the required matrices in ANSYS by reading through the
ABAQUS documentation and preparing the relevant finite element mesh in
ANSYS. This particular model was done with ANSYS V10/V11. A detailed
description can be found in and R. S. Puri, D Morrey, J. L. Cipolla
(2007) and R. S. Puri (2008). In the ANSYS model, we sweep from
100-1000Hz in 1Hz increments as opposed to 5Hz increments in the ABAQUS
model. This is simply for ease of comparison with analytical solutions
- since we have closed form solutions at every 1Hz. increments for the
undamped case.

A diagram of the coupled Finite Element mesh along with the point
loading condition/location & the sparsity plots of the coupled
stiffness and mass matrices are given at
http://sites.google.com/site/srinivaspuri/Home/rom-test-matrices

For the undamped model, the matrices can be found in BM_Uda.zip in the
Attachments section.

For damped models, we have three sub test cases: Low Damping, Moderate
Damping, High Damping.  The higher dimensional matrices can be found in
BM_Ld.zip ; BM_Md.zip ; BM_Hd.zip in the Attachments sections (see
""contd.."" sub page also).

General file description are as follows:

full* represents higher dimensional system.

full.M: Coupled Mass matrix: Unsymm. (explicit zeros in Mzeros matrix)
full.K: Coupled Stiffness matrix: Unsymm.
full.E: Structural-Acoustic damping matrix
     (In this case, we vary only structural damping).
full.B: Structural-Acoustic input vector
     (i.e forcing function for the freq domain simulation)
full.C: Output measurement matrix.
full.C.names: Description of the output measurement:
     Not required for model reduction.
frequency.txt: Frequencies for frequency domain simulation.
     (100-1000Hz.)
N10945_<ud/ld/md/hd>.txt: Results from direct inversion of the
     higher dimensional system:  Coupled nodal displacements.
TSSOAR_N10945_<ld/md/hd>.txt: Results from Two Sided Arnoldi
     projection:  Coupled nodal displacements.
closedform.txt: Velocity Results from analytical solution
     [modal expansion] for the problem.

Key: <ud>: undamped;
     <ld>: low damping;
     <md>: moderate damping;
     <hd>: high damping.

Coupled System Matrix Properties:

Type: Second order, SISO.
Format: Matrix Market.
Dimension: 23412 x 23412.
Mass Matrix: Coupled, Unsymmetric.
Stiffness Matrix: Coupled, Unsymmetric.
Damping Matrix: Undamped & Structurally Damped Symmetric.

Approximation Properties:

State Variable to be approximated: Coupled Displacement at driving point location.
Eigen Solution:
    50 coupled vectors for say Coupled Lanczos projection procedure ;
    Uncoupled approach: 50 structural and uncoupled acoustic modes
        till 4000Hz for AMLS projection.

Arnoldi Vectors:
    100 for undamped via One Sided or Two Sided Arnoldi Process [OSA-TSA];
    110 for damped via Two-Sided Second Order Arnoldi Process [SOAR].

Matrix Extraction Information:

[1.0] Undamped Matrices:

BM_Uda.zip : No issues to report. You should be able to generate the
plots in Figure: 3 and Figure: 4 with minimal effort.

[1.1] Damped Matrices:

BM_<Ld/Md/Hd>.zip : No issues with Mass and Stiffness Matrices. The
damping matrices for the weakly non-linear test cases are assembled
from the total Dynamic matrix in ANSYS. That is, ANSYS writes the
dynamic, coupled structural-acoustic ""supermatrix"" as follows:

[A] {x} = F ;                                       -- Equation (1)

where, [A] is the dynamic ""super matrix"" which is computed as follows:

[A]  =  -Omega^{2} [M] + i*Omega [E] + [K]  ;       -- Equation (2)

which is directly written to the ANSYS FULL file. It follows from
above that the damping matrix can be ""back calculated"" by using the
following relationship:

[E] = [Ai]  / Omega  ;                              -- Equation (3)

where,  [Ai] represents the imaginary part of the dynamic coupled
structural-acoustic ""super matrix"".

Unfortunately, at this moment, there is no other direct way to extract
the damping matrix including linearly varying damping.

Shortly speaking, the damping matrix [E] for the coupled
structural-acoustic system can be extracted by dividing the imaginary
part of the ""super matrix"" with a high enough frequency.

Remarks on Matrix Extraction for Damped Test Cases:


For the damped cases, the [E] matrices for the benchmark models were
extracted at around 1000Hz, which is close to the end frequency of the
analysis range.

This above extraction procedure sometimes results in a ""non-symmetric""
damping matrix rather than a symmetric one, which can be attributed to
the very small ""round-off"" differences at different frequencies. Note
also that this ""unsymmetricity"" is not always the case. In many cases
(e.g. ones with lower dimension), the damping matrices are indeed
symmetric.

Saying that, we note that this should not yield any issues/differences
in the dimension reduction process.

Please let me know if you do encounter any difficulties or questions
on the matrices/reduction process. Results for the linearly damped
cases can be found in R. S. Puri (2008).

References:

Stepanishen,  P., and D. L. Cox, ""Structural-Acoustic Analysis of an
Internally Fluid-Loaded Spherical Shell: Comparison of Analytical and
Finite Element Modeling Results,"" NUWC Technical Memorandum 00-118,
Newport, Rhode Island, 2000.

Puri, R. S., D. Morrey, and J. L. Cipolla (2007), A comparison between
One-sided and Two-sided Arnoldi based model order reduction techniques
for fully coupled structural acoustic analysis. In 153rd Meeting of
the Acoustical Society of America, The Journal of Acoustical Society
of America, Volume 121.

R.S. Puri (2008), Krylov Subspace Based Direct Projection Techniques
For Low Frequency, Fully Coupled, Structural Acoustic Analysis and
Optimization, Ph.D. Thesis, School of Technology, Department of
Mechanical Engineering and Mathematical Sciences, Oxford Brookes
University, Oxford, UK.

E. B. Rudnyi and J. G. Korvink (2006), Model Order Reduction for Large
Scale Engineering Models Developed in ANSYS. Lecture Notes in Computer
Science, v. 3732, pp. 349-356.

If you run into any trouble, do ping me:
srinivaspuri[at]gmail[dot].com"
Stevenson,1,"Circuit optimization for digital circuits. John Peter Stevenson, Stanford. LargeRegFile is a matrix representing an optimization problem.",https://sparse.tamu.edu/Stevenson,electrical/circuit/device,electrical/circuit/device,1.0,1,circuit simulation problem (1),1,real (1),1,rectangular (1),2111154,2111154,1.0,one size,4944201,4944201,rectangular only,0,1,N/A (rectangular only),0,0,0,real only,0,0,single matrix,"Circuit optimization for digital circuits.  John Peter Stevenson, Stanford.

LargeRegFile is a matrix representing an optimization problem.
Specifically, it is a geometric program, a kind of convex optimization
problem.  The matrix entries are the exponents found in the geometric
program constraints; specifically, this matrix is a portion of the
input required by mskexpopt:
http://docs.mosek.com/6.0/capi/node008.html

This matrix represents a digital circuit.  The circuit is a large
register file: 256 registers, 64 bits each, 2 read ports, 1 write port.
The optimization problem is to minimize circuit delay, subject to
constraints on energy cost and area cost. The optimization variables
are the transistor size, the supply voltage, and the threshold voltage.
The circuit optimization method is described by Patil, et. al.: Robust
energy-efficient adder topologies. In ARITH07: Proceedings of the 18th
IEEE Symposium on Computer Arithmetic, pages 16-28, Washington, DC,
USA, 2007. IEEE Computer Society."
Belcastro,3,"Gene networks from V. Belcastro, TIGEM, Naples, Italy Currently working on gene regulatory network inference. Obtained",https://sparse.tamu.edu/Belcastro,graph/network data,graph/network data,1.0,1,undirected weighted graph (3),1,real (3),1,symmetric (3),14340,45101,3.1451185495118548,narrow (≤4×),18068388,28967291,square only,3,0,all square matrices symmetric/Hermitian,3,3,0,real only,0,0,coherent family/series,"Gene networks from V. Belcastro, TIGEM, Naples, Italy

Currently working on gene regulatory network inference.  Obtained 
human as well as mouse gene regulatory networks by analyzing gene 
expression profiles from both the species.

Vincenzo Belcastro, M.Sc.
Research Associate
Telethon Institute of Genetics and Medicine
(TIGEM) - Systems Biology Group
Via P. Castellino 111
80131, Napoli
Italy"
SNAP,68,"Networks from SNAP (Stanford Network Analysis Platform) Network Data Sets, Jure Leskovec",https://sparse.tamu.edu/SNAP,graph/network data,graph/network data,1.0,8,directed graph (30); undirected graph (14); directed temporal multigraph (8); undirected graph with communities (6); directed weighted graph (5); directed graph with communities (2); directed weighted temporal graph (2); directed weighted temporal multigraph (1),2,binary (53); integer (15),2,unsymmetric (47); symmetric (21),1005,65608366,65281.95621890547,wide (>100×),20296,3612134270,square only,68,0,mixed among square matrices,21,22,0,real only,53,0,one broad domain; mixed matrix forms,"Networks from SNAP (Stanford Network Analysis Platform) Network Data Sets,
Jure Leskovec http://snap.stanford.edu/data/index.html
email jure at cs.stanford.edu

Citation for the SNAP collection:

@misc{snapnets,
    author       = {Jure Leskovec and Andrej Krevl},
    title        = {{SNAP Datasets}: {Stanford} Large Network Dataset Collection},
    howpublished = {\\url{http://snap.stanford.edu/data}},
    month        = jun,
    year         = 2014
    }

The following matrices/graphs were added to the collection in June 2010
by Tim Davis (problem id and name):
--------------------------------------------------------------------------------

2284 SNAP/soc-Epinions1     who-trusts-whom network of Epinions.com
2285 SNAP/soc-LiveJournal1  LiveJournal social network
2286 SNAP/soc-Slashdot0811  Slashdot social network, Nov 2008
2287 SNAP/soc-Slashdot0902  Slashdot social network, Feb 2009
2288 SNAP/wiki-Vote         Wikipedia who-votes-on-whom network
2289 SNAP/email-EuAll       Email network from a EU research institution
2290 SNAP/email-Enron       Email communication network from Enron
2291 SNAP/wiki-Talk         Wikipedia talk (communication) network
2292 SNAP/cit-HepPh         Arxiv High Energy Physics paper citation network
2293 SNAP/cit-HepTh         Arxiv High Energy Physics paper citation network
2294 SNAP/cit-Patents       Citation network among US Patents
2295 SNAP/ca-AstroPh        Collaboration network of Arxiv Astro Physics
2296 SNAP/ca-CondMat        Collaboration network of Arxiv Condensed Matter
2297 SNAP/ca-GrQc           Collaboration network of Arxiv General Relativity
2298 SNAP/ca-HepPh          Collaboration network of Arxiv High Energy Physics
2299 SNAP/ca-HepTh          Collaboration network of Arxiv High Energy Physics Theory
2300 SNAP/web-BerkStan      Web graph of Berkeley and Stanford
2301 SNAP/web-Google        Web graph from Google
2302 SNAP/web-NotreDame     Web graph of Notre Dame
2303 SNAP/web-Stanford      Web graph of Stanford.edu
2304 SNAP/amazon0302        Amazon product co-purchasing network from March 2 2003
2305 SNAP/amazon0312        Amazon product co-purchasing network from March 12 2003
2306 SNAP/amazon0505        Amazon product co-purchasing network from May 5 2003
2307 SNAP/amazon0601        Amazon product co-purchasing network from June 1 2003
2308 SNAP/p2p-Gnutella04    Gnutella peer to peer network from August 4 2002
2309 SNAP/p2p-Gnutella05    Gnutella peer to peer network from August 5 2002
2310 SNAP/p2p-Gnutella06    Gnutella peer to peer network from August 6 2002
2311 SNAP/p2p-Gnutella08    Gnutella peer to peer network from August 8 2002
2312 SNAP/p2p-Gnutella09    Gnutella peer to peer network from August 9 2002
2313 SNAP/p2p-Gnutella24    Gnutella peer to peer network from August 24 2002
2314 SNAP/p2p-Gnutella25    Gnutella peer to peer network from August 25 2002
2315 SNAP/p2p-Gnutella30    Gnutella peer to peer network from August 30 2002
2316 SNAP/p2p-Gnutella31    Gnutella peer to peer network from August 31 2002
2317 SNAP/roadNet-CA        Road network of California
2318 SNAP/roadNet-PA        Road network of Pennsylvania
2319 SNAP/roadNet-TX        Road network of Texas
2320 SNAP/as-735            733 daily instances(graphs) from November 8 1997 to January 2 2000
2321 SNAP/as-Skitter        Internet topology graph, from traceroutes run daily in 2005
2322 SNAP/as-caida          The CAIDA AS Relationships Datasets, from January 2004 to November 2007
2323 SNAP/Oregon-1          AS peering information inferred from Oregon route-views between March 31 and May 26 2001
2324 SNAP/Oregon-2          AS peering information inferred from Oregon route-views between March 31 and May 26 2001
2325 SNAP/soc-sign-epinions         Epinions signed social network
2326 SNAP/soc-sign-Slashdot081106   Slashdot Zoo signed social network from November 6 2008
2327 SNAP/soc-sign-Slashdot090216   Slashdot Zoo signed social network from February 16 2009
2328 SNAP/soc-sign-Slashdot090221   Slashdot Zoo signed social network from February 21 2009

Then the following problems were added in July 2018.  All data and
metadata from the SNAP data set was imported into the SuiteSparse
Matrix Collection.

2777 SNAP/CollegeMsg                Messages on a Facebook-like platform at UC-Irvine
2778 SNAP/com-Amazon                Amazon product network
2779 SNAP/com-DBLP                  DBLP collaboration network
2780 SNAP/com-Friendster            Friendster online social network
2781 SNAP/com-LiveJournal           LiveJournal online social network
2782 SNAP/com-Orkut                 Orkut online social network
2783 SNAP/com-Youtube               Youtube online social network
2784 SNAP/email-Eu-core             E-mail network
2785 SNAP/email-Eu-core-temporal    E-mails between users at a research institution
2786 SNAP/higgs-twitter             twitter messages re: Higgs boson on 4th July 2012.
2787 SNAP/loc-Brightkite            Brightkite location based online social network
2788 SNAP/loc-Gowalla               Gowalla location based online social network
2789 SNAP/soc-Pokec                 Pokec online social network
2790 SNAP/soc-sign-bitcoin-alpha    Bitcoin Alpha web of trust network
2791 SNAP/soc-sign-bitcoin-otc      Bitcoin OTC web of trust network
2792 SNAP/sx-askubuntu              Comments, questions, and answers on Ask Ubuntu
2793 SNAP/sx-mathoverflow           Comments, questions, and answers on Math Overflow
2794 SNAP/sx-stackoverflow          Comments, questions, and answers on Stack Overflow
2795 SNAP/sx-superuser              Comments, questions, and answers on Super User
2796 SNAP/twitter7                  A collection of 476 million tweets collected between June-Dec 2009
2797 SNAP/wiki-RfA                  Wikipedia Requests for Adminship (with text)
2798 SNAP/wiki-talk-temporal        Users editing talk pages on Wikipedia
2799 SNAP/wiki-topcats              Wikipedia hyperlinks (with communities)

The following 13 graphs/networks were in the SNAP data set in July 2018 but
have not yet been imported into the SuiteSparse Matrix Collection.  They may be
added in the future:

    amazon-meta
    ego-Facebook
    ego-Gplus
    ego-Twitter
    gemsec-Deezer
    gemsec-Facebook
    ksc-time-series
    memetracker9
    web-flickr
    web-Reddit
    web-RedditPizzaRequests
    wiki-Elec
    wiki-meta
    wikispeedia

The 2010 description of the SNAP data set gave these categories:

    * Social networks: online social networks, edges represent interactions
      between people

    * Communication networks: email communication networks with edges
      representing communication

    * Citation networks: nodes represent papers, edges represent citations

    * Collaboration networks: nodes represent scientists, edges represent
      collaborations (co-authoring a paper)

    * Web graphs: nodes represent webpages and edges are hyperlinks

    * Blog and Memetracker graphs: nodes represent time stamped blog posts,
      edges are hyperlinks [revised below]

    * Amazon networks : nodes represent products and edges link commonly
      co-purchased products

    * Internet networks : nodes represent computers and edges communication

    * Road networks : nodes represent intersections and edges roads connecting
      the intersections

    * Autonomous systems : graphs of the internet

    * Signed networks : networks with positive and negative edges (friend/foe,
      trust/distrust)

By July 2018, the following categories had been added:

    * Networks with ground-truth communities : ground-truth network communities
      in social and information networks

    * Location-based online social networks : Social networks with geographic
      check-ins

    * Wikipedia networks, articles, and metadata : Talk, editing, voting, and
      article data from Wikipedia

    * Temporal networks : networks where edges have timestamps

    * Twitter and Memetracker : Memetracker phrases, links and 467 million
      Tweets

    * Online communities : Data from online communities such as Reddit and Flickr

    * Online reviews : Data from online review systems such as BeerAdvocate and
      Amazon

================================================================================
Note that some versions of these graphs already appear in the SuiteSparse
collection.  Some have similar names:

web-BerkStan        Kamvar/Stanford_Berkeley
                    in SNAP/:       n: 685,230   nz: 7,600,595
                    in Kamvar/      n: 683,446   nz: 7,583,376

                    I obtained the Kamvar/Stanford_Berkeley directly
                    from Sep Kamvar.  It is slightly smaller than the
                    version in SNAP.  It is thus likely that Sep created
                    multiple versions of the graph.

web-Google          appears only in SNAP.

web-NotreDame       Barabasi/NotreDame_www
                    in SNAP/:       n: 325,729   nz: 1,497,134
                    in Barabasi/:   n: same      nz:   929,849

                    The Barabasi/NotreDame_www is an exact copy of
                    the graph of that name in the Pajek data set.
                    The SNAP collection has a different version of this
                    graph, of which SNAP/web-NotreDame is an exact copy.
                    It is possible that Barabasi's version of the graph is yet
                    a 3rd version of this graph.

web-Stanford        Kamvar/Stanford (same size and nnz)
                                    n: 281,903   nz:  2,312,497

                    The SNAP/web-Stanford graph and the Kamvar/Stanford
                    graphs have the same number of nodes and edges.
                    However, they differ in nonzero pattern.

cit-HepTh           Pajek/HEP-th-new is identical to the
                    SNAP/cit-HeptTh graph.  Since it's small, I have
                    decided to include both in the collection, to
                    keep the SNAP/ collection complete.
                                    n: 27,770    nz:  352,807

cit-HepPh           appears only in SNAP
ca-HepPh            appears only in SNAP
ca-HepTh            appears only in SNAP

Pajek/HEP-th        appears only in the Pajek collection

cit-Patents         in SNAP         n: 3,774,768   nz: 16,518,948
                    Pajek/patents   n: same        nz: 14,970,767

                    Both of these come from the NBER data.  However,
                    the edges are not the same.  The SNAP/cit-Patents
                    data is a strict superset of the Pajek/patents graph.
                    If A0 = Pajek/patents and A1 = SNAP/cit-Patents,
                    then nnz(A1-A0) = nnz(A1)-nnz(A0) = 1,548,181.
                    All edges in A0 appear in A1.

                    The aux data is not the same.  Pajek/patents contains
                    more auxiliary data for each node.  This data can be
                    used to interpret the SNAP/cit-Patents graph as well,
                    since the nodes match up from one graph to the other.

NOTE: the 2018 GraphChallenge data sets include many of these matrices,
at https://graphchallenge.mit.edu.  In the GraphChallenge data set,
the graphs have all been made symmetric, and the diagonal entries
(self edges) have been removed.  The meta data has been preserved
in the SuiteSparse Matrix Collection, but does not appear in the
2018 GraphChallenge data sets.  Finally, the node ordering differs
between the two; the SuiteSparse ordering either matches the SNAP
node ids 1:n or 0:n-1, or when the graph is a subset of node ids,
the node number is provided here in a Problem.aux.nodeid, or .userid
component of the problem.  This information is not provided in the
GraphChallenge data sets."
Dziekonski,5,High order vector finite element method in electromagnetics The matrices came from analysis of a 9-th order microwave,https://sparse.tamu.edu/Dziekonski,electromagnetics/acoustics,electromagnetics/acoustics,1.0,1,electromagnetics problem (5),2,real (3); complex (2),1,symmetric (5),420408,1157456,2.7531731080283914,narrow (≤4×),21758924,89306020,square only,5,0,mixed among square matrices,3,5,0,real + complex,0,5,one broad domain; mixed matrix forms,"High order vector finite element method in electromagnetics

The matrices came from analysis of a 9-th order microwave
combline filter with second order (LT\\QN) vector finite elements
with different mesh quality. The matrices were used as an
example in our paper [1].

- gsm_106857 - real symmetric matrix (589446 x 589446) and
    21758924 nonzero elements. First 98577 unknowns corresponds
    to lowest level (CT\\LN) base functions.

All matrices are sparse and come with right-hand-sides.

[1] GPU Acceleration of Multilevel Solvers for Analysis of
Microwave Components with Finite Element Method, A. Dziekonski,
A. Lamecki, A., and M. Mrozowski, M., IEEE Microwave and
Wireless Components Letters, vol 20, number 12,
Dec 2010.  http://dx.doi.org/10.1109/LMWC.2010.2089974

-------

The dielFilter* matrices came from analysis of a 4th-pole
dielectric resonator [4] generated with Finite Element Method.
The tetrahedral mesh of the structure was generated with the
Netgen mesher [2].  The matrices were used as an example in
our paper [3].

dielFilterV2clx - complex symmetric matrix (607,232 x 607,232),
    25,309,272 nonzero (real) and 728,900 nonzero (imag) elements.
    First 109,108 unknowns correspond to lowest level base
    functions.

dielFilterV2real - real symmetric matrix (1,157,456 x 1,157,456)
    and 48,538,952 nonzero elements.  First 209,432 unknowns
    correspond to lowest level base functions.

dielFilterV3clx - complex symmetric matrix (420,408 x 420,408),
    32,886,208 nonzero (real) and 3,706,513 (imag) elements. First
    24,716 unknowns correspond to lowest level base functions,
    next 116,152 unknowns correspond to the second level.

dielFilterV3real - real symmetric matrix (1,102,824 x 1,102,824)
    and 89,306,020 nonzero elements. First 66,353 unknowns
    correspond to lowest level base functions, next 305,729
    unknowns correspond to the  second level.

All matrices are sparse and come with right-hand-sides.

[2] J. Schoberl, ""NETGEN An advancing front 2D/3D-mesh
generator based on abstract rules,"" Computing and Visualization
in Science, vol. 1, No. 1, pp.  41-52, July 1997

[3] A. Dziekonski, A. Lamecki, M. Mrozowski, Tuning A
Hybrid GPU-CPU V-cycle Multilevel Preconditioner for Solving
Large Real and Complex Systems of FEM Equations.

[4] F. Alessandri, M. Chiodetti, A. Giugliarelli; D. Maiarelli,
G. Martirano, D. Schmitt, L. Vanni and F. Vitulli.  The
electric-field Integral-equation method for the analysis and
design of a class of rectangular cavity filters loaded by
dielectric and metallic cylindrical pucks, Microwave Theory
and Techniques, IEEE Transactions on, vol. 52, no 8, pp.
1790-1797, Aug. 2004."
Fluorem,5,"CFD matrices from Francois Pacull, FLUOREM, in Lyon, France We are dealing with CFD and more precisely steady flow",https://sparse.tamu.edu/Fluorem,fluids/transport,fluids/transport,1.0,1,computational fluid dynamics problem (5),1,real (5),1,unsymmetric (5),903,2017169,2233.8527131782944,wide (>100×),11766,283073458,square only,5,0,no square matrix exactly symmetric/Hermitian,0,0,0,real only,0,5,coherent family/series,"CFD matrices from Francois Pacull, FLUOREM, in Lyon, France

We are dealing with CFD and more precisely steady flow
parametrization. The equations involved are the compressible
Navier-Stokes ones (RANS).  These matrices are real, square and
indefinite, they correspond to the Jacobian with respect the
conservative fluid variables of the discretized governing
equations (finite-volume discretization). Thus they have a
block structure (corresponding to the mesh nodes: the block
size is the number of variables per mesh node), they are not
symmetric (however, their blockwise structure has a high level
of symmetry) and they often show some kind of hyperbolic
behavior. They have not been scaled or reordered.

They are generated through automatic differentiation of the
flow solver around a steady state. A right hand-side is also
given for each matrix: this represents the derivative of the
equations with respect to a parameter (of operation or shape).
Since they are generated automatically, they may have ""silent""
variables: these are variables corresponding to an identity
submatrix associated with a null right hand-side, for example
one of the three velocity components in a 2D case, or the
turbulent variables in a ""frozen"" turbulence case.

We believe that these matrices are good test cases when
studying preconditioning methods for iterative methods, such as
block incomplete factorization, or when studying domain
decomposition methods or deflation. They are actually being
studied by a few researchers in France regarding numerical
methods, through the LIBRAERO research project of the ANR (national
research agency): ANR-07-TLOG-011.

Francois Pacull, Lyon, France.  fpacull at fluorem.com

    Reference:  ""A Study of ILU Factorization for Schwartz             
    Preconditioners with Application to Computational Fluid            
    Dynamics"", F. Pacull, S. Aubert, M. Buisson, Proceedings           
    of the 2nd Intl Conf on Parallel, Distributed, Grid, and           
    Cloud Computing for Engineering, B.H.V Topping and P.              
    Iva'nyi, Editors.  Civil-Comp Press, Stirlingshire,                
    Scotland, 2011.                                                    


Specific problem descriptions:

    DK01R: 1D turbulent case
    number of mesh nodes: 129
    block size: 7
    variables: [rho,rho*u,rho*v,rho*w,rho*E,rho*k,rho*omega]
    (rho v and rho w are ""silent"", the third and fourth rows
    and columns
    in each block can be removed)
    matrix order: 903
    nnz: 11766
    comments: The DK01R matrix corresponds to a small 1D turbulent
    case. The grid has 129 nodes, non-uniformly spaced
    (geometrical distribution). The number of unknowns per node is
    7, leading to a linear system of 903 real algebraic equations.
    The 1D discretization of the partial differential equations
    uses a 5 points stencil, leading to a block penta-diagonal
    matrix, each block having size 7 by 7. Each diagonal block is
    related to two up- and two down-stream neighboring nodes,
    corresponding respectively to the 14 upper and 14 lower matrix
    rows, the node ordering being coherent with the 1D spatial
    node distribution. The stationary flow on which the matrix is
    based on is dominated by advection, characterized by a Mach
    number around 0.3.

    GT01R: 2D inviscid case
    number of mesh nodes: 1596
    block size: 5
    variables: [rho,rho*u,rho*v,rho*w,rho*E]
    (rho w is ""silent"", the fourth row and column in each
    block can be removed)
    matrix order: 7980
    nnz: 430909
    comments: This is a 2D linear cascade turbine case. The grid
    corresponds to one inter-blade channel. The stencil involved
    by the convective scheme uses 9 nodes. Thus, there are 9
    non-zero blocks for each node in the matrix. The specificity
    is that the computational domain is periodic, which introduces
    some non-zeros elements far away from the diagonal.

    PR02R: 2D turbulent case
    number of mesh nodes: 23010
    block size: 7
    variables: [rho,rho*u,rho*v,rho*w,rho*E,rho*k,rho*omega]
    (rho v is ""silent"", the third row and column in each block
    can be removed)
    matrix order: 161070
    nnz: 8185136
    comments: This is a 2D turbulent case, dominated by
    convection. The geometry is a RAE wing profile and the mesh
    is C-shaped.

    RM07R: 3D viscous case with ""frozen"" turbulence
    number of mesh nodes: 54527
    block size: 7
    variables: [rho,rho*u,rho*v,rho*w,rho*E,rho*k,rho*omega]
    (rho k and rho omega are ""silent"", the sixth and seventh rows
    and columns in each block can be removed)
    matrix order: 381689
    nnz: 37464962
    comments: The geometry is a jet engine compressor.

    HV15R: 3D engine fan. The flow has a low Mach number.
    This is a 3D Reynolds-Averaged-Navier-Stokes case.
    Number of mesh nodes: 288,167
    block size: 7
    variables: [rho, rho*u, rho*v, rho*w, rho*E, rho*k, rho*omega]
    matrix order: 2,017,169
    nnz: 283,073,458"
Rommes,35,"Power system models from Joost Rommes, Nelson Martins, Francisco Freitas This collection of power system models originates from real power systems,",https://sparse.tamu.edu/Rommes,eigenvalue/model reduction,eigenvalue/model reduction,1.0,1,eigenvalue/model reduction problem (35),1,real (35),1,unsymmetric (35),66,40366,611.6060606060606,wide (>100×),1194,145019,square only,35,0,no square matrix exactly symmetric/Hermitian,0,16,0,real only,0,35,coherent family/series,"Power system models from Joost Rommes, Nelson Martins, Francisco Freitas

This collection of power system models originates from real power systems,
mostly based on Brazilian interconection power systems (BIPS) models (the file
names refer to the actual power system related to a given year electric load
scenario).  These systems [E dx/dt = Ax + Bu ; y=Cx + Du] are interesting
benchmarks for several numerical algorithms, including eigenvalue algorithms
(dominant modes/poles/zeros, stability analysis, computing rightmost
eigenvalues and/or with smallest damping ratio, eigenvalue parameter
sensitivity) and model order reduction (large-scale DAEs ). Refer to the
corresponding publications for more details on the systems and numerical
results of several eigenvalue/model order reduction algorithms. For
corresponding software, see http://sites.google.com/site/rommes/software

If E is not present in the problem, then E=I should be assumed.
If D is not present, D=0 should be assumed.  (Note that as of Jan 2011,
no problem has a nonzero D).

The iv vector in some of the files is a vector with nonzeros (ones) at indices
that represent state-variables (the zeros are algebraic variables). One can
construct the descriptor matrix E by E=spdiags(iv,0,n,n). This iv vector is
generated by the Brazilian power system simulation software, and can be more
efficient to compute with.


Test systems:

All power system models originate from CEPEL ( http://www.cepel.br/ )

power system    file                    n  #inputs #outputs  references
------------    ----               ------  ------- --------  --  
New England     ww_36_pmec_36          66   1       1        [1]
BIPS/97         ww_vref_6405        13251   1       1        [1]
BIPS/2007       xingo_afonso_itaipu 13250   1       1        [2]
BIPS/97         mimo8x8_system      13309   8       8        [3]
BIPS/97         mimo28x28_system    13251  28      28        [3]
BIPS/97         mimo46x46_system    13250  46      46        [4]
Juba5723        juba40k             40337   2       1        [5]
Bauru5727       bauru5727           40366   2       2        [5]
zeros_nopss     zeros_nopss_13k     13296  46      46        [5]
xingo6u         descriptor_xingo6u  20738   1       6        [5]
nopss           nopss_11k           11685   1       1        [5]
xingo3012       xingo3012           20944   2       2        [5]
bips98_606      bips98_606           7135   4       4        [6]
bips98_1142     bips98_1142          9735   4       4        [6]
bips98_1450     bips98_1450         11305   4       4        [6]
bips07_1693     bips07_1693         13275   4       4        [6]
bips07_1998     bips07_1998         15066   4       4        [6]
bips07_2476     bips07_2476         16861   4       4        [6]
bips07_3078     bips07_3078         21128   4       4        [6]

Several SISO/MIMO test systems, whose main components are transmission lines
(TL) are available.  TLs are modeled by ladder networks, comprised of cascaded
RLC PI-circuits, having fixed parameters.

    Transmission lines with 10--80 PI Sections are considered.
    PIsections10to80.zip            [Submitted]

    There are two kinds of files for representing a same system: the file with
    termination '_n' refers to an index-2 system DAE model, while '_n1' means
    a model of the same system, but for an index-1 DAE representation.  The
    representation of each test system has the form [E dx/dt = Ax + Bu ; y=Cx] 

    MIMO_PI_n:
        M10PI_n
        M20PI_n
        M40PI_n
        M80PI_n
    MIMO_PI_n1:
        M10PI_n1
        M20PI_n1
        M40PI_n1
        M80PI_n1
    SISO_PI_n:
        S10PI_n
        S20PI_n
        S40PI_n
        S80PI_n
    SISO_PI_n1:
        S10PI_n1
        S20PI_n1
        S40PI_n1
        S80PI_n1

References:

[1] ROMMES, J., MARTINS, N., Efficient computation of transfer function
    dominant poles using subspace acceleration.  IEEE Trans. on Power Systems,
    Vol.  21, Issue 3, Aug. 2006, pp. 1218-1226 

[2] ROMMES, J., MARTINS, N., Computing large-scale system eigenvalues most
    sensitive to parameter changes, with applications to power system
    small-signal stability , IEEE Transactions on Power Systems, Vol. 23, Issue
    2, May 2008, pp.  434-442 

[3] ROMMES, J., MARTINS, N., Efficient computation of multivariable transfer
    function dominant poles using subspace acceleration.  2006, IEEE Trans. on
    Power Systems, Vol. 21, Issue 4, Nov. 2006, pp.  1471-1483.

[4] MARTINS, N., PELLANDA, P.C.,ROMMES, J., Computation of transfer function
    dominant zeros with applications to oscillation damping control of large
    power systems, IEEE Trans. on Power Systems, Vol. 22, Issue 4, Nov. 2007,
    pp.  1657-1664 

[5] ROMMES, J., MARTINS, N., FREITAS, F., Computing Rightmost Eigenvalues for
    Small-Signal Stability Assessment of Large-Scale Power Systems, IEEE
    Transactions on Power Systems, Vol. 25, Issue 2, May 2010, pp.929-938

[6] FREITAS, F., ROMMES, J., MARTINS, N., Gramian-Based Reduction Method
    Applied to Large Sparse Power System Descriptor Models, IEEE Transactions
    on Power Systems, Vol. 23, Issue 3, August 2008, pp. 1258-1270"
Williams,7,Matrices used by S. Williams et al for sparse matrix multiplication on GPUs. 14 matrices were used in the following paper:,https://sparse.tamu.edu/Williams,generic spatial PDE/thermal; graph/network data; other,generic spatial PDE/thermal,0.5714285714285714,4,2D/3D problem (4); weighted undirected graph (1); economic problem (1); weighted directed graph (1),2,real (6); integer (1),2,symmetric (4); unsymmetric (3),36417,1000005,27.459840184529202,moderate (4–100×),1273389,6010480,square only,7,0,mixed among square matrices,4,4,3,real only,0,4,multi-domain/mixed,"Matrices used by S. Williams et al for sparse matrix multiplication on GPUs.

14 matrices were used in the following paper:

    S. Williams, L. Oliker, R. Vuduc, J. Shalf, K. Yelick, J. Demmel,
    ""Optimization of Sparse Matrix-Vector Multiplication on Emerging Multicore
    Platforms"", Parallel Computing Volume 35, Issue 3, March 2009, Pages
    178-194.  Special issue on Revolutionary Technologies for Acceleration of
    Emerging Petascale Applications.

    https://hpcrd.lbl.gov/~swwilliams/research/papers/parco08_spmv.pdf
    http://dx.doi.org/10.1016/j.parco.2008.12.006

This same set of 14 matrices was also used in a subsequent technical report by
NVIDIA:

    http://www.nvidia.com/object/nvidia_research_pub_001.html ""Efficient Sparse
    Matrix-Vector Multiplication on CUDA"" Nathan Bell and Michael Garland, in,
    ""NVIDIA Technical Report NVR-2008-004"", December 2008

file            Name            dim*    nnz     description

dense2          Dense           2K      4.0M    dense matrix in sparse format
pdb1HYS         Protein         36K     4.3M    protein data bank 1HYS
consph          FEM/Spheres     83K     6.0M    FEM concentric spheres
cant            FEM/Cantilever  62K     4.0M    FEM cantilever
pwtk            Wind Tunnel     218K    11.6M   pressurized wind tunnel
rma10           FEM/Harbor      47K     2.37M   3D CFD of Charleston Harbor
qcd5_4          QCD             49K     1.90M   quark propagators (QCD/LGT)
shipsec1        FEM/Ship        141K    3.98M   FEM Ship section / detail
mac_econ_fwd500 Economics       207K    1.27M   Macroeconomic model
mc2depi         Epidemiology    526K    2.1M    2D Markov model of epidemic
cop20k_A        FEM/Accelerator 121K    2.62M   Accelerator cavity design
scircuit        Circuit         171K    959K    Motorola circuit simulation
webbase-1M      webbase         1M      3.1M    Web connectivity matrix
rail4284        LP              4Kx1.1M 11.3M   Railways set cover,
                                                constraint matrix

(*) the matrix is square if only one dimension listed.

Six of the matrices are nearly identical to the matrices already in the
UF Collection.  They are thus not included in the UF Collection:

    pwtk        Boeing/pwtk.  The matrix here differs in only 2 entries.
                The pattern is the same.  The norm of the difference between
                the two is round-off error (5e-26).  Tim Davis obtained the
                matrix directly from Roger Grimes, and was careful to preserve
                each significant bit.  The Boeing/pwtk matrix in the UF
                Collection is thus the correct one.

    qcd5_4      this is the binary pattern of QCD/conf5_4-* and QCD/conf6_0-*,
                ids: 1598:1604 in the UF Collection.  These are from B.
                Medeke, and were orginally collected by R. Boisvert et al.
                for the Matrix Market.

    rma10       Bova/rma10.  The matrix here is binary; Bova/rma10 is not.
                The rma10 matrix here is binary pattern of Problem.A +
                Problem.Zeros in the UF Collection.  Tim Davis obtained
                Bova/rma10 directly from the matrix creator, Steve Bova.

    scircuit    Hamm/scircuit.  The pattern is the same.  The 1-norm of the
                difference is 5e-10, which is round-off error.  This matrix was
                obtained by Tim Davis from Steve Hamm (at Motorola) directly,
                and thus the Hamm/scircuit matrix already in the UF Collection
                is the correct version.

    shipsec1    similar to DNVS/shipsec1, but different patterns.  It appears
                that the shipsec1 matrix here is missing many entries in
                the lower right quadrant.  The pattern differs by 0.9M
                entries.  The matrix is from C. Damhaug, collected by
                J. Koster.

    rail4284    an exact submatrix of Mittelmann/rail4284.  The UF matrix has
                exactly 4284 more columns than the rail4284 matrix in this
                collection.  Let A1 be the Mittelman/rail4284 matrix, and let
                A2 be the rail4284 matrix in this collection.  Then A2 is
                identical to A1(:,m+1:end).  The submatrix A1(:,1:4284) of the
                matrix in the UF collection is exactly equal to -speye(m).
                Tim Davis obtained the matrix directly from Mittelmann's
                test set.  It's possible that multiple versions exist, or
                that the identity was added as the initial basis.  In any
                case, the rail4284 matrix from Williams' test set is not
                added to the UF Collection.

The remaining eight matrices are unique to this set of matrices, but one is of
no interest (dense2).  Thus, there are seven matrices in the Williams/ group in
the UF Collection:

    pdb1HYS
    consph
    cant
    mac_econ_fwd500
    mc2depi
    cop20k_A
    webbase-1M

I presume the pdb1HYS matrix comes from this source:

    http://www.rcsb.org/pdb/explore.do?structureId=1HYS
    http://dx.doi.org/10.2210/pdb1hys/pdb
    Crystal structure of HIV-1 reverse transcriptase in complex with a
    polypurine tract RNA:DNA.
    Sarafianos, S.G., Das, K., Tantillo, C., Clark Jr., A.D., Ding,
    J., Whitcomb, J.M., Boyer, P.L., Hughes, S.H., Arnold, E.
    Journal: (2001) EMBO J. 20: 1449-1461
    PubMed: 11250910  
    PubMedCentral: PMC145536  
    DOI: 10.1093/emboj/20.6.1449  
    Search Related Articles in PubMed  
    PubMed Abstract:
    We have determined the 3.0 A resolution structure of wild-type HIV-1
    reverse transcriptase in complex with an RNA:DNA oligonucleotide whose
    sequence includes a purine-rich segment from the HIV-1 genome called the
    polypurine tract (PPT). The PPT is resistant to ribonuclease... [ Read
    More & Search PubMed Abstracts ] We have determined the 3.0 A resolution
    structure of wild-type HIV-1 reverse transcriptase in complex with an
    RNA:DNA oligonucleotide whose sequence includes a purine-rich segment from
    the HIV-1 genome called the polypurine tract (PPT). The PPT is resistant
    to ribonuclease H (RNase H) cleavage and is used as a primer for second
    DNA strand synthesis.  The 'RNase H primer grip', consisting of amino
    acids that interact with the DNA primer strand, may contribute to RNase H
    catalysis and cleavage specificity. Cleavage specificity is also
    controlled by the width of the minor groove and the trajectory of the
    RNA:DNA, both of which are sequence dependent. An unusual 'unzipping' of 7
    bp occurs in the adenine stretch of the PPT: an unpaired base on the
    template strand takes the base pairing out of register and then, following
    two offset base pairs, an unpaired base on the primer strand
    re-establishes the normal register. The structural aberration extends to
    the RNase H active site and may play a role in the resistance of PPT to
    RNase H cleavage."
Dattorro,3,"Dattorro Convex Optimization of Eternity II, Jon Dattoro",https://sparse.tamu.edu/Dattorro,optimization/control,optimization/control,1.0,1,optimization problem (3),1,integer (3),1,rectangular (3),150638,262144,1.740224910049257,narrow (≤4×),782087,1503732,rectangular only,0,3,N/A (rectangular only),0,0,0,real only,0,0,coherent family/series,"Dattorro Convex Optimization of Eternity II, Jon Dattoro

http://www.convexoptimization.com/wikimization/index.php/Dattorro_Convex_Optimization_of_Eternity_II

An Eternity II puzzle (http://www.eternityii.com/) problem
formulation A*x=b is discussed thoroughly in section 4.6.0.0.15 of
the book Convex Optimization & Euclidean Distance Geometry which
is freely available. That A matrix is obtained by presolving a
sparse 864,593-by-1,048,576 system.  The 3 problems in this set
contains three successive reductions, each equivalent to that
larger system:

    * EternityII_E: a 11077-by-262144 system E*x=tau, where tau is
        11077-by-1.  This is the million column Eternity II matrix
        having redundant rows and columns removed analytically.
        In the UF Collection, E is the Problem.A matrix, and tau
        is Problem.b.  All entries in E are from the set {-1,0,1,2}.
        tau is binary.

    * EternityII_Etilde: a 10054-by-204304 system Etilde*x=tautilde
        with tautilde of size 10054-by-1.  The system has columns
        removed corresponding to some known zero variables
        (removal produced dependent rows).  In the UF Collection,
        Etilde is the Problem.A matrix, and tautilde is Problem.b.
        All entries in Etilde are from the set {-1,0,1}.
        tautilde is binary.

    * EternityII_A: a 7362-by-150638 system A*x=b, where b is
        7362-by-1.  This system has columns removed not in
        smallest face (containing tautilde) of polyhedral cone
        K = { Etilde*x | x >= 0 }.

The following linear program is a very difficult problem that
remains unsolved:

    maximize_x z'*x, subject to A*x=b and x >= 0

The matrix A in the EternityII_A problem is sparse, having only
782,087 nonzeros.  All entries of A are integers from the set
{-1,0,1}.  The vector b is binary, with only 358 nonzeros.

Direction vector z is determined by Convex Iteration: 

    maximize_z z'*x^{star}
    subject to 0 <= z <= 1 and z'*1 = 256

(for a vector x, x >= 0 means all(x>=0) in MATLAB notation).

These two problems are iterated to find a minimal cardinality
solution x.  Constraint A*x=b bounds the variable from above by 1.
Any minimal cardinality solution is binary and solves the Eternity
II puzzle. The Eternity II puzzle is solved when
z^{star}'*x^{star} = 256.

Minimal cardinality of this Eternity II problem is equal to number
of puzzle pieces, 256.

Comment: The technique, convex iteration, requires no modification
(and works very well) when applied instead to mixed integer
programming (MIP, not discussed in book). There is no modification
to the linear program statement here except 256 variables,
corresponding to the largest entries of iterate x^{star}, are
declared binary."
Newman,16,"Network graph collection from Mark Newman, University of Michigan",https://sparse.tamu.edu/Newman,graph/network data,graph/network data,1.0,5,undirected weighted graph (7); undirected graph (6); directed weighted graph (1); undirected multigraph (1); directed multigraph (1),3,binary (6); real (6); integer (4),2,symmetric (14); unsymmetric (2),34,40421,1188.8529411764705,wide (>100×),156,351382,square only,16,0,mixed among square matrices,14,14,0,real only,6,0,one broad domain; mixed matrix forms,"Network graph collection from Mark Newman, University of Michigan
http://www-personal.umich.edu/~mejn/netdata/

Problems in this data set:

adjnoun         Common adjective and nouns in ""David Copperfield""
as-22july06     (symmetrized) structure of internet routers as of July 22, 2006
astro-ph        collaboration network, preprints in astrophysics archive, www.arxiv.org
celegansneural  Neural network of the nematode C. Elegans
cond-mat        collaboration network, preprints in condensed matter archive, www.arxiv.org
cond-mat-2003   collaboration network, preprints in condensed matter archive, www.arxiv.org
cond-mat-2005   collaboration network, preprints in condensed matter archive, www.arxiv.org
dolphins        social network of dolphins, Doubtful Sound, New Zealand
football        American football games between Div IA colleges, Fall 2000
hep-th          collaboration network, preprints in high-energy physics, www.arxiv.org
karate          Karate club, from Wayne Zachary, 1977
lesmis          co-appearences of characters in Les Miserables by Victor Hugo
netscience      co-authoship of scientists in network theory & experiments
polblogs        Political blogosphere Feb. 2005
polbooks        Books about US politics, compiled by V. Krebs
power           Western States Power Grid, Watts & Strogatz"
Arenas,4,"Networks from Alex Arenas, Univeristy Rovira i Virgili, Tarragona, Spain",https://sparse.tamu.edu/Arenas,graph/network data,graph/network data,1.0,2,undirected multigraph (3); undirected graph (1),2,integer (3); binary (1),1,symmetric (4),198,10680,53.93939393939394,moderate (4–100×),4065,48632,square only,4,0,all square matrices symmetric/Hermitian,4,4,0,real only,1,0,one broad domain; mixed matrix forms,"Networks from Alex Arenas, Univeristy Rovira i Virgili, Tarragona, Spain
http://deim.urv.cat/~aarenas/data/welcome.htm

PGPgiantcompo:

    Graph of the largest component of the network of users of the
    Pretty-Good-Privacy algorithm for secure information interchange.
    Reference: M. Boguna, R. Pastor-Satorras, A.  Diaz-Guilera and
    A. Arenas, Physical Review E, vol. 70, 056122 (2004).

jazz:

    Network of Jazz musicians.
    Reference: P.Gleiser and L. Danon , Adv. Complex Syst.6, 565 (2003).

celegans_metabolic:

    Graph of the metabolic network of C.elegans.
    Reference: Community identification using Extremal Optimization,
    J. Duch and A. Arenas, Physical Review E , vol. 72, 027104, (2005).

email:

    Network of e-mail interchanges between members of
    the Univeristy Rovira i Virgili (Tarragona).
    Reference: R. Guimera, L. Danon, A. Diaz-Guilera, F. Giralt and A. Arenas
    Physical Review E , vol. 68, 065103(R), (2003).

All data compiled by members of Alex Arenas' group."
AG-Monien,32,"AG-Monien Graph Collection, Ralf Diekmann and Robert Preis",https://sparse.tamu.edu/AG-Monien,generic spatial PDE/thermal; graph/network data,generic spatial PDE/thermal,0.8125,2,2D/3D problem (26); undirected graph (6),1,binary (32),1,symmetric (32),224,1048576,4681.142857142857,wide (>100×),840,4194298,square only,32,0,all square matrices symmetric/Hermitian,32,32,0,real only,32,26,multi-domain/mixed,"AG-Monien Graph Collection, Ralf Diekmann and Robert Preis
http://www2.cs.uni-paderborn.de/fachbereich/AG/monien/RESEARCH/PART/graphs.html

A collection of test graphs from various sources.  Many of the graphs
include XY or XYZ coordinates.  This set also includes some graphs from
the Harwell-Boeing collection, the NASA matrices, and some random matrices
which are not included here in the AG-Monien/ group of the UF Collection.
In addition, two graphs already appear in other groups:

   AG-Monien/big : same as Nasa/barth5, Pothen/barth5 (not included here)
   AG-Monien/cage_3_11 : same as Pajek/GD98_c (included here)

The AG-Monien/GRID subset is not included.  It contains square grids that
are already well-represented in the UF Collection.

These graphs appear in this set, as individual graphs, all with XY or XYZ
coordinates:

    AG-Monien/3elt
    AG-Monien/3elt_dual
    AG-Monien/airfoil1
    AG-Monien/airfoil1_dual
    AG-Monien/big_dual
    AG-Monien/crack
    AG-Monien/crack_dual
    AG-Monien/grid1
    AG-Monien/grid1_dual
    AG-Monien/grid2
    AG-Monien/grid2_dual
    AG-Monien/netz4504
    AG-Monien/netz4504_dual
    AG-Monien/ukerbe1
    AG-Monien/ukerbe1_dual
    AG-Monien/whitaker3
    AG-Monien/whitaker3_dual
    AG-Monien/brack2
    AG-Monien/wave
    AG-Monien/diag
    AG-Monien/L
    AG-Monien/L-9
    AG-Monien/stufe
    AG-Monien/stufe-10
    AG-Monien/biplane-9
    AG-Monien/shock-9

Note that L-9, stufe-10, biplane-9 and shock-9 were L.9, stufe.10,
etc, in the AG-Monien set.  The UF Collection does not permit ""."" in
the matrix name.

Six more problem sets are included as sequences, each sequence being
a single problem instance in the UF Collection:

   AG-Monien/bfly:  10 butterfly graphs 3..12
   AG-Monien/cage:  45 cage graphs 3..12
   AG-Monien/cca:   10 cube-connected cycle graphs, no wrap
   AG-Monien/ccc:   10 cube-connected cycle graphs, with wrap
   AG-Monien/debr:  18 De Bruijn graphs
   AG-Monien/se:    13 shuffle-exchange graphs

The primary graph (Problem.A) in each sequence is the last graph
in the sequence.  In the Matrix Market and Rutherford-Boeing
formats, the filenames will differ from the names given below,
because in the UF Collection, the file name gives the place of
a graph in its sequence.  The correspondence with the original
graph names is given below.

Graphs in the bfly sequence:

     1 : BFLY3        :      24 nodes      48 edges      96 nonzeros
     2 : BFLY4        :      64 nodes     128 edges     256 nonzeros
     3 : BFLY5        :     160 nodes     320 edges     640 nonzeros
     4 : BFLY6        :     384 nodes     768 edges    1536 nonzeros
     5 : BFLY7        :     896 nodes    1792 edges    3584 nonzeros
     6 : BFLY8        :    2048 nodes    4096 edges    8192 nonzeros
     7 : BFLY9        :    4608 nodes    9216 edges   18432 nonzeros
     8 : BFLY10       :   10240 nodes   20480 edges   40960 nonzeros
     9 : BFLY11       :   22528 nodes   45056 edges   90112 nonzeros
    10 : BFLY12       :   49152 nodes   98304 edges  196608 nonzeros

Graphs in the cage sequence:

     1 : cage_3_5     :      10 nodes      15 edges      30 nonzeros
     2 : cage_3_6     :      14 nodes      21 edges      42 nonzeros
     3 : cage_3_7     :      24 nodes      36 edges      72 nonzeros
     4 : cage_3_8     :      30 nodes      45 edges      90 nonzeros
     5 : cage_3_9.1   :      58 nodes      87 edges     174 nonzeros
     6 : cage_3_9.2   :      58 nodes      87 edges     174 nonzeros
     7 : cage_3_9.3   :      58 nodes      87 edges     174 nonzeros
     8 : cage_3_9.4   :      58 nodes      87 edges     174 nonzeros
     9 : cage_3_9.5   :      58 nodes      87 edges     174 nonzeros
    10 : cage_3_9.6   :      58 nodes      87 edges     174 nonzeros
    11 : cage_3_9.7   :      58 nodes      87 edges     174 nonzeros
    12 : cage_3_9.8   :      58 nodes      87 edges     174 nonzeros
    13 : cage_3_9.9   :      58 nodes      87 edges     174 nonzeros
    14 : cage_3_9.10  :      58 nodes      87 edges     174 nonzeros
    15 : cage_3_9.11  :      58 nodes      87 edges     174 nonzeros
    16 : cage_3_9.12  :      58 nodes      87 edges     174 nonzeros
    17 : cage_3_9.13  :      58 nodes      87 edges     174 nonzeros
    18 : cage_3_9.14  :      58 nodes      87 edges     174 nonzeros
    19 : cage_3_9.15  :      58 nodes      87 edges     174 nonzeros
    20 : cage_3_9.16  :      58 nodes      87 edges     174 nonzeros
    21 : cage_3_9.17  :      58 nodes      87 edges     174 nonzeros
    22 : cage_3_9.18  :      58 nodes      87 edges     174 nonzeros
    23 : cage_3_10.1  :      70 nodes     105 edges     210 nonzeros
    24 : cage_3_10.2  :      70 nodes     105 edges     210 nonzeros
    25 : cage_3_10.3  :      70 nodes     105 edges     210 nonzeros
    26 : cage_3_11    :     112 nodes     168 edges     336 nonzeros
    27 : cage_3_12    :     126 nodes     189 edges     378 nonzeros
    28 : cage_3_13    :     272 nodes     408 edges     816 nonzeros
    29 : cage_3_14    :     406 nodes     609 edges    1218 nonzeros
    30 : cage_3_15    :     620 nodes     930 edges    1860 nonzeros
    31 : cage_4_5     :      19 nodes      38 edges      76 nonzeros
    32 : cage_4_6     :      26 nodes      52 edges     104 nonzeros
    33 : cage_4_7     :      76 nodes     152 edges     304 nonzeros
    34 : cage_4_8     :      80 nodes     160 edges     320 nonzeros
    35 : cage_5_5     :      30 nodes      75 edges     150 nonzeros
    36 : cage_5_6     :      42 nodes     105 edges     210 nonzeros
    37 : cage_6_6     :      62 nodes     186 edges     372 nonzeros
    38 : cage_7_5     :      50 nodes     175 edges     350 nonzeros
    39 : cage_8_5     :      94 nodes     376 edges     752 nonzeros
    40 : cage_8_6     :     114 nodes     456 edges     912 nonzeros
    41 : cage_9_5     :     118 nodes     531 edges    1062 nonzeros
    42 : cage_9_6     :     146 nodes     657 edges    1314 nonzeros
    43 : cage_10_6    :     182 nodes     910 edges    1820 nonzeros
    44 : cage_12_6    :     266 nodes    1596 edges    3192 nonzeros
    45 : cage_14_6    :     366 nodes    2562 edges    5124 nonzeros

Graphs in the cca sequence:

     1 : CCA3         :      24 nodes      28 edges      56 nonzeros
     2 : CCA4         :      64 nodes      80 edges     160 nonzeros
     3 : CCA5         :     160 nodes     208 edges     416 nonzeros
     4 : CCA6         :     384 nodes     512 edges    1024 nonzeros
     5 : CCA7         :     896 nodes    1216 edges    2432 nonzeros
     6 : CCA8         :    2048 nodes    2816 edges    5632 nonzeros
     7 : CCA9         :    4608 nodes    6400 edges   12800 nonzeros
     8 : CCA10        :   10240 nodes   14336 edges   28672 nonzeros
     9 : CCA11        :   22528 nodes   31744 edges   63488 nonzeros
    10 : CCA12        :   49152 nodes   69632 edges  139264 nonzeros

Graphs in the ccc sequence:

     1 : CCC3         :      24 nodes      36 edges      72 nonzeros
     2 : CCC4         :      64 nodes      96 edges     192 nonzeros
     3 : CCC5         :     160 nodes     240 edges     480 nonzeros
     4 : CCC6         :     384 nodes     576 edges    1152 nonzeros
     5 : CCC7         :     896 nodes    1344 edges    2688 nonzeros
     6 : CCC8         :    2048 nodes    3072 edges    6144 nonzeros
     7 : CCC9         :    4608 nodes    6912 edges   13824 nonzeros
     8 : CCC10        :   10240 nodes   15360 edges   30720 nonzeros
     9 : CCC11        :   22528 nodes   33792 edges   67584 nonzeros
    10 : CCC12        :   49152 nodes   73728 edges  147456 nonzeros

Graphs in the debr sequence:

     1 : DEBR3        :       8 nodes      13 edges      26 nonzeros
     2 : DEBR4        :      16 nodes      29 edges      58 nonzeros
     3 : DEBR5        :      32 nodes      61 edges     122 nonzeros
     4 : DEBR6        :      64 nodes     125 edges     250 nonzeros
     5 : DEBR7        :     128 nodes     253 edges     506 nonzeros
     6 : DEBR8        :     256 nodes     509 edges    1018 nonzeros
     7 : DEBR9        :     512 nodes    1021 edges    2042 nonzeros
     8 : DEBR10       :    1024 nodes    2045 edges    4090 nonzeros
     9 : DEBR11       :    2048 nodes    4093 edges    8186 nonzeros
    10 : DEBR12       :    4096 nodes    8189 edges   16378 nonzeros
    11 : DEBR13       :    8192 nodes   16381 edges   32762 nonzeros
    12 : DEBR14       :   16384 nodes   32765 edges   65530 nonzeros
    13 : DEBR15       :   32768 nodes   65533 edges  131066 nonzeros
    14 : DEBR16       :   65536 nodes  131069 edges  262138 nonzeros
    15 : DEBR17       :  131072 nodes  262141 edges  524282 nonzeros
    16 : DEBR18       :  262144 nodes  524285 edges 1048570 nonzeros
    17 : DEBR19       :  524288 nodes 1048573 edges 2097146 nonzeros
    18 : DEBR20       : 1048576 nodes 2097149 edges 4194298 nonzeros

Graphs in the se sequence:

     1 : SE3          :       8 nodes      10 edges      20 nonzeros
     2 : SE4          :      16 nodes      21 edges      42 nonzeros
     3 : SE5          :      32 nodes      46 edges      92 nonzeros
     4 : SE6          :      64 nodes      93 edges     186 nonzeros
     5 : SE7          :     128 nodes     190 edges     380 nonzeros
     6 : SE8          :     256 nodes     381 edges     762 nonzeros
     7 : SE9          :     512 nodes     766 edges    1532 nonzeros
     8 : SE10         :    1024 nodes    1533 edges    3066 nonzeros
     9 : SE11         :    2048 nodes    3070 edges    6140 nonzeros
    10 : SE12         :    4096 nodes    6141 edges   12282 nonzeros
    11 : SE13         :    8192 nodes   12286 edges   24572 nonzeros
    12 : SE14         :   16384 nodes   24573 edges   49146 nonzeros
    13 : SE15         :   32768 nodes   49150 edges   98300 nonzeros"
LAW,15,"Laboratory for Web Algorithmics (LAW), Università degli Studi di Milano",https://sparse.tamu.edu/LAW,graph/network data,graph/network data,1.0,2,directed graph (13); undirected graph (2),1,binary (15),2,unsymmetric (13); symmetric (2),69244,118142155,1706.171726070129,wide (>100×),276143,1949412601,square only,15,0,mixed among square matrices,2,2,0,real only,15,0,one broad domain; mixed matrix forms,"Laboratory for Web Algorithmics (LAW), Università degli Studi di Milano
http://law.di.unimi.it/index.php

When using matrices in the LAW/ group in the collection, please follow the
citation instructions at http://law.di.unimi.it/datasets.php

If you publish results based on these graphs, please acknowledge the usage of
WebGraph and LLP by quoting the following papers:

@inproceedings{BoVWFI,
  author =""Paolo Boldi and Sebastiano Vigna"",
  title = ""The {W}eb{G}raph Framework {I}: {C}ompression Techniques"",
  year = 2004,
  booktitle=""Proc. of the Thirteenth International World Wide Web Conference (WWW 2004)"",
  address=""Manhattan, USA"",
  pages=""595--601"",
  publisher=""ACM Press""
}

@inproceedings{BRSLLP,
  author = ""Paolo Boldi and Marco Rosa and Massimo Santini and Sebastiano Vigna"",
  title = ""Layered Label Propagation: A MultiResolution Coordinate-Free Ordering
  for Compressing Social Networks"",
  booktitle=""Proceedings of the 20th international conference on World Wide Web"",
  year = 2011,
  publisher=""ACM Press""
}

If the graphs you are using were gathered by UbiCrawler, please acknowledge the
usage of UbiCrawler by quoting the following paper:

@article{BCSU3,
  author=""Paolo Boldi and Bruno Codenotti and Massimo Santini and Sebastiano Vigna"",
  title=""UbiCrawler: A Scalable Fully Distributed Web Crawler"",
  journal=""Software: Practice and Experience"",
  year=2004,
  volume=34,
  number=8,
  pages=""711--726""
}

Notes on the graphs in the UF Collection:

    The node labels have not been imported into the UF Collection,
    since they are not yet compatible with the UF format.
    They are available at the http://law.di.unimi.it/index.php site
    as separate files.

    The MATLAB Problem.A matrix is stored in double precision, but
    these files are all binary.  These graphs are also quite huge.
    If you have problems with memory usage, you can convert the
    graphs to the logical format.  For example:

        Problem = UFget ('LAW/uk-2002') ;
        A = logical (Problem.A) ;
        clear Problem

    The above transformation will temporarily take additional space,
    but once the transformation is made, A will be about half as
    big as the original Problem.A.  This will free up memory for
    other algorithms to operate on the graph (assuming that they
    can operate on logical sparse matrices).

For a complete list of the graphs in the LAW collection, and
for a wealth of statistical data on the graphs, please
refer to http://law.di.unimi.it/datasets.php for details."
DIMACS10,151,10th DIMACS Implementation Challenge Updated July 2012,https://sparse.tamu.edu/DIMACS10,graph/network data,graph/network data,1.0,6,undirected graph (67); undirected weighted graph (50); random unweighted graph (15); undirected random graph (10); undirected multigraph (6); random undirected graph (3),2,binary (95); integer (56),1,symmetric (151),39,50912018,1305436.358974359,wide (>100×),340,265114400,square only,151,0,all square matrices symmetric/Hermitian,151,151,0,real only,95,0,one broad domain; mixed matrix forms,"10th DIMACS Implementation Challenge

Updated July 2012

http://www.cc.gatech.edu/dimacs10/index.shtml
http://www.cise.ufl.edu/research/sparse/dimacs10

As stated on their main website (
http://dimacs.rutgers.edu/Challenges/ ), the ""DIMACS Implementation
Challenges address questions of determining realistic algorithm
performance where worst case analysis is overly pessimistic and
probabilistic models are too unrealistic: experimentation can provide
guides to realistic algorithm performance where analysis fails.""

For the 10th DIMACS Implementation Challenge, the two related
problems of graph partitioning and graph clustering were chosen.
Graph partitioning and graph clustering are among the aforementioned
questions or problem areas where theoretical and practical results
deviate significantly from each other, so that experimental outcomes
are of particular interest.

Problem Motivation

Graph partitioning and graph clustering are ubiquitous subtasks in
many application areas. Generally speaking, both techniques aim at
the identification of vertex subsets with many internal and few
external edges. To name only a few, problems addressed by graph
partitioning and graph clustering algorithms are:

    * What are the communities within an (online) social network?
    * How do I speed up a numerical simulation by mapping it
        efficiently onto a parallel computer?
    * How must components be organized on a computer chip such that
        they can communicate efficiently with each other?
    * What are the segments of a digital image?
    * Which functions are certain genes (most likely) responsible
        for?

Challenge Goals

    * One goal of this Challenge is to create a reproducible picture
        of the state-of-the-art in the area of graph partitioning
        (GP) and graph clustering (GC) algorithms. To this end we
        are identifying a standard set of benchmark instances and
        generators.

    * Moreover, after initiating a discussion with the community, we
        would like to establish the most appropriate problem
        formulations and objective functions for a variety of
        applications.

    * Another goal is to enable current researchers to compare their
        codes with each other, in hopes of identifying the most
        effective algorithmic innovations that have been proposed.

    * The final goal is to publish proceedings containing results
        presented at the Challenge workshop, and a book containing
        the best of the proceedings papers.

Problems Addressed

The precise problem formulations need to be established in the course
of the Challenge. The descriptions below serve as a starting point.

    * Graph partitioning:

      The most common formulation of the graph partitioning problem
      for an undirected graph G = (V,E) asks for a division of V into
      k pairwise disjoint subsets (partitions) such that all
      partitions are of approximately equal size and the edge-cut,
      i.e., the total number of edges having their incident nodes in
      different subdomains, is minimized. The problem is known to be
      NP-hard.

    * Graph clustering:

      Clustering is an important tool for investigating the
      structural properties of data. Generally speaking, clustering
      refers to the grouping of objects such that objects in the same
      cluster are more similar to each other than to objects of
      different clusters. The similarity measure depends on the
      underlying application. Clustering graphs usually refers to the
      identification of vertex subsets (clusters) that have
      significantly more internal edges (to vertices of the same
      cluster) than external ones (to vertices of another cluster).

There are 12 data sets in the DIMACS10 collection:

clustering: real-world graphs commonly used as benchmarks
coauthor:   citation and co-author networks
Delaunay:   Delaunay triangulations of random points in the plane
dyn-frames: frames from a 2D dynamic simulation
Kronecker:  synthetic graphs from the Graph500 benchmark
numerical:  graphs from numerical simulation
random:     random geometric graphs (random points in the unit square)
streets:    real-world street networks
Walshaw:    Chris Walshaw's graph partitioning archive
matrix:     graphs from the UF collection (not added here)
redistrict: census networks
star-mixtures : artificially generated from sets of real graphs

Some of the graphs already exist in the UF Collection.  In some cases,
the original graph is unsymmetric, with values, whereas the DIMACS
graph is the symmetrized pattern of A+A'.  Rather than add duplicate
patterns to the UF Collection, a MATLAB script is provided at
http://www.cise.ufl.edu/research/sparse/dimacs10 which downloads
each matrix from the UF Collection via UFget, and then performs whatever
operation is required to convert the matrix to the DIMACS graph problem.
Also posted at that page is a MATLAB code (metis_graph) for reading the
DIMACS *.graph files into MATLAB.

--------------------------------------------------------------------------------
clustering:  Clustering Benchmarks
--------------------------------------------------------------------------------

    These real-world graphs are often used as benchmarks in the graph
    clustering and community detection communities.  All but 4 of the 27
    graphs already appear in the UF collection in other groups.  The
    DIMACS10 version is always symmetric, binary, and with zero-free
    diagonal.  The version in the UF collection may not have those
    properties, but in those cases, if the pattern of the UF matrix
    is symmetrized and the diagonal removed, the result is the DIMACS10
    graph.

    DIMACS10 graph:                 new?   UF matrix:
    ---------------                 ----   -------------
    clustering/adjnoun                     Newman/adjoun
    clustering/as-22july06                 Newman/as-22july06
    clustering/astro-ph                    Newman/astro-ph
    clustering/caidaRouterLevel      *     DIMACS10/caidaRouterLevel
    clustering/celegans_metabolic          Arenas/celegans_metabolic
    clustering/celegansneural              Newman/celegansneural
    clustering/chesapeake            *     DIMACS10/chesapeake
    clustering/cnr-2000                    LAW/cnr-2000
    clustering/cond-mat-2003               Newman/cond-mat-2003
    clustering/cond-mat-2005               Newman/cond-mat-2005
    clustering/cond-mat                    Newman/cond-mat
    clustering/dolphins                    Newman/dolphins
    clustering/email                       Arenas/email
    clustering/eu-2005                     LAW/eu-2005
    clustering/football                    Newman/football
    clustering/hep-th                      Newman/hep-th
    clustering/in-2004                     LAW/in-2004
    clustering/jazz                        Arenas/jazz
    clustering/karate                      Arenas/karate
    clustering/lesmis                      Newman/lesmis
    clustering/netscience                  Newman/netscience
    clustering/PGPgiantcompo               Arenas/PGPgiantcompo
    clustering/polblogs                    Newman/polblogs
    clustering/polbooks                    Newman/polbooks
    clustering/power                       Newman/power
    clustering/road_central          *     DIMACS10/road_central
    clustering/road_usa              *     DIMACS10/road_usa

    the following graphs were added on July 2012:

    G_n_pin_pout
    preferentialAttachment
    smallworld

    uk-2002 was 'added' on July 2012 to the dimacs10 MATLAB interface,
    but it already appears as the LAW/uk-2002 matrix.

    uk-2007-05 is in the DIMACS10 collection but is not yet added here,
    because it's too large for the file format of the UF collection.

--------------------------------------------------------------------------------
coauthor:  Citation Networks
--------------------------------------------------------------------------------

    These graphs are examples of social networks used in R. Geisberger, P.
    Sanders, and D. Schultes. Better approximation of betweenness
    centrality. In 10th Workshop on Algorithm Engineering and
    Experimentation, pages 90-108, San Francisco, 2008. SIAM.

--------------------------------------------------------------------------------
Delaunay:  Delaunay Graphs
--------------------------------------------------------------------------------

    These files have been generated as Delaunay triangulations of random
    points in the unit square.

    Engineering a scalable high quality graph partitioner,
    M. Holtgrewe, P. Sanders, C. Schulz, IPDPS 2010
    http://dx.doi.org/10.1109/IPDPS.2010.5470485

--------------------------------------------------------------------------------
dyn-frames:  Frames from 2D Dynamic Simulations
--------------------------------------------------------------------------------

    These files have been created with the generator described in Oliver
    Marquardt, Stefan Schamberger: Open Benchmarks for Load Balancing
    Heuristics in Parallel Adaptive Finite Element Computations. In Proc.
    International Conference on Parallel and Distributed Processing
    Techniques and Applications (PDPTA 2005), Volume 2, pp. 685-691. CSREA
    Press 2005, ISBN 1-932415-59-9685-691.

    The graphs are meshes taken from indivudual frames of a dynamic
    sequence that resembles two-dimensional adaptive numerical simulations.
    Smaller versions of these files (and their dynamic sequences as videos)
    can be found on Stefan Schamberger's website (
    http://www.upb.de/cs/schaum/benchmark.html ) dedicated to these
    benchmarks. The files presented here are the frames 0, 10, and 20 of
    the sequences, respectively.

--------------------------------------------------------------------------------
Kronecker:  Kronecker Generator Graphs
--------------------------------------------------------------------------------

    The original Kronecker files contain self-loops and multiple edges.
    These properties are also present in real-world data sets. However,
    some tools cannot handle these ""artifacts"" at the moment. That is why
    we present ""cleansed"" versions of the data sets as well.  For the
    Challenge you should expect to be confronted with the original data
    with self-loops and multiple edges. However, the final decision on
    this issue will be made based on participant feedback.

    All files have been generated with the R-MAT parameters A=0.57, B=0.19,
    C=0.19, and D=1-(A+B+C)=0.05 and edgefactor=48, i.e., the number of
    edges equals 48*n, where n is the number of vertices. Details about the
    generator and the parameter meanings can be found on the Graph500
    website.  ( http://www.graph500.org/Specifications.html )

    There are 12 graphs in the DIMACS10 test set at
    http://www.cc.gatech.edu/dimacs10/index.shtml .  Them come in 6 pairs.
    One graph in each pair is a multigraph, with self-edges.  The other
    graph is the nonzero pattern of the first (binary), with self-edges
    removed.  MATLAB cannot directly represent multigraph, so in the UF
    Collection the unweighted multigraph G is represented as a matrix A
    where A(i,j) is an integer equal to the number edges (i,j) in G.

    The binary graphs include the word 'simple' in their
    name In the UF Collection, only the multigraph is included,
    since the simple graph can be constructed from the multigraph.
    If A is the multigraph, the simple graph S can be computed as:

       S = spones (tril (A,-1)) + spones (triu (A,1)) ;

    DIMACS10 graph:                        UF matrix:
    ---------------                        -------------
    kronecker/kron_g500-logn16             DIMACS10/kron_g500-logn16
    kronecker/kron_g500-simple-logn16

    kronecker/kron_g500-logn17             DIMACS10/kron_g500-logn17
    kronecker/kron_g500-simple-logn17

    kronecker/kron_g500-logn18             DIMACS10/kron_g500-logn18
    kronecker/kron_g500-simple-logn18

    kronecker/kron_g500-logn19             DIMACS10/kron_g500-logn19
    kronecker/kron_g500-simple-logn19

    kronecker/kron_g500-logn20             DIMACS10/kron_g500-logn20
    kronecker/kron_g500-simple-logn20

    kronecker/kron_g500-logn21             DIMACS10/kron_g500-logn21
    kronecker/kron_g500-simple-logn21


    References: ""Introducing the Graph 500,"" Richard C. Murphy, Kyle B.
    Wheeler, Brian W. Barrett, James A. Ang, Cray User's Group (CUG), May
    5, 2010.

    D.A. Bader, J. Feo, J. Gilbert, J. Kepner, D. Koester, E. Loh, K.
    Madduri, W. Mann, Theresa Meuse, HPCS Scalable Synthetic Compact
    Applications #2 Graph Analysis (SSCA#2 v2.2 Specification), 5
    September 2007.

    D. Chakrabarti, Y. Zhan, and C. Faloutsos, R-MAT: A recursive model
    for graph mining, SIAM Data Mining 2004.

    Section 17.6, Algorithms in C (third edition). Part 5 Graph
    Algorithms, Robert Sedgewick (Programs 17.7 and 17.8)

    P. Sanders, Random Permutations on Distributed, External and
    Hierarchical Memory, Information Processing Letters 67 (1988) pp
    305-309.

    ""DFS: A Simple to Write Yet Difficult to Execute Benchmark,"" Richard C.
    Murphy, Jonathan Berry, William McLendon, Bruce Hendrickson, Douglas
    Gregor, Andrew Lumsdaine, IEEE International Symposium on Workload
    Characterizations 2006 (IISWC06), San Jose, CA, 25-27 October 2006.

    ---- sample code for generating these matrices:

    function ij = kronecker_generator (SCALE, edgefactor)
    %% Generate an edgelist according to the Graph500
    %% parameters.  In this sample, the edge list is
    %% returned in an array with two rows, where StartVertex
    %% is first row and EndVertex is the second.  The vertex
    %% labels start at zero.
    %%
    %% Example, creating a sparse matrix for viewing:
    %%   ij = kronecker_generator (10, 16);
    %%   G = sparse (ij(1,:)+1, ij(2,:)+1, ones (1, size (ij, 2)));
    %%   spy (G);
    %% The spy plot should appear fairly dense. Any locality
    %% is removed by the final permutations.

      %% Set number of vertices.
      N = 2^SCALE;

      %% Set number of edges.
      M = edgefactor * N;

      %% Set initiator probabilities.
      [A, B, C] = deal (0.57, 0.19, 0.19);

      %% Create index arrays.
      ij = ones (2, M);
      %% Loop over each order of bit.
      ab = A + B;
      c_norm = C/(1 - (A + B));
      a_norm = A/(A + B);

      for ib = 1:SCALE,
        %% Compare with probabilities and set bits of indices.
        ii_bit = rand (1, M) > ab;
        jj_bit = rand (1, M) > ( c_norm * ii_bit + a_norm * not (ii_bit) );
        ij = ij + 2^(ib-1) * [ii_bit; jj_bit];
      end

      %% Permute vertex labels
      p = randperm (N);
      ij = p(ij);

      %% Permute the edge list
      p = randperm (M);
      ij = ij(:, p);

      %% Adjust to zero-based labels.
      ij = ij - 1;

    function G = kernel_1 (ij)
    %% Compute a sparse adjacency matrix representation
    %% of the graph with edges from ij.

      %% Remove self-edges.
      ij(:, ij(1,:) == ij(2,:)) = [];
      %% Adjust away from zero labels.
      ij = ij + 1;
      %% Find the maximum label for sizing.
      N = max (max (ij));
      %% Create the matrix, ensuring it is square.
      G = sparse (ij(1,:), ij(2,:), ones (1, size (ij, 2)), N, N);
      %% Symmetrize to model an undirected graph.
      G = spones (G + G.');

--------------------------------------------------------------------------------
numerical: graphs from numerical simulations
--------------------------------------------------------------------------------

    For the graphs adaptive and venturiLevel3, please refer to the preprint:

    Hartwig Anzt, Werner Augustin, Martin Baumann, Hendryk Bockelmann,
    Thomas Gengenbach, Tobias Hahn, Vincent Heuveline, Eva Ketelaer,
    Dimitar Lukarski, Andrea Otzen, Sebastian Ritterbusch, Bjo""rn Rocker,
    Staffan Ronnås, Michael Schick, Chandramowli Subramanian, Jan-Philipp
    Weiss, and Florian Wilhelm.  Hiflow3 - a flexible and hardware-aware
    parallel Finite element package. In Parallel/High-Performance Object-
    Oriented Scientific Computing (POOSC'10).

    For the graphs channel-500x100x100-b050 and packing-500x100x100-b050,
    please refer to:

    Markus Wittmann, Thomas Zeiser. Technical Note: Data Structures of
    ILBDC Lattice Boltzmann Solver.
    http://www.cc.gatech.edu/dimacs10/archive/numerical-overview-Erlangen.pdf

    The instances NACA0015, M6, 333SP, AS365, and NLR are 2-dimensional FE
    triangular meshes with coordinate information. 333SP and AS365 are actually
    converted from existing 3-dimensional models to 2D places, while the rest
    are created from geometry. The corresponding coordinate files have been
    assembled in one archive. They have been created and contributed by Chan
    Siew Yin with the help of Jian Tao Zhang, Department of Mechanical
    Engineering, University of New Brunswick, Fredericton, Canada. 

--------------------------------------------------------------------------------
random:  Random Geometric Graphs
--------------------------------------------------------------------------------

    rggX is a random geometric graph with 2^X vertices. Each vertex is a
    random point in the unit square and edges connect vertices whose
    Euclidean distance is below 0.55 (ln n)/n. This threshold was choosen
    in order to ensure that the graph is almost connected.

    Note:  the UF Collection is a collection of matrices primarily from
    real applications.  The only random matrices I add to the collection
    are those used in established benchmarks (such as DIMACS10).

    Engineering a scalable high quality graph partitioner,
    M. Holtgrewe, P. Sanders, C. Schulz, IPDPS 2010.
    http://dx.doi.org/10.1109/IPDPS.2010.5470485

--------------------------------------------------------------------------------
steets:  Street Networks
--------------------------------------------------------------------------------

    The graphs Asia, Belgium, Europe, Germany, Great-Britain, Italy,
    Luxemburg and Netherlands are (roughly speaking) undirected and
    unweighted versions of the largest strongly connected component
    of the corresponding Open Street Map road networks. The Open
    Street Map road networks have been taken from
    http://download.geofabrik.de and have been converted for DIMACS10
    by Moritz Kobitzsch (kobitzsch at kit.edu) as follows:

    First, we took the corresponding graph and extracted all routeable
    streets. Routable streets are objects in this file that are tagged
    using one of the following tags: motorway, motorway_link, trunk
    trunk_link, primary, primary_link, secondary, secondary_link,
    tertiary, tertiary_link, residential, unclassified, road,
    living_street, and service.  Next, we now compute the largest
    strongly connected component of this extracted open street map graph.
    Self-edges and parallel edges are removed afterwards.
    The DIMACS 10 graph is now the undirected and unweighted version
    of the constructed graph, i.e.  if there is an edge (u,v) but the
    reverse edge (v,u) is missing, we insert the reverse edge into the
    graph.  The XY coordinates of each node in the graph are preserved.

--------------------------------------------------------------------------------
Walshaw:  Chris Walshaw's graph partitioning archive
--------------------------------------------------------------------------------

    Chris Walshaw's graph partitioning archive contains 34 graphs that
    have been very popular as benchmarks for graph partitioning algorithms
    ( http://staffweb.cms.gre.ac.uk/~wc06/partition/ ).

    17 of them are already in the UF Collection.  Only the 17 new graphs
    not yet in the collection are added here in the DIMACS10 set.

    DIMACS10 graph:                 new?   UF matrix:
    ---------------                 ----   -------------
    walshaw/144                      *     DIMACS10/144
    walshaw/3elt                           AG-Monien/3elt
    walshaw/4elt                           Pothen/barth5
    walshaw/598a                     *     DIMACS10/598a
    walshaw/add20                          Hamm/add20
    walshaw/add32                          Hamm/add32
    walshaw/auto                     *     DIMACS10/auto
    walshaw/bcsstk29                       HB/bcsstk29
    walshaw/bcsstk30                       HB/bcsstk30
    walshaw/bcsstk31                       HB/bcsstk31
    walshaw/bcsstk32                       HB/bcsstk32
    walshaw/bcsstk33                       HB/bcsstk33
    walshaw/brack2                         AG-Monien/brack2
    walshaw/crack                          AG-Monient/crack
    walshaw/cs4                      *     DIMACS10/cs4
    walshaw/cti                      *     DIMACS10/cti
    walshaw/data                     *     DIMACS10/data
    walshaw/fe_4elt2                 *     DIMACS10/fe_4elt2
    walshaw/fe_body                  *     DIMACS10/fe_body
    walshaw/fe_ocean                 *     DIMACS10/fe_ocean
    walshaw/fe_pwt                         Pothen/pwt
    walshaw/fe_rotor                 *     DIMACS10/fe_rotor
    walshaw/fe_sphere                *     DIMACS10/fe_sphere
    walshaw/fe_tooth                 *     DIMACS10/fe_tooth
    walshaw/finan512                       Mulvey/finan512
    walshaw/m14b                     *     DIMACS10/m14b
    walshaw/memplus                        Hamm/memplus
    walshaw/t60k                     *     DIMACS10/t60k
    walshaw/uk                       *     DIMACS10/uk
    walshaw/vibrobox                       Cote/vibrobox
    walshaw/wave                           AG-Monien/wave
    walshaw/whitaker3                      AG-Monien/whitaker3
    walshaw/wing                     *     DIMACS10/wing
    walshaw/wing_nodal               *     DIMACS10/wing_nodal

--------------------------------------------------------------------------------
redistrict:  census networks
--------------------------------------------------------------------------------

    These graphs represent US states. They are used for solving the
    redistricting problem. All data have been provided by Will Zhao. As stated
    on the project website,  The nodes are Census2010 blocks. Two nodes have an
    edge linking them if they share a line segment on their borders, i.e.
    rook-style neighboring. The nodes weights are the POP100 variable of
    Census2010-PL94, and the area of eache district.

--------------------------------------------------------------------------------
star-mixtures : artificially generated from sets of real graphs
--------------------------------------------------------------------------------

    Each graph in this benchmark represents a star-like structure of different
    graphs S0 , . . . , St. Graphs S1 , . . . , St are weakly connected to the
    center S0 by random edges. The total number of edges between each Si and S0
    was less than 3% out of the total number of edges in Si . The graphs are
    mixtures of the following structures: social networks, finite-element
    graphs, VLSI chips, peer-to-peer networks, and matrices from optimization
    solvers.

    More info can be found in the paper I. Safro, P. Sanders, C. Schulz:
    Advanced Coarsening Schemes for Graph Partitioning, SEA 2012.

    Communicated by Christian Schulz, uploaded on March 30, 2012."
IPSO,7,"Power simulation matrices, Li Peijie, Inst. of Power Systems, Guangxi Univ. Three different kinds of optimization methods (OPF, TSCOPF, HTC)",https://sparse.tamu.edu/IPSO,electrical/circuit/device,electrical/circuit/device,1.0,1,power network problem (7),1,real (7),1,symmetric (7),8140,226340,27.805896805896804,moderate (4–100×),141478,2012833,square only,7,0,all square matrices symmetric/Hermitian,7,7,0,real only,0,0,coherent family/series,"Power simulation matrices, Li Peijie, Inst. of Power Systems, Guangxi Univ.

Three different kinds of optimization methods (OPF, TSCOPF, HTC)
applied to power system simulation.  All matrices are symmetric
indefinite.  From Li Peijie, Institute of Power Systems (IPSO),
Guangxi University (beyondpeijie at gxu.edu.cn).  Collected by
Jonathan Hogg, Rutherford Appleton Laboratory, Oxfordshire, UK."
Janna,18,"Finite element simulations: gas reservoir and structural problems. Univ Padova. C. Janna, Univ. of Padova. Authors: Carlo Janna and Massimiliano Ferronato",https://sparse.tamu.edu/Janna,fluids/transport; generic spatial PDE/thermal; structures/materials,structures/materials,0.7777777777777778,3,structural problem (14); 2D/3D problem (3); computational fluid dynamics problem (1),1,real (18),2,symmetric (14); unsymmetric (4),377002,4147110,11.000233420512359,moderate (4–100×),17277420,316548962,square only,18,0,mixed among square matrices,14,18,10,real only,0,18,multi-domain/mixed,"Finite element simulations: gas reservoir and structural problems. Univ Padova.
C. Janna, Univ. of Padova.  Authors: Carlo Janna and Massimiliano Ferronato
All matrices in the set are symmetric and positive definite.

Serena:

    Gas reservoir simulation for CO2 sequestration.

    # equations:   1,391,349
    # non-zeroes: 64,531,701
    Problem description: structural problem

    The matrix Serena is obtained from a structural problem discretizing a gas
    reservoir with tetrahedral Finite Elements. The medium is strongly
    heterogeneous and characterized by a complex geometry consisting of
    alternating sequences of thin clay and sand layers.  References: [1]

Emilia_923:

    # equations:  923136
    # non-zeroes: 41005206
    Problem description: Geomechanical problem

    The matrix Emilia_923 is obtained from a structural problem discretizing a
    gas reservoir with tetrahedral Finite Elements. Due to the complex
    geometry of the geological formation it was not possible to obtain a
    computational grid characterized by regularly shaped elements.  The
    problem arises from a 3D discretization with three displacement unknowns
    associated to each node of the grid.  References: [1], [2]

Fault_639:

    # equations:  638802
    # non-zeroes: 28614564
    Problem description: contact mechanics

    The matrix Fault_639 is obtained from a structural problem discretizing a
    faulted gas reservoir with tetrahedral Finite Elements and triangular
    Interface Elements.  The Interface Elements are used with a Penalty
    formulation to simulate the faults behaviour.  The problem arises from a
    3D discretization with three displacement unknowns associated to each node
    of the grid.  References [3,4,5,6]

Flan_1565:

    # equations:    1564794
    # non-zeroes: 117406044
    Problem description: Structural problem

    The matrix Flan_1565 is obtained from a 3D mechanical problem discretizing
    a steel flange with hexahedral Finite Elements. Due to the regular shape
    of the mechanical piece, the computational grid is a structured mesh with
    regularly shaped elements. Three displacement unknowns are associated to
    each node of the grid.  References [6,7]

Geo_1438:

    # equations:   1437960
    # non-zeroes: 63156690
    Problem description: Geomechanical problem

    The matrix Geo_1438 is obtained from a geomechanical problem discretizing
    a region of the earth crust subject to underground deformation. The
    computational domain is a box with an areal extent of 50 x 50 km and 10 km
    deep consisting of regularly shaped tetrahedral Finite Elements.  The
    problem arises from a 3D discretization with three displacement unknowns
    associated to each node of the grid.  Reference: [6]

Hook_1498:

    # equations:   1498023
    # non-zeroes: 60917445
    Problem description: Structural problem

    The matrix Hook_1498 is obtained from a 3D mechanical problem discretizing
    a steel hook with tetrahedral Finite Elements. The computational grid
    consists of regularly shaped elements with three displacement unknowns
    associated to each node.

StocF-1465:

    # equations:   1465137
    # non-zeroes: 21005389
    Problem description: Flow in porous medium with a stochastic permeabilies

    The matrix StocF_1465 is obtained from a fluid-dynamical problem of flow
    in porous medium.  The computational grid consists of tetrahedral Finite
    Elements discretizing an underground aquifer with stochastic
    permeabilties.  References: [2,8]

References:

[1] M. Ferronato, G. Gambolati, C. Janna, P. Teatini. ""Geomechanical
    issues of anthropogenic CO2 sequestration in exploited gas fields"", Energy
    Conversion and Management, 51, pp. 1918-1928, 2010.

[2] C. Janna, M. Ferronato. ""Adaptive pattern research for block FSAI
    preconditionig"". SIAM Journal on Scientific Computing, to appear.

[3] M. Ferronato, G. Gambolati, C. Janna, P. Teatini. ""Numerical modelling
    of regional faults in land subsidence prediction above gas/oil
    reservoirs"", International Journal for Numerical and Analytical Methods in
    Geomechanics, 32, pp. 633-657, 2008.

[4] M. Ferronato, C. Janna, G. Gambolati. ""Mixed constraint preconditioning
    in computational contact mechanics"", Computer Methods in Applied Mechanics
    and Engineering, 197, pp. 3922-3931, 2008. 

[5] C. Janna, M. Ferronato, G. Gambolati. ""Multilevel incomplete
    factorizations for the iterative solution of non-linear FE problems"".
    International Journal for Numerical Methods in Engineering, 80, pp.
    651-670, 2009. 

[6] C. Janna, M. Ferronato, G. Gambolati. ""A Block FSAI-ILU parallel
    preconditioner for symmetric positive definite linear systems"". SIAM
    Journal on Scientific Computing, 32, pp. 2468-2484, 2010.

[7] C. Janna, A. Comerlati, G. Gambolati. ""A comparison of projective and
    direct solvers for finite elements in elastostatics"". Advances in
    Engineering Software, 40, pp. 675-685, 2009.

[8] M. Ferronato, C. Janna, G. Pini. ""Shifted FSAI preconditioners for the
    efficient parallel solution of non-linear groundwater flow models"".
    International Journal for Numerical Methods in Engineering, to appear.


--------------------------------------------------------------------------------
Cube_Coup_* and Long_Coup_* matrices:
--------------------------------------------------------------------------------

Authors: Carlo Janna and Massimiliano Ferronato

Cube_Coup_*:  Symmetric Indefinite Matrix
# equations:    2,164,760
# non-zeroes: 127,206,144
Problem description: Coupled consolidation problem

The matrix Cube_Coup is obtained from a 3D coupled consolidation
problem of a cube discretized with tetrahedral Finite Elements. The
computational grid is characterized by regularly shaped elements.  The
copuled consolidation problem gives rise to a matrix having 4 unknowns
associated to each node: the first three are displacement unknowns, the
fourth is a pressure. Coupled consolidation is a transient problem with
the matrix ill-conditioning strongly depending on the time step size.
We provide a relatively simple problem, ""dt0"" with  a time step size of
10^0 seconds, and a more difficult one, ""dt6"" with a time step of 10^6
seconds.  The two Cube_Coup_* matrices are symmetric indefinite.

Long_Coup_*: Symmetric Indefinite Matrix
# equations:   1,470,152
# non-zeroes: 87,088,992
Problem description: Coupled consolidation problem

The matrix Long_Coup is obtained from a 3D coupled consolidation
problem of a geological formation discretized with tetrahedral Finite
Elements. Due its complex geometry it was not possible to obtain a
computational grid characterized by regularly shaped elements.  The
copuled consolidation problem gives rise to a matrix having 4 unknowns
associated to each node: the first three are displacement unknowns, the
fourth is a pressure. Coupled consolidation is a transient problem with
the matrix ill-conditioning strongly depending on the time step size.
We provide a relatively simple problem, ""dt0"" with  a time step size of
10^0 seconds, and a more difficult one, ""dt6"" with a time step of 10^6
seconds.  The two Long_Coup_* matrices are symmetric indefinite.

Further information on the 4 matrices may be found in the following papers:

1) C. Janna, M. Ferronato, G. Gambolati. ""Parallel inexact constraint
preconditioning for ill-conditioned consolidation problems"".
Computational Geosciences, submitted.

2) M. Ferronato, L. Bergamaschi, G. Gambolati. ""Performance and
robustness of block constraint preconditioners in FE coupled
consolidation problems"".  International Journal for Numerical Methods
in Engineering, 81, pp. 381-402, 2010.

3) L. Bergamaschi, M. Ferronato, G. Gambolati. ""Mixed constraint
preconditioners for the iterative solution to FE coupled consolidation
equations"". Journal of Computational Physics, 227, pp. 9885-9897, 2008.

4) L. Bergamaschi, M. Ferronato, G. Gambolati. ""Novel preconditioners
for the iterative solution to FE-discretized coupled consolidation
equations"". Computer Methods in Applied Mechanics and Engineering, 196,
pp. 2647-2656, 2007.

--------------------------------------------------------------------------------
Janna/CoupCons3D
--------------------------------------------------------------------------------

    Authors: Carlo Janna, Massimiliano Ferronato Giorgio Pini
    Matrix type: Unsymmetric
    # equations:      416,800
    # non-zeroes:   22,322,336

    Problem description: Fully coupled poroelastic problem
    (structural problem)

    The matrix CoupCons3D has been obtained through a Finite Element
    transient simulation of a fully coupled consolidation problem on
    a three-dimensional domain using Finite Differences for the
    discretization in time.

    Further information can be found in the following papers:

    1) M. Ferronato, G. Pini, and G. Gambolati. The role of
    preconditioning in the solution to FE coupled consolidation
    equations by Krylov subspace methods.  International Journal for
    Numerical and Analytical Methods in Geomechanics 33 (2009), pp.
    405-423.

    2) M. Ferronato, C. Janna, and G. Pini. Parallel solution to
    ill-conditioned FE geomechanical problems. International Journal
    for Numerical and Analytical Methods in Geomechanics 36 (2012),
    pp. 422-437.

    3) M. Ferronato, C. Janna and G. Pini. A generalized Block FSAI
    preconditioner for unsymmetric indefinite matrices. Journal of
    Computational and Applied Mathematics (2012), submitted.
    Authors: Carlo Janna, Massimiliano Ferronato, Giorgio Pini

--------------------------------------------------------------------------------
Janna/ML_Laplace
--------------------------------------------------------------------------------

    Authors: Carlo Janna, Massimiliano Ferronato Giorgio Pini
    Matrix type: Unsymmetric
    # equations:       377,002
    # non-zeroes:   27,689,972

    Problem description: Poisson problem

    The matrix ML_Laplace has been obtained by discretizing a 2D
    Poisson equation with a Meshless Local Petrov-Galerkin method.

    Further information can be found in the following papers:

    1) G. Pini, A. Mazzia, and F. Sartoretto. Accurate MLPG solution
    of 3D potential problems. CMES - Computer Modeling in Engineering
    & Sciences 36 (2008), pp. 43-64.

    2) M. Ferronato, C. Janna and G. Pini. A generalized Block FSAI
    preconditioner for unsymmetric indefinite matrices. Journal of
    Computational and Applied Mathematics (2012), submitted.
    Authors: Carlo Janna, Massimiliano Ferronato, Giorgio Pini

--------------------------------------------------------------------------------
Janna/Transport
--------------------------------------------------------------------------------

    Authors: Carlo Janna, Massimiliano Ferronato Giorgio Pini
    Matrix type: Unsymmetric
    # equations:       1,602,111
    # non-zeroes:     23,500,731

    Problem description: 3D Finite Element flow and transport

    The matrix Transport has been obtained by a FE tetrahedral
    discretization of a density driven coupled flow and transport.

    Further information can be found in the following papers:

    1) A. Mazzia, and M. Putti. High order Godunov mixed methods on
    tetrahedral meshes for density driven flow simulations in porous
    media. Journal of Computational Physics 208 (2005), pp. 154-174.

    2) M. Ferronato, C. Janna and G. Pini. A generalized Block FSAI
    preconditioner for unsymmetric indefinite matrices. Journal of
    Computational and Applied Mathematics (2012), submitted.

--------------------------------------------------------------------------------
Janna/ML_Geer
--------------------------------------------------------------------------------

    Authors: Carlo Janna, Massimiliano Ferronato, Giorgio Pini
    Matrix type: Unsymmetric
    # equations:      1,504,002
    # non-zeroes:   110,879,972

    Problem description: Poroelastic problem (structural problem)

    The matrix ML_Geer has been obtained to find through a Meshless
    Petrov-Galerkin discretization the deformed configuration of an
    axial-symmetric porous medium subject to a pore-pressure drawdown.

    Further information can be found in the following papers:

    1) M. Ferronato, A. Mazzia, G. Pini, and G. Gambolati. A meshless
    method for axi-symmetric poroelastic simulations: numerical
    study. International Journal for Numerical Methods in Engineering
    70 (2007), pp. 1346-1365.

    2) M. Ferronato, C. Janna and G. Pini. A generalized Block FSAI
    preconditioner for unsymmetric indefinite matrices. Journal of
    Computational and Applied Mathematics (2012), submitted.

--------------------------------------------------------------------------------
Bump_2991
--------------------------------------------------------------------------------

    Matrix Name: Bump_2911

    Authors: Carlo Janna and Massimiliano Ferronato
    Symmetric Positive Definite Matrix
    # equations:     2,911,419
    # non-zeroes:  130,378,257
    Problem description: 3D geomechanical reservoir simulation

    The matrix Bump_2911 is obtained from the 3D geomechanical
    simulation of a gas-reservoir discretized by linear tetrahedral
    Finite Elements. The mechanical properties of the medium vary
    with the depth and the geological formation. Zero displacement
    are applied on bottom and lateral boundary, while a traction-free
    top boundary is assumed.

    Further information may be found in the following papers:

    1) C. Janna, M. Ferronato, G. Gambolati. ""Enhanced Block FSAI
    preconditioning using Domain Decomposition techniques"". SIAM
    Journal on Scientific Computing, 35, pp. S229-S249, 2013.

    2) C. Janna, M. Ferronato, G. Gambolati. ""The use of supernodes
    in factored sparse approximate inverse preconditioning"". SIAM
    Journal on Scientific Computing, submitted.

--------------------------------------------------------------------------------
Queen_4147
--------------------------------------------------------------------------------

    Matrix Name: Queen_4147

    Authors: Carlo Janna and Massimiliano Ferronato
    Symmetric Positive Definite Matrix
    # equations:     4,147,110
    # non-zeroes:  329,499,288
    Problem description: 3D structural problem

    The matrix Queen_4147 is obtained from the 3D discretizaion
    of a structural problem by isoparametric hexahedral Finite
    Elements. The solid material is strongly heterogeneous and
    several elements exhibit shape distortion thus producing an
    ill-conditioned stiffness matrix.

    Further information may be found in the following paper:

    1) C. Janna, M. Ferronato, G. Gambolati. ""The use of supernodes
    in factored sparse approximate inverse preconditioning"". SIAM
    Journal on Scientific Computing, submitted.

--------------------------------------------------------------------------------
PFlow_742
--------------------------------------------------------------------------------

    Matrix Name: PFlow_742

    Authors: Carlo Janna and Massimiliano Ferronato
    Symmetric Positive Definite Matrix
    # equations:     742,793
    # non-zeroes: 37,138,461
    Problem description: 3D pressure-temperature evolution
    in porous media

    The matrix PFlow_742 is obtained from a 3D simulation of the
    pressure-temperature field in a multilayered porous media
    discretized by hexahedral Finite Elements. The ill-conditioning
    of the matrix is due to the strong contrasts in the material
    properties fo different layers.

    Further information may be found in the following paper:

    1) C. Janna, M. Ferronato, G. Gambolati. ""The use of supernodes
    in factored sparse approximate inverse preconditioning"". SIAM
    Journal on Scientific Computing, submitted."
Schulthess,3,"Biochemical networks from Pascal Schulthess, Inst. Pathology, Berlin Matrices from Pascal Schulthess, Institute for Pathology,",https://sparse.tamu.edu/Schulthess,chemistry/biology,chemistry/biology,1.0,1,biochemical network (3),1,integer (3),1,rectangular (3),1996,16559,8.296092184368737,moderate (4–100×),4335,43816,rectangular only,0,3,N/A (rectangular only),0,0,0,real only,0,0,coherent family/series,"Biochemical networks from Pascal Schulthess, Inst. Pathology, Berlin

Matrices from Pascal Schulthess, Institute for Pathology,            
Chariteplatz 1, 10117 Berlin, Germany.                               
                                                                     
Three large biochemical networks (N_biocarta, N_pid, and N_reactome).
These are stoichiometric matrices extracted from three biochemical   
databases (BioCarta, PID, and REACTOME) describing cell signaling    
pathways and protein-protein interaction networks.  The goal is to   
find the left nullspace of the matrix; in MATLAB notation:           
                                                                     
N = null (Problem.A') ;                                              
                                                                     
The matrix (Problem.A')*N will thus be essentially zero.             
This can be done much more efficiently with the spqr_rank toolbox by 
Leslie Foster and Tim Davis, as:                                     
                                                                     
N = spqr_null (Problem.A') ;                                         
                                                                     
Results:                                                             
The matrix A is transposed, then N = null (A) or N = spqr_null (A)   
is computed.  The size statistic is the memory taken by N.           
spqr_null can compute either an explicit matrix N, or an implicit    
Householder-based representation.  The latter takes less memory.     
                                                                     
Matrix: N_biocarta  size: 1996 by 1922 (transposed)                  
                                                                     
spqr_null stats:                                                     
                       flag: 0                                       
                       rank: 1023                                    
                        tol: 3.5456e-12                              
      est_sval_upper_bounds: [0.1689 3.4534e-15]                     
      est_sval_lower_bounds: [0.1203 0]                              
    sval_numbers_for_bounds: [1023 1024]                             
         est_norm_A_times_N: 2.4349e-15                              
                                                                     
spqr_null, implicit:  0.03 sec, norm(A*N)  9e-15 size:  0.08 MB      
spqr_null, explicit:  0.10 sec, norm(A*N)  9e-15 size:  0.11 MB      
MATLAB null:          3.31 sec, norm(A*N)  2e-13 size: 13.82 MB      
all report dim(N) of 899.                                            
                                                                     
Matrix: N_pid  size: 3923 by 3625 (transposed)                       
                                                                     
spqr_null stats:                                                     
                       flag: 0                                       
                       rank: 2048                                    
                        tol: 1.3937e-11                              
      est_sval_upper_bounds: [0.0922 5.1310e-15]                     
      est_sval_lower_bounds: [0.0585 0]                              
    sval_numbers_for_bounds: [2048 2049]                             
         est_norm_A_times_N: 1.6751e-15                              
                                                                     
spqr_null, implicit:  0.05 sec, norm(A*N)  4e-14 size:  0.21 MB      
spqr_null, explicit:  0.34 sec, norm(A*N)  4e-14 size:  1.32 MB      
MATLAB null:         24.86 sec, norm(A*N)  9e-13 size: 45.73 MB      
all report dim(N) of 1577                                            
                                                                     
Matrix: N_reactome  size: 16559 by 10204 (transposed)                
                                                                     
spqr_null stats:                                                     
                       flag: 0                                       
                       rank: 9025                                    
                        tol: 1.1766e-10                              
      est_sval_upper_bounds: [0.6722 1.3042e-14]                     
      est_sval_lower_bounds: [0.0106 0]                              
    sval_numbers_for_bounds: [9025 9026]                             
         est_norm_A_times_N: 9.4695e-15                              
                                                                     
spqr_null, implicit: 0.95 sec, norm(A*N)  2e-13 size:  7.5 MB        
spqr_null, explicit: 3.53 sec, norm(A*N)  2e-13 size: 25.2 MB        
MATLAB null:       904.54 sec, norm(A*N)  2e-10 size: 96.2 MB        
all report dim(N) of 1179."
Chevron,4,"2D Helmholtz; Temporal freq. domain seismic modeling. J. Washbourne, Chevron Linearized for Gauss-Newton method.",https://sparse.tamu.edu/Chevron,generic spatial PDE/thermal,generic spatial PDE/thermal,1.0,1,2D/3D problem (4),1,complex (4),1,unsymmetric (4),37365,711450,19.04054596547571,moderate (4–100×),330633,6376412,square only,4,0,no square matrix exactly symmetric/Hermitian,0,0,0,complex only,0,0,coherent family/series,"2D Helmholtz; Temporal freq. domain seismic modeling.  J. Washbourne, Chevron
Linearized for Gauss-Newton method."
CPM,9,"Closest Point Method, Yujia Chen, Andy Wathen, Shengxin Zhu A method for computing on surfaces. For more information see:",https://sparse.tamu.edu/CPM,generic spatial PDE/thermal,generic spatial PDE/thermal,1.0,1,2D/3D problem (9),1,real (9),1,unsymmetric (9),148,40948,276.6756756756757,wide (>100×),1527,412148,square only,9,0,no square matrix exactly symmetric/Hermitian,0,0,0,real only,0,9,coherent family/series,"Closest Point Method,  Yujia Chen, Andy Wathen, Shengxin Zhu 

A method for computing on surfaces.  For more information see:
http://people.maths.ox.ac.uk/~macdonald/closestpoint/

One of the matrices in this collection (cz10228) is solved poorly
by x=A\\b in MATLAB R2012a.  The solution is to use this setting:

    spparms ('piv_tol', 0.5)
    x = A\\b

which changes the pivot tolerance.  MATLAB has a test which
checks the accuracy of x=A\\b when using UMFPACK, and if the
accuracy is poor, it refactorizes the matrix with a piv_tol
of 1.0 (standard partial pivoting).  For the cz10228 matrix,
the test is nearly, but not quite, triggered.  The other matrices
do not cause this problem.

Further details from Shengxin Zhu:

Generally speaking, the matrix comes from the numerical solution of
Poisson equation on a unit circle by solving an embedding PDE posed
in a narrow band around the circle. Of course the easiest way to
solve PDE on a unit circle is to parametrize it and then solve a 1D
problem; but here we just want to test the effectiveness of the
embedding method for solving PDEs on general curves or surfaces.
The method extends the original surface PDE to a band around the
surface, and then solve the extended PDE on a Cartesian grid by a
finite difference scheme. In order to define such a PDE, one has to
both define proper embedding differential operator and extend the
solution from the surface to the embedding space. One natural way
is to enforce the solution being constant along the normal
direction of the surface so that the surface differential operator
could be replaced by standard Cartesian differential operator. Here
in the case of Poisson equation on a unit circle, we solve a
standard Poisson equation on a 2D cartesian grid around the circle
with suitable right hand side and Neumann boundary condition on the
boundary of the band. We enforce the Neumann boundary condition by
taking the value of each boundary point to be the value of its
closest point on the circle; and since the closest point is usually
not a grid point, its value is obtained by interpolation of values
of the surrounding points. Putting the process into a sparse
matrix, and change one row of the matrix to fix the value of one
point of the solution and ensure the matrix is nonsingular.

I tried different bandwidth, different interpolation order for the
value of the closest points, 2nd order and 4-th order finite
difference scheme to the Laplace operator. In most cases, MATLAB
backslash works pretty well in solving the resulting linear system.
The size of the matrix which makes MATLAB backslash not work is not
the largest among all, and its condition number is not largest
among all. By the way, the AMG solver by Notay and a geometric
multigrid solver written by myself works pretty well for this case."
Davis,1,"Analysis of the MATLAB FileExchange, March 2010 For the 8th Edition of the MATLAB Primer (published by CRC Press)",https://sparse.tamu.edu/Davis,graph/network data,graph/network data,1.0,1,term/document graph (1),1,integer (1),1,rectangular (1),9498,9498,1.0,one size,301899,301899,rectangular only,0,1,N/A (rectangular only),0,0,0,real only,0,0,single matrix,"Analysis of the MATLAB FileExchange, March 2010                    
                                                                   
For the 8th Edition of the MATLAB Primer (published by CRC Press)  
I wrote a script that downloaded and parsed all 9489 submissions   
to the MATLAB File Exchange (as of March 12, 2010, 8am), at:       
http://www.mathworks.com/matlabcentral/fileexchange/ .             
Each submission was parsed to determine how many times each of     
1319 keywords appears.  The list of keywords to search for was     
obtained by parsing the MATLAB Help documentation.  In the primary 
matrix (Problem.A), the entry A(i,j) is the nubmer of times that   
the ith keyword appears in the jth ""file"" (each of the submissions 
to the MATLAB File Exchange is called a ""file"", although each      
submission often consists of more than one actual file).           
Problem.aux.key{i} is the ith keyword, and Problem.aux.id(j) is    
the MATLAB File ID corresponding to the jth column of the matrix A.
The first 454 rows of the A matrix correspond to the 454 functions 
or keywords that appear in the ""MATLAB Top 500"" list of most-      
frequently used functions, keywords, and operators in the 8th      
Edition of the MATLAB Primer.  The remaining are operators         
(+ - / * . etc) to round out the ""Top 500"" (these do not appear    
in the Problem.A matrix since parsing them proved difficult).      
                                                                   
Note that some editorial adjustments were made to the Top 500.     
In particular, deprecated functions were removed.  Some of the     
trigonometric functions are rarely used, but all of them were      
included in the ""Top 500"" to make a complete set.  You can         
visualize this with semilogy(sum(A,2)).  The rows of A are         
mostly sorted in decreasing row-sum, except for rows 430 to        
470 or so.                                                         
                                                                   
This matrix was constructed in March 2010 by Tim Davis and added   
to the collection in July 2012; Tim Davis is solely responsible    
for this matrix.  It was not submitted by or authorized by         
The MathWorks, Inc, but since the File Exchange is now under       
a BSD license, this is included in the collection as a legitimate  
derivative work."
Bodendiek,5,"Curl-Curl operator of 2nd order Maxwell's equations, A. Bodendiek From Andre' Bodendiek, Institut Computational Mathematics,",https://sparse.tamu.edu/Bodendiek,eigenvalue/model reduction,eigenvalue/model reduction,1.0,1,model reduction problem (5),1,real (5),1,symmetric (5),11083,2380515,214.78976811332672,wide (>100×),113343,26515867,square only,5,0,all square matrices symmetric/Hermitian,5,5,0,real only,0,5,coherent family/series,"Curl-Curl operator of 2nd order Maxwell's equations, A. Bodendiek

From Andre' Bodendiek, Institut Computational Mathematics,
TU Braunschweig

The following matrix collection consists of the curl-curl-operator
of a second-order Maxwell's equations with PEC boundary conditions,
i.e. E x n = 0, where E and n denote the electric field strength
and the unit outer normal of the computational domain. The
curl-curl-operator has been discretized using the Finite Element
Method with first-order Nedelec elements resulting in the weak
formulation

   1/mu0 ( curl E, curl v ),

where v resembles a test function of H(curl) and
mu0 = 1.25 1e-9 H / mm denotes the magnetic permeability of vacuum,
see [Hipt02]. 

In general, the underlying model problem of Maxwell's equations
results from a Coplanar Waveguide, which will be considered for
the analysis of parasitic effects in the development of new
semiconductors. Since the corresponding dynamical systems are often
high-dimensional, model order reduction techniques have become an
appealing approach for the efficient simulation and accurate analysis
of the parasitic effects. However, different kinds of model order
techniques require the repeated solution of high-dimensional linear
systems of the original model problem, see [Bai02,An09]. Therefore,
the development of efficient solvers resembles an important task
in model order reduction.

Each matrix CurlCurl_<nr> consists of a different number of degrees
of freedom, given in the following table:

<nr> = 0:   11083
<nr> = 1:  226451
<nr> = 2:  806529
<nr> = 3: 1219574
<nr> = 4: 2380515

References.

@ARTICLE{Bai02,
  author = {Z. Bai},
  title = {Krylov subspace techniques for reduced-order modeling
    of large-scale dynamical systems},
  journal = {Applied Numerical Mathematics},
  year = {2002},
  volume = {43},
  pages = {9--44},
  number = {1--2}
}

@ARTICLE{Hipt02,
  author = {R. Hiptmair},
  title = {Finite elements in computational electromagnetism},
  journal = {Acta Numerica, Cambridge University Press},
  year = {2002},
  pages = {237-339}
}

@BOOK{An09,
  title = {Approximation of {L}arge-{S}cale {D}ynamical {S}ystems},
  publisher = {Society for Industrial Mathematics},
  year = {2009},
  author = {Athanasios C. Antoulas}
}"
ANSYS,3,Underdetermined systems needing well-conditioned bases to be found. The goal is to find a permutation or factorization that places A in upper,https://sparse.tamu.edu/ANSYS,other,other,1.0,1,least squares problem (3),1,real (3),1,rectangular (3),887058,1823928,2.056154163538348,narrow (≤4×),652140,4211599,rectangular only,0,3,N/A (rectangular only),0,0,0,real only,0,0,coherent family/series,"Underdetermined systems needing well-conditioned bases to be found.

The goal is to find a permutation or factorization that places A in upper
trapezoidal form, [R1 R2] where R1 is well-conditioned, square, and upper
triangular, and where R1\\R2 is as sparse as possible.  Submitted to the
UF collection by Emmannuel Delor, ANSYS.

    opts.tol = 0.01 ;
    [m n] = size(A) ;
    x = ones (n,1) ;
    y = A*x ;
    [c R P info] = spqr (A, y, opts) ;
    info
    Rs = R (:, 1:m) ;    % must be well conditioned
    fprintf ('condest(Rs) %g\\n', condest (Rs)) ;
    xs = x (1:m) ;
    xm = x (m+1:n) ;
    A2 = -Rs \\ R (:, m+1:n) ;
    y2 =  Rs \\ c ;
    norm(A2*xm + y2 - xs)   % should be very small
    nnz (A2)                % should also be as small as possible"
Sorensen,1,Call graph of the Linux kernel. The sparse matrix represents a call-graph made from the source code of,https://sparse.tamu.edu/Sorensen,graph/network data,graph/network data,1.0,1,directed weighted graph (1),1,integer (1),1,unsymmetric (1),324085,324085,1.0,one size,1208908,1208908,square only,1,0,no square matrix exactly symmetric/Hermitian,0,0,0,real only,0,0,single matrix,"Call graph of the Linux kernel.

The sparse matrix represents a call-graph made from the source code of
the Linux kernel (version 3.7.10)

Svend Haugaard Sørensen 
May 6 2013"
LeGresley,3,"Power flow analyses of electrical grids. Submitted by Patrick LeGresley, Stanford, July 2013",https://sparse.tamu.edu/LeGresley,electrical/circuit/device,electrical/circuit/device,1.0,1,power network problem (3),1,real (3),1,unsymmetric (3),2508,87936,35.0622009569378,moderate (4–100×),16727,593276,square only,3,0,no square matrix exactly symmetric/Hermitian,0,0,0,real only,0,0,coherent family/series,"Power flow analyses of electrical grids.
Submitted by Patrick LeGresley, Stanford, July 2013"
Brogan,1,"specular surface reconstruction problem, Submitted by Joel Brogan, Notre Dame, July 2014",https://sparse.tamu.edu/Brogan,imaging/graphics/robotics,imaging/graphics/robotics,1.0,1,computer vision problem (1),1,real (1),1,rectangular (1),477976,477976,1.0,one size,7647040,7647040,rectangular only,0,1,N/A (rectangular only),0,0,0,real only,0,1,single matrix,"specular surface reconstruction problem,
Submitted by Joel Brogan, Notre Dame, July 2014
Requires a sparse QR factorization, x=A\\b"
Moqri,1,"Document similarity graph for MIS articles, including metadata KnowledgeMap -- Visualizing Invisible Networks of Knowledge",https://sparse.tamu.edu/Moqri,graph/network data,graph/network data,1.0,1,undirected weighted graph (1),1,real (1),1,symmetric (1),2427,2427,1.0,one size,57022,57022,square only,1,0,all square matrices symmetric/Hermitian,1,1,0,real only,0,0,single matrix,"Document similarity graph for MIS articles, including metadata

KnowledgeMap -- Visualizing Invisible Networks of Knowledge
in a Scientific Discipline, by M. Moqri, Univ of Florida,
Warrington College of Business Administration.
http://misknowledgemap.warrington.ufl.edu/
http://www.moqri.com/

This undirected wieghted graph describes the similarities
between a set of 2427 articles.  A(i,j) is 0 if articles
i and j are not similar at all, 1 if they are extremely
similar.  The similarity metric is based on LSA, co-citation,
and bibliographic coupling of the articles.  Information
about each node is as follows:

label: the title of the document                    (text)
year: year published (ranges from 2005 to 2014)     (number)
source: journal                                     (text)
authors: list of authors                            (text)
keywords: list of keywords separated by semicolons  (text)
topics: list of keywords separated by semicolons    (text)
abstract:                                           (text)
times cited:                                        (number)"
Mazaheri,1,"Sparse bundle adjustment problem from Mehdi Mazaheri, University of Calgary A is symmetric positive definite, coming from bundle adjustment of 1700 images",https://sparse.tamu.edu/Mazaheri,imaging/graphics/robotics,imaging/graphics/robotics,1.0,1,computer vision problem (1),1,real (1),1,symmetric (1),513351,513351,1.0,one size,20207907,20207907,square only,1,0,all square matrices symmetric/Hermitian,1,1,1,real only,0,1,single matrix,"Sparse bundle adjustment problem from Mehdi Mazaheri, University of Calgary

A is symmetric positive definite, coming from bundle adjustment of 1700 images
to optimize the trajectory of a multi-camera data acqusition system. The
trajectory is a loop inside a building at the University of Calgary.

Mehdi Mazaheri
Dept of Geomatics, University of Calgary"
VDOL,91,"Optimal control problems, Vehicle Dynamics & Optimization Lab, UF Anil Rao and Begum Senses, University of Florida",https://sparse.tamu.edu/VDOL,optimization/control,optimization/control,1.0,1,optimal control problem (91),1,real (91),1,symmetric (91),99,18476,186.62626262626262,wide (>100×),927,224897,square only,91,0,all square matrices symmetric/Hermitian,91,91,0,real only,0,0,coherent family/series,"Optimal control problems, Vehicle Dynamics & Optimization Lab, UF
Anil Rao and Begum Senses, University of Florida
http://vdol.mae.ufl.edu

Each optimal control problem is described below.  Each of these
problems gives rise to a sequence of matrices of different sizes
when they are being solved inside GPOPS, an optimal control
solver created by Anil Rao, Begum Senses, and others at in VDOL
lab at the University of Florida.  The matrices are all
symmetric indefinite.

Rao, Senses, and Davis have created a graph coarsening strategy
that matches pairs of nodes.  The mapping is given for each matrix,
where map(i)=k means that node i in the original graph is mapped to
node k in the smaller graph.  map(i)=map(j)=k means that both nodes
i and j are mapped to the same node k, and thus nodes i and j have
been merged.

Each matrix consists of a set of nodes (rows/columns) and the
names of these rows/cols are given for each matrix.

Anil Rao, Begum Sense, and Tim Davis, 2015.

----------------------------------------------------------------------
VDOL/dynamicSoaring
----------------------------------------------------------------------

Dynamic soaring optimal control problem is taken from
Ref.~\\cite{zhao2004optimal} where the dynamics of a glider is
derived using a point mass model under the assumption of a flat
Earth and stationary winds. The goal of the dynamic soaring
problem is to determine the state and the control that minimize
the average wind gradient slope that can sustain a powerless
dynamic soaring flight.  The state of the system is defined by the
air speed, heading angle, air-realtive flight path angle,
altitude, and the position of the glider and the control of the
system is the lift coefficient. The specified accuracy tolerance
of $10^{-7}$ were satisfied after eight mesh iterations. As the
mesh refinement proceeds, the size of the KKT matrices increases
from  647 to 3543.

@article{zhao2004optimal,
  title={Optimal Patterns of Glider Dynamic Soaring},
  author={Zhao, Yiyuan J},
  journal={Optimal Control applications and methods},
  volume={25},
  number={2},
  pages={67--89},
  year={2004},
  publisher={Wiley Online Library}
}


----------------------------------------------------------------------
VDOL/freeFlyingRobot
----------------------------------------------------------------------

Free flying robot optimal control problem is taken from
Ref.~\\cite{sakawa1999trajectory}. Free flying robot technology is
expected to play an important role in unmanned space missions.
Although NASA currently has free flying robots, called spheres,
inside the International Space Station (ISS), these free flying
robots have neither the technology nor the hardware to complete
inside and outside inspection and maintanance. NASA's new plan is to
send new free flying robots to ISS that are capable of completing
housekeeping of ISS during off hours and working in extreme
environments for the external maintanance of ISS. As a result, the
crew in ISS can have more time for science experiments. The current
free flying robots in ISS works are equipped with a propulsion
system. The goal of the free flying robot optimal control problem is
to determine the state and the control that minimize the magnitude of
thrust during a mission. The state of the system is defined by the
inertial coordinates of the center of gravity, the corresponding
velocity, thrust direction, and the anglular velocity and the control
is the thrust from two engines. The specified accuracy tolerance of
$10^{-6}$ were satisfied after eight mesh iterations. As the mesh
refinement proceeds, the size of the KKT matrices increases from 798
to 6078.


----------------------------------------------------------------------
VDOL/goddardRocketProblem
----------------------------------------------------------------------

Goddard rocket maximum ascent optimal control problem is taken from
Ref.~\\cite{goddard1920method}. The goal of the Goddard rocket maximum
ascent problem is to determine the state and the control that
maximize the final altitude of an ascending rocket. The state of the
system is defined by the altitude, velocity, and the mass of the
rocket and the control of the system is the thrust. The Goddard
rocket problem contains a singular arc where the continuous-time
optimality conditions are indeterminate, thereby the nonlinear
programming problem solver will have difficulty determining the
optimal control during the singular arc. In order to prevent this
difficulty and obtain more accurate solutions the Goddard rocket
problem is posed as a three-phase optimal control problem. Phase one
and phase three contains the same dynamics and the path constraints
as the original problem, while phase two contains an additional path
constraint and an event constraint. The specified accuracy tolerance
of $10^{-8}$ were satisfied after two mesh iterations. As the mesh
refinement proceeds, the size of the KKT matrices increases from 831
to 867.

@article{goddard1920method,
  title={A Method of Reaching Extreme Altitudes.},
  author={Goddard, Robert H},
  journal={Nature},
  volume={105},
  pages={809--811},
  year={1920}
}

----------------------------------------------------------------------
VDOL/hangGlider
----------------------------------------------------------------------

Range maximization of a hang glider optimal control problem is taken
from Ref.~\\cite{bulirsch1993combining}.  The goal of the optimal
control problem is to determine the state and the control that
maximize the range of the hang glider in the presence of a thermal
updraft. The state of the system is defined by horizontal distance,
altitude, horizontal velocity, and the vertical velocity and the
control is the lift coefficient. The specified accuracy tolerance of
$10^{-8}$ were satisfied after five mesh iterations. As the mesh
refinement proceeds, the size of the KKT matrices increases from 360
to 16011. This problem is sensitive to accuracy of the mesh and it
requires excessive number of collocation points to be able to satisfy
the accuracy tolerance. Thus, the size of the KKT matrices changes
drastically.

@book{bulirsch1993combining,
  title={Combining Direct and Indirect Methods in Optimal Control:
     Range Maximization of a Hang Glider},
  author={Bulirsch, Roland and Nerz, Edda and Pesch, Hans Josef and
     von Stryk, Oskar},
  year={1993},
  publisher={Springer}
}

----------------------------------------------------------------------
VDOL/kineticBatchReactor
----------------------------------------------------------------------


----------------------------------------------------------------------
VDOL/lowThrust
----------------------------------------------------------------------

Low-thrust orbit transfer optimal control problem is taken from
Ref.~\\cite{betts2010practical}. The goal of the low-thrust orbit
transfer problem is to determine the state and the control that
minimize the fuel consumption during the orbit transfer of a
spacecraft that starts from a low-earth orbit and terminates at the
geostationary orbit via low-thrust propulsion systems.  The highly
nonlinear dynamics of the low-thrust orbit transfer problem is given
in modified equinoctial elements (state of the system) and the thrust
direction (control of the system).  Furthermore, the low-thrust
optimal control problem is a badly scaled problem because of the
small thrust-to-initial-mass ratio, that is typically on the order of
$O(10^{-4})$, and the long orbit transfer duration. Badly scaling of
the problem leads to a lot of delayed pivots. The specified accuracy
tolerance of $10^{-8}$ were satisfied after thirteen mesh iterations.
As the mesh refinement proceeds, the size of the KKT matrices
increases from 584 to 18476. 

@book{betts2010practical,
  title={Practical Methods for Optimal Control and Estimation Using
     Nonlinear Programming},
  author={Betts, John T},
  volume={19},
  year={2010},
  publisher={SIAM Press},
  address = {Philadelphia, Pennsylvania},
}



----------------------------------------------------------------------
VDOL/orbitRaising
----------------------------------------------------------------------

Orbit raising problem that is taken from
Ref.~\\cite{bryson1975applied}. The goal of the optimal control
problem is to determine the state and the control that maximize the
radius of an orbit transfer in a given time. The state of the system
is defined by radial distance of the spacecraft from the attracting
center (e.g Earth, Mars, etc.) and velocity of the spacecraft and the
control is the thrust direction. The specified accuracy tolerance of
$10^{-8}$ were satisfied after four mesh iterations. As the mesh
refinement proceeds, the size of the KKT matrices increases from 442
to 915.

@book{bryson1975applied,
  title={Applied Optimal Control: Optimization, Estimation, and
     Control},
  author={Bryson, Arthur Earl},
  year={1975},
  publisher={CRC Press}
}



----------------------------------------------------------------------
VDOL/reorientation
----------------------------------------------------------------------

Minimum-time reorientation of an asymmetric rigid body optimal
control problem is taken from Ref.~\\cite{betts2010practical}. The
goal of the problem is to determine the state and the control that
minimize the time that is required to reorient a rigid body. The
state of the system is defined by quaternians that gives the
orientation of the spacecraft and the angular velocity of the
spacecraft and the control of the system is torque. The vehicle data
that is used to model the dynamics are taken from NASA X-ray Timing
Explorer spacecraft.  The specified accuracy tolerance of $10^{-8}$
were satisfied after eight mesh iterations. As the mesh refinement
proceeds, the size of the KKT matrices increases from 677 to 3108.

@book{betts2010practical,
  title={Practical Methods for Optimal Control and Estimation
     Using Nonlinear Programming},
  author={Betts, John T},
  volume={19},
  year={2010},
  publisher={SIAM Press},
  address = {Philadelphia, Pennsylvania},
}

----------------------------------------------------------------------
VDOL/spaceShuttleEntry
----------------------------------------------------------------------

Space shuttle launch vehicle reentry optimal control problem is taken
from Ref.~\\cite{betts2010practical}. The goal of the optimal control
problem is to determine the state and the control that maximize the
cross range (maximize the final latitude) during the atmospheric
entry of a reusable launch vehicle. State of the system is defined by
the position, velocity, and the orientation of the space shuttle and
the control of the system is the angle of attack and the bank angle
of the space shuttle. The specified accuracy tolerance of $10^{-8}$
were satisfied after two mesh iterations. As the mesh refinement
proceeds, the size of the KKT matrices increases from 560 to 2450.


----------------------------------------------------------------------
VDOL/spaceStation
----------------------------------------------------------------------

Space station attitude optimal control problem is taken from
Ref.~\\cite{betts2010practical}. The goal of the space station
attitude control problem is to determine the state and the control
that minimize the magnitude of the final momentum while the space
statition reaches an orientation at the final time that can be
maintained without utilizing additional control torque. The state of
the system is defined by the angular velocity of the spacecraft with
respect to an inertial reference frame, Euler-Rodriguez parameters
used to defined the vehicle attitude, and the angular momentum of the
control moment gyroscope and the control of the system is the torque.
The specified accuracy tolerance of $10^{-7}$ were satisfied after
thirteen mesh iterations. As the mesh refinement proceeds, the size
of the KKT matrices increases from 99 to 1640.


----------------------------------------------------------------------
VDOL/tumorAntiogenesis
----------------------------------------------------------------------

Tumor anti-angiogenesis optimal control problem is taken from
Ref.~\\cite{ledzewicz2008analysis}. A tumor first uses the blood
vessels of its host but as the tumor grows oxygen that is carried by
the blood vessels of its host cannot defuse very far into the tumor.
Therefore, the tumor grows its own blood vessels by producing
vascular endothelial growth factor (VEGF). This process is called
angiogenesis. But blood vessels have a defense mechanism, called
endostatin, that tries to impede the development of new blood cells
by targeting VEGF. In addition, new pharmacological therapies that is
developed for tumor-type cancers also targets VEGF. The goal of the
tumor anti-angiogenesis problem is to determine the state and control
that minimizing the size of the tumor at the final time. The state of
the system is defined by the tumor volume, carrying capacity of a
vessel, and the total anti-angiogenic treatment administered and the
control of the system is the angiogenic dose rate.  The specified
accuracy tolerance of $10^{-7}$ were satisfied after eight mesh
iterations. As the mesh refinement proceeds, the size of the KKT
matrices increases from 205 to 490.

@article{ledzewicz2008analysis,
  title={Analysis of Optimal Controls for a Mathematical Model of
     Tumour Anti-Angiogenesis},
  author={Ledzewicz, Urszula and Sch{\\""a}ttler, Heinz},
  journal={Optimal Control Applications and Methods},
  volume=29,
  number=1,
  pages={41--57},
  year=2008,
  publisher={Wiley Online Library}
}"
Meng,1,"Jacobian matrix from a computational chemistry problem, iChem, China' Lingyi Meng, Collaborative Innovation Center of Chemistry for",https://sparse.tamu.edu/Meng,chemistry/biology,chemistry/biology,1.0,1,computational chemistry problem (1),1,complex (1),1,unsymmetric (1),274087,274087,1.0,one size,4137369,4137369,square only,1,0,no square matrix exactly symmetric/Hermitian,0,0,0,complex only,0,0,single matrix,"Jacobian matrix from a computational chemistry problem, iChem, China'
Lingyi Meng, Collaborative Innovation Center of Chemistry for
Energy Materials (iChem), Xiamen University, Fujian, China,
www.2011-ichem.org.  The matrix is complex, and has a sparse
and real right-hand-side.

References:
Lingyi Meng, ChiYung Yam, SiuKong Koo, Quan Chen, Ngai Wong, and
GuanHua Chen, Dynamic Multiscale Quantum Mechanics/Electromagnetics
Simulation Method, J. of Chemical Theory and Computation, 2012,
vol 8, pp 1190-1199, dx.doi.org/10.1021/ct200859h

Lingyi Meng, Zhenyu Yin, ChiYung Yam, SiuKong Koo, Quan Chen,
Ngai Wong, and GuanHua Chen, Frequency-domain multiscale quantum
mechanics/electromagnetics simulation method, J. of Chemical
Physics 139, 244111 (2013); doi: 10.1063/1.4853635"
Harvard_Seismology,1,"Earth's crust underneath Japan, Harvard Seismology Group. This matrix represents the forward operator of a linearized seismic",https://sparse.tamu.edu/Harvard_Seismology,imaging/graphics/robotics,imaging/graphics/robotics,1.0,1,tomography problem (1),1,real (1),1,rectangular (1),87616,87616,1.0,one size,13734559,13734559,rectangular only,0,1,N/A (rectangular only),0,0,0,real only,0,0,single matrix,"Earth's crust underneath Japan, Harvard Seismology Group.

This matrix represents the forward operator of a linearized seismic
tomography problem for imaging Japan's crust and upper mantle.  The
rows of the matrix correspond to 87,616 P-wave ray paths, from 125
moderate size earthquakes (stars), deeper that ~150 km that occurred
the last decade, and recorded from seismic stations of the Hi-net
array (triangles). The 3-Dimensional space is parameterized using a
grid of 67,320 parameters that correspond to the columns of the matrix.

The matrix is structurally and numerically rank deficient.  This is
because some parts of the Earth are not imaged well from the data,
due to the lack of signals (earthquakes) and receivers (seismic stations
in those areas.  This leads to an under-determined part of the system.
Other parts of the problem are overdetermined, because deep earthquakes
repeat in the same region of the Earth, over time, and the seismic
stations do not move.  Repeated earthquakes from the same source
are recorded by the same seismic stations, leading to an over-
determined problem for those regions of the Earth.

In MATLAB, cs_dmspy(Problem.A) displays these two parts of the matrix,
using a function from CSparse, available at http://suitesparse.com.

Petros Bogiatzis, Miaki Ishii, Harvard Seismology Group, 2015
http://www.seismology.harvard.edu

References:

Bogiatzis, P., & Ishii, M., 2014. Resolution Analysis and Jointly Inverted P-
and S-Wave Models of Japan's Crust and Upper Mantle. American Geophysical
Union, Fall Meeting 2014, S33A-4501."
Mycielski,19,"Mycielski graph adjacency matrices matrices/Mycielski/README. Scott Kolodziej, June 27, 2018.",https://sparse.tamu.edu/Mycielski,graph/network data,graph/network data,1.0,1,undirected graph (19),1,binary (19),1,symmetric (19),2,786431,393215.5,wide (>100×),2,2710370560,square only,19,0,all square matrices symmetric/Hermitian,19,19,0,real only,19,0,coherent family/series,"Mycielski graph adjacency matrices                                              
                                                                                
matrices/Mycielski/README. Scott Kolodziej, June 27, 2018.                      
                                                                                
The Mycielskian graph sequence generates graphs that are triangle-free          
and with a known chromatic number (i.e. the minimum number of colors            
required to color the vertices of the graph). The sequence starts with a        
2 vertex, 1 edge graph (denoted M2) and repeatedly generates subsequent         
graphs by applying the Mycielskian operation.                                   
                                                                                
In MATLAB, the (sparse) Mycielskian operation can be written as follows:        
                                                                                
function M_new = mycielski(M)                                                   
    [n,~] = size(M);                                                            
    m = nnz(M);                                                                 
    M_new = sparse([], [], [], 2*n+1, 2*n+1, 3*m+n);                            
    M_new(1:n, 1:n) = M;                                                        
    M_new((n+1):2*n, :) = sparse([M sparse(n,n) ones(n,1)]);                    
    M_new(:, (n+1):2*n) = sparse([M; sparse(n,n); ones(1,n)]);                  
end                                                                             
                                                                                
More abstractly, the structure of the Mycielskian operation can be represented  
by the block matrix below:                                                      
                              n     n   1                                       
                            _____ _____ _                                       
                           |     |     | |                                      
                         n |  M  |  M  |0|                                      
                           |_____|_____|_|                                      
                M_new =    |     |     | |                                      
                         n |  M  |  0  |1|                                      
                           |_____|_____|_|                                      
                         1 |  0  |  1  |0|                                      
                            -------------                                       
                                                                                
Known properties of the Mycielskian operation include the following:            
                                                                                
 * If a graph has a minimum chromatic number k, the Mycielskian of that graph   
   has a minimum chromatic number of k + 1.                                     
 * If a graph is triangle-free (i.e. no cycles of length 3 exist), so is the    
   Mycielskian of that graph.                                                   
 * If a graph has a Hamiltonian cycle, so does the Mycielskian of that graph.   
 * If a graph is factor-critical, so is the Mycielskian of that graph, meaning  
   that every subgraph of |V|-1 vertices has a perfect matching.                
                                                                                
Mycielski graphs were first described by Jan Mycielski in the following         
publication:                                                                    
                                                                                
    Mycielski, J., 1955. Sur le coloriage des graphes. Colloq. Math.,           
    3: 161-162.                                                                 
                                                                                
--------------------------------------------------------------------------------"
MAWI,5,MAWI Working Group Traffic Archive ( The MAWI (Measurement and Analysis on the WIDE Internet) Working,https://sparse.tamu.edu/MAWI,graph/network data,graph/network data,1.0,1,undirected weighted graph (5),1,integer (5),1,symmetric (5),18571154,226196185,12.179974653163718,moderate (4–100×),38040320,480047894,square only,5,0,all square matrices symmetric/Hermitian,5,5,0,real only,0,0,coherent family/series,"MAWI Working Group Traffic Archive (http://mawi.wide.ad.jp/mawi/):
The MAWI (Measurement and Analysis on the WIDE Internet) Working
Group is a working group that has carried out network traffic
measurement, analysis, evaluation, and verification from the
beginning of the WIDE Project. The graphs provided here were
generated from packet trace data from the WIDE backbone maintained by
the MAWI Working Group.

MAWI Datasets: Name, link, and Description

Graph 1 Num. vertices :  18571154, Edge count :  38040320
    http://mawi.wide.ad.jp/mawi/ditl/ditl2015/201512012345.html
    in 2018 GraphChallenge: 201512012345.v18571154_e38040320.tsv.gz
    in the SuiteSparse Matrix Collection: MAWI/mawi_201512012345

Graph 2 Num. vertices :  35991342, Edge count :  74485420
    http://mawi.wide.ad.jp/mawi/ditl/ditl2015/201512020000.html
    in 2018 GraphChallenge: 201512020000.v35991342_e74485420.tsv.gz
    in the SuiteSparse Matrix Collection: MAWI/mawi_201512020000

Graph 3 Num. vertices :  68863315, Edge count : 143414960
    http://mawi.wide.ad.jp/mawi/ditl/ditl2015/201512020030.html
    in 2018 GraphChallenge: 201512020030.v68863315_e143414960.tsv.gz
    in the SuiteSparse Matrix Collection: MAWI/mawi_201512020030

Graph 4 Num. vertices : 128568730, Edge count : 270234840
    http://mawi.wide.ad.jp/mawi/ditl/ditl2015/201512020130.html
    in 2018 GraphChallenge: 201512020130.v128568730_e270234840.tsv.gz
    in the SuiteSparse Matrix Collection: MAWI/mawi_201512020130

Graph 5 Num. vertices : 226196185, Edge count : 480047894
    http://mawi.wide.ad.jp/mawi/ditl/ditl2015/201512020330.html
    in 2018 GraphChallenge: 201512020330.v226196185_e480047894.tsv.gz
    in the SuiteSparse Matrix Collection: MAWI/mawi_201512020330

These matrices appear in the 2018 GraphChallenge:
see https://graphchallenge.mit.edu/data-sets

MAWILab is a database that assists researchers to evaluate their
traffic anomaly detection methods. It consists of a set of labels
locating traffic anomalies in the MAWI archive (samplepoints B and
F). The labels are obtained using an advanced graph-based methodology
that compares and combines different and independent anomaly
detectors. The data set is daily updated to include new traffic from
upcoming applications and anomalies.

You may use WIDE traffic data for only research purposes. Actions
that trespass upon users'' privacy are prohibited.

Guidelines for protecting user privacy in WIDE traffic archive:
http://mawi.wide.ad.jp/mawi/guideline.txt

In the 2018 GraphChallenge data set (and thus also in the SuiteSparse
Matrix Collection), only the connectivity of the graph is provided,
with no user information at all on the nodes or edges.  Privacy
guidelines are thus met.

Related Papers:

Kenjiro Cho.  Recursive Lattice Search: Hierarchical Heavy Hitters
Revisited.  ACM IMC 2017, London, UK, November 2017.

Romain Fontugne, Patrice Abry, Kensuke Fukuda, Darryl Veitch, Kenjiro
Cho, Pierre Borgnat, Herwig Wendt.  Scaling in Internet Traffic: a 14
year and 3 day longitudinal study, with multiscale analyses and
random projections.  IEEE/ACM Transactions on Networking, vol.25(4).
pp2152--2165. August 2017.

Midori Kato, Kenjiro Cho, Michio Honda, Hideyuki Tokuda.  Monitoring
the Dynamics of Network Traffic by Recursive Multi-dimensional
Aggregation.  OSDI2012 MAD Workshop. Hollywood, CA. October 2012.

R. Fontugne, P. Borgnat, P. Abry, K. Fukuda.  ""MAWILab: Combining
diverse anomaly detectors for automated anomaly labeling and
performance benchmarking"".  ACM CoNEXT 2010. Philadelphia, PA.
December 2010.

Pierre Borgnat, Guillaume Dewaele, Kensuke Fukuda, Patrice Abry,
Kenjiro Cho.  ""Seven Years and One Day: Sketching the Evolution of
Internet Traffic."" INFOCOM2009. Rio de Janeiro, Brazil. April 2009.

Guilaume Dewaele, Kensuke Fukuda, Pierre Borgnat, Patrice Abry,
Kenjiro Cho.  ""Extracting Hidden Anomalies using Sketch and Non
Gaussian Multiresolution Statistical Detection Procedures""
SIGCOMM2007 LSAD Workshop, Kyoto Japan.  August 2007..

Kenjiro Cho, Ryo Kaizaki and Akira Kato.  ""Aguri: An
Aggregation-based Traffic Profiler"" In Proceedings of QofIS2001
(published by Springer-Verlag in the LCNS series). September 2001.

Kenjiro Cho, Koushirou Mitsuya and Akira Kato.  ""Traffic Data
Repository at the WIDE Project"" USENIX 2000 FREENIX Track, San Diego,
CA, June 2000.

Akira KATO, Jun MURAI, Satoshi KATSUNO and Tohru ASAMI.  ""An Internet
Traffic Data Repository: The Architecture and the Design Policy""
INET99, San Jose, CA, June 1999.

MAWI data set imported into the SuiteSparse Matrix Collection on July
2018, from the 2018 GraphChallenge data set"
GenBank,5,Protein k-mer graphs generated using data from GenBank  are available below.,https://sparse.tamu.edu/GenBank,graph/network data,graph/network data,1.0,1,undirected graph (5),1,binary (5),1,symmetric (5),55042369,214005017,3.888005201956333,narrow (≤4×),117217600,465410904,square only,5,0,all square matrices symmetric/Hermitian,5,5,0,real only,5,0,coherent family/series,"Protein k-mer graphs generated using data from GenBank
https://www.ncbi.nlm.nih.gov/genbank/ are available below.
Nodes of the graph represent segments of amino acids.

Protein k-mer graphs
Name       Description
A2a.tsv    Graph 1 Num. vertices : 170728175 Edge count : 360585172
P1a.tsv    Graph 2 Num. vertices : 139353211 Edge count : 297829984
U1a.tsv    Graph 3 Nun. vertices :  67716231 Edge count : 138778562
V1r.tsv    Graph 4 Num. vertices : 214005017 Edge count : 465410904
V2a.tsv    Graph 5 Num. vertices :  55042369 Edge count : 117217600

From the 2018 GraphChallenge, https://graphchallenge.mit.edu.
Imported into the SuiteSparse Matrix Collection as ""GenBank/kmer_*""
where ""*"" is the 3-letter name above, on July 2018."
Sybrandt,2,Sybrandt: machine learning graphs from document analysis ----------------------------------------------------------------------,https://sparse.tamu.edu/Sybrandt,graph/network data,graph/network data,1.0,2,undirected weighted graph (1); undirected graph (1),2,real (1); binary (1),1,symmetric (2),30239687,183964077,6.083531122527822,moderate (4–100×),6669254694,11588725964,square only,2,0,all square matrices symmetric/Hermitian,2,2,0,real only,1,0,one broad domain; mixed matrix forms,"Sybrandt: machine learning graphs from document analysis

----------------------------------------------------------------------
MOLIERE Hypothesis Generation Network, J. Sybrandt, Clemson Univ.
----------------------------------------------------------------------

Justin Sybrandt, jsybran at clemson.edu
Matrix Name: MOLIERE_2016 Hypothesis Generation Network
Kind/Problem Domain: Term/Document Graph

This network was presented in ""MOLIERE: Automatic Biomedical Hypothesis
Generation System (KDD''17)."" Nodes in this network are either MEDLINE
documents, UMLS terms, or n-grams we extracted through ToPMine.

citation:
Justin Sybrandt (Clemson University, Clemson, SC, USA),
Michael Shtutman (University of South Carolina, Columbia, SC, USA)
Ilya Safro (Clemson University, Clemson, SC, USA),
""MOLIERE: Automatic Biomedical Hypothesis Generation System"",
23rd ACM SIGKDD Conference on Knowledge Discovery and Data Mining
August 13-17, 2017, Halifax, Nova Scotia - Canada
https://doi.org/10.1145/3097983.3098057

The original data was 0-based with nodes numbered 0 to n-1.  Converted
to 1-based for the SuiteSparse Matrix Collection, July 2018.

The graph has n=30,239,687 nodes.  Node labels are held in the char array
Problem.aux.labels.  Nodes 1 to 22,281,874 all have labels starting with
the capital letter ""P"", and are PubMed indentification numbers of the
MEDLINE documents.  Nodes 27,683,534 to n all start with the letter ""C"",
and refer to UMLS terms.  Nodes between these two sets of nodes refer to
n-grams; none of them start with P or C (or any capital letter). The
label of the kth node is also the kth line in the labels text file, and
to the kth row and column of the matrix.

The graph has 4,023,336 explicit zero edges, which are very important
to the problem.  They link automatically mined n-grams to UMLS terms
representing the same concept.  The goal is to find shortest-paths,
so an edge of zero-length is important, and not the same as no edge
at all.  The pattern of the explicit zeros is held in Problem.Zeros
in the MATLAB representation, and are part of the files for the Matrix
Market and Rutherford-Boeing formats.  To operate on the graph G in
MATLAB, use G = Problem.A + 1e-100 * Problem.Zeros, or some other
suitable tiny value.  The nonzero edge weights in the graph range in
value between 5e-15 and 3.0.  There are no negative edge weights.

The graph also has d=3,106,164 duplicate edges; it could be considered
a multigraph.  However, since the problem is to find shortest paths, the
duplicate edges are not needed.  The matrix in the SuiteSparse Matrix
Collection holds the smallest edge weight for any duplicate.  The
duplicates not in the matrix are held in Problem.aux.duplicate_edges,
as a d-by-3 dense matrix, where each row holds [i j eij] for the edge
(i,j) with weight eij.

----------------------------------------------------------------------
Sybrandt/AGATHA_2015: deep-learning graph
----------------------------------------------------------------------

AGATHA: Automatic Graph-mining And Transformer based Hypothesis
Generation Approach

Justin Sybrandt, Ilya Tyagin, Michael Shtutman, Ilya Safro
Clemson University
paper: https://arxiv.org/abs/2002.05635.

abstract: Medical research is risky and expensive. Drug discovery, as
an example, requires that researchers efficiently winnow thousands of
potential targets to a small candidate set for more thorough
evaluation. However, research groups spend significant time and money
to perform the experiments necessary to determine this candidate set
long before seeing intermediate results. Hypothesis generation systems
address this challenge by mining the wealth of publicly available
scientific information to predict plausible research directions. We
present AGATHA, a deep-learning hypothesis generation system that can
introduce data-driven insights earlier in the discovery process.
Through a learned ranking criteria, this system quickly prioritizes
plausible term-pairs among entity sets, allowing us to recommend new
research directions. We massively validate our system with a temporal
holdout wherein we predict connections first introduced after 2015
using data published beforehand. We additionally explore biomedical
sub-domains, and demonstrate AGATHA's predictive capacity across the
twenty most popular relationship types. This system achieves
best-in-class performance on an established benchmark, and demonstrates
high recommendation scores across subdomains. Reproducibility: All
code, experimental data, and pre-trained models are available online:
http://sybrandt.com/2020/agatha .

Appears in the 29TH ACM Intl. Conf. on Information and Knowledge
Management, Oct 2020.  https://www.cikm2020.org/

Details of this matrix:

This matrix represents the semantic graph associated with the Agatha
hypothesis generation system: https://arxiv.org/abs/2002.05635.

The matrix was created by selecting all biomedical papers published
prior to January 1st 2015. We extracted terms, phrases, entities, and
author-supplied metadata keywords for each. In addition we identify all
SemRep predicate arguments. Each sentence, term, phrase, entity, and
predicate represents a node. Edges follow a particular schema,
described in detail in the paper. Most edges indicate that two nodes
co-occur. For instance, if a sentence contains a term, then an edge
exists between the two nodes. We introduce a set of edges between
sentences based on the nearest-neighbors network of sentence
embeddings.

The graph is really big, consisting of 183,964,077 nodes and
11,588,725,964 entries (half that many edges since the matrix is
symmetric).

Each node has a label, consisting of a
character string, with a length ranging from 0 to 782 characters.
The mean string lenth is 17.4.  A single node (171,649,101 in 1-based
notation) has a label of length zero, and is an artifact from how the
original data was processed.  All other node labels range in length
from 3 to 782.  The longest string comes from the following paper:
https://pubmed.ncbi.nlm.nih.gov/183954/ which states: ""The primary
structure of the enzyme was determined: Ac-Met-Glu-...--Ala-Leu-Lys.""

To save space in the MATLAB representation, the node labels are held
in a single character array, Problem.aux.names, where each label is
terminated with a newline character. To extract the label of any
given node, do the following:

   names = Problem.aux.names ;
   p = [1 find(names==10)+1] ;
   label = names (p(i):p(i+1)-2) ;

For example, to list all nodes with labels of length 0 to 4:

   p = [1 find(names==10)+1] ;
   d = diff (p) ;
   for len = 0:4
       fprintf ('\\nnodes with labels of length %d:\\n', len) ;
       nodes = find (d == len+1) ;
       for i = nodes
           fprintf ('%12d: [%s]\\n', i, names (p(i):p(i+1)-2)) ;
       end
   end"
Guettel,3,"3D Transient Electromagnetic Modelleing, Stefan Guettel, Univ Manchester The TEM problem relates to the time-dependent modelling of a transient",https://sparse.tamu.edu/Guettel,electromagnetics/acoustics,electromagnetics/acoustics,1.0,1,electromagnetics problem (3),1,real (3),1,symmetric (3),27623,181302,6.563443507222242,moderate (4–100×),439469,7839010,square only,3,0,all square matrices symmetric/Hermitian,3,3,0,real only,0,3,coherent family/series,"3D Transient Electromagnetic Modelleing, Stefan Guettel, Univ Manchester

The TEM problem relates to the time-dependent modelling of a transient
electromagnetic field in geophysical exploration. The set contains a
matrix pencil (C,M) and an initial value vector q, corresponding to a
Nedelec finite element discretization of Maxwell's equations for the
electric field density e(t). The curl-curl matrix C is symmetric
positive semi-definite and the mass matrix M is symmetric positive
definite. The problem to be solved is a linear initial value problem

   M*e'(t) = C*e(t),  M*e(0) = q,

for logarithmically distributed time points t in the interval
[1e-6,1e-3].

There are three test sets which are described in the following
publication:

@article{BEG2015,
  title={Three-dimensional transient electromagnetic modelling using
    rational {K}rylov methods},
  author={B{\\""o}rner, Ralph-Uwe and Ernst, Oliver G and G{\\""u}ttel,
    Stefan},
  journal={Geophysical Journal International},
  volume={202},
  number={3},
  pages={2025--2043},
  year={2015},
  publisher={Oxford University Press}
}

The problem details are

TEM27623: section 5.1 in the above paper; layered half-space problem
discretized by 24582 tetrahedral elements of order 1 giving rise to
27623 degrees of freedom.

TEM152078: section 5.1 in the above paper; layered half-space problem
discretized by 24582 tetrahedral elements of order 2 giving rise to
152078 degrees of freedom.

TEM181302: section 5.2 in the above paper; homogeneous subsurface with
topography discretized by 28849 tetrahedral elements of order 2 giving
rise to 181302 degrees of freedom."
Grueninger,2,"Wind tunnel evaporation, Christoph Grueninger, Univ. Stuttgart Source: Christoph Grueninger, pr at grueninger.de",https://sparse.tamu.edu/Grueninger,fluids/transport,fluids/transport,1.0,1,computational fluid dynamics problem (2),1,real (2),1,unsymmetric (2),8256,40816,4.9437984496124034,moderate (4–100×),109368,803978,square only,2,0,no square matrix exactly symmetric/Hermitian,0,2,0,real only,0,2,coherent family/series,"Wind tunnel evaporation, Christoph Grueninger, Univ. Stuttgart

Source: Christoph Grueninger, pr at grueninger.de
Stuttgart Research Centre for Simulation Technology,
Univ. of Stuttgart, Germany

Matrix files: windtunnel-evaporation-(2|3)d-time4-newton1.mat
Right-hand sides: windtunnel-evaporation-(2|3)d-time4-newton1-rhs.mat

== Background ==
The matrix origins from a simulation of soil-water evaporation from a
water-filled sand box to air in a pipe. It is based on a coupled
Navier-Stokes/Darcy model. The Navier-Stokes model features one fluid
phase, the Darcy model two fluid phases. Each fluid phase may be composed
of two components, in addition, non-isothermal processes are considered.
A cell-centered finite volume method (FVM) is combined with a marker and
cell (MAC) scheme. The coupled problem is compiled in one monolithic
system and solved using Newton's method. The given matrix occurs at the
4th time-step in the 1st Newton step.

== Publication and software==
The related model and the software is described in:
  Christoph Gr\\""uninger, Thomas Fetzer, Bernd Flemisch, Rainer Helmig:
  ""Coupling DuMuX and DUNE-PDELab to investigate evaporation
  at the interface between Darcy and Navier-Stokes flow""
  SimTech Technical Report 2017 - 1, 2017.
  doi: 10.18419/opus-9360
  https://elib.uni-stuttgart.de/handle/11682/9377?mode=simple

abstract:
An implementation of a coupled Navier-Stokes/Darcy model based on
different Dune discretization modules is presented. The Darcy model is
taken from DuMuX, the Navier-Stokes model is implemented on top of
Dune-PDELab, and the coupling is done with help of Dune-MultiDomain
together with some project-specific auxiliary code. The Navier-Stokes
model features one fluid phase, the Darcy model two fluid phases. Each
fluid phase may be composed of two components, in addition,
non-isothermal processes are considered. The coupling between free and
porous-medium flow uses a sharp interface between both subdomains and
conserves mass, momentum, and energy by accounting for the corresponding
fluxes across the interface. A cell-centered finite volume method (FVM)
is combined with a marker and cell (MAC) scheme. It solves the coupled
problem in one monolithic system using a Newton method and a direct
linear solver.  Numerical results demonstrate the basic functioning and a
lab-scale reference application.

The software to reproduce the matrices is available as open source:
https://git.iws.uni-stuttgart.de/dumux-pub/Grueninger2017b"
PowerSystem,1,Power system matrix,https://sparse.tamu.edu/PowerSystem,electrical/circuit/device,electrical/circuit/device,1.0,1,power network problem (1),1,real (1),1,unsymmetric (1),197156,197156,1.0,one size,805839,805839,square only,1,0,no square matrix exactly symmetric/Hermitian,0,0,0,real only,0,0,single matrix,Power system matrix
TAMU_SmartGridCenter,3,Texas A&M Smart Grid Center: synthetic (yet realistic) power system grids Group name: TAMU_SmartGridCenter,https://sparse.tamu.edu/TAMU_SmartGridCenter,electrical/circuit/device,electrical/circuit/device,1.0,1,power network problem (3),1,real (3),2,unsymmetric (2); symmetric (1),4000,69999,17.49975,moderate (4–100×),28505,238627,square only,3,0,mixed among square matrices,1,3,0,real only,0,0,one broad domain; mixed matrix forms,"Texas A&M Smart Grid Center: synthetic (yet realistic) power system grids

Group name: TAMU_SmartGridCenter

Synthetic electric grid models are fictitious representations that are
designed to be statistically and functionally similar to actual electric
grids while containing no confidential critical energy infrastructure
information (CEII).  Some of these cases were developed with the support
of the U.S. DOE ARPA-E Grid Data program; their support is gratefully
acknowledged. 

For more information and full datasets, see:
https://electricgrids.engr.tamu.edu/electric-grid-test-cases/ 

A. B. Birchfield; T. Xu; K. M. Gegner; K. S. Shetye; T. J. Overbye, ""Grid
Structural Characteristics as Validation Criteria for Synthetic Networks,""
in IEEE Transactions on Power Systems, vol. 32, no. 4, pp. 3258-3265, July
2017.

A. B. Birchfield, E. Schweitzer, H. Athari, T. Xu, T. J. Overbye, A.
Scaglione, and Z.Wang, ""Validation metrics to assess the realism of
synthetic power grids,"" Energies, vol. 10, no. 8, p. 1233, Aug. 2017.

A. B. Birchfield, T. Xu, and T. J. Overbye, ""Power flow convergence and
reactive power planning in the creation of large synthetic grids,"" in IEEE
Transactions on Power Systems, 2018.

----------------------------------------------------------------------
Matrix: ACTIVSg2000

Title: Power flow Jacobian for a synthetic 2000-bus power grid

Description:
ACTIVSg2000 is a 2000-bus power system dataset that is entirely synthetic,
built from public information and a statistical analysis of real power
systems.  Its geographic footprint is Texas, but it bears no relation to
any actual grid, except that generation and load profiles are similar,
based on public data. This matrix is the power flow Jacobian for the peak
planning operating point.

The full dataset can be downloaded at:
https://electricgrids.engr.tamu.edu/electric-grid-test-cases/activsg2000/

----------------------------------------------------------------------
Matrix: ACTIVSg10K
Title: Power flow Jacobian for a synthetic 10,000-bus power grid
Description:

ACTIVSg10K is a 10,000-bus power system dataset that is entirely
synthetic, built from public information and a statistical analysis of
real power systems.  Its geographic footprint is the Western United
States, but it bears no relation to any actual grid, except that
generation and load profiles are similar, based on public data. This
matrix is the power flow Jacobian for the peak planning operating point.

The full dataset can be downloaded at:
https://electricgrids.engr.tamu.edu/electric-grid-test-cases/activsg10K/

----------------------------------------------------------------------
Matrix: ACTIVSg70K
Title: Linearized or ""dc"" power flow susceptance matrix for a synthetic
70,000-bus power grid

Description:
ACTIVSg70K is a 70,000-bus power system dataset that is entirely
synthetic, built from public information and a statistical analysis of
real power systems.  Its geographic footprint is the Eastern United
States, but it bears no relation to any actual grid, except that
generation and load profiles are similar, based on public data. This
matrix is the linearized or ""dc"" power flow susceptance matrix. 

The full dataset can be downloaded at:
https://electricgrids.engr.tamu.edu/electric-grid-test-cases/activsg70K/"
Embree,1,"Fluid stability problem from IFISS package, Mark Embree, Virginia Tech The matrix comes from a shift-invert eigenvalue computation that arises",https://sparse.tamu.edu/Embree,fluids/transport,fluids/transport,1.0,1,computational fluid dynamics (1),1,real (1),1,unsymmetric (1),96307,96307,1.0,one size,3599932,3599932,square only,1,0,no square matrix exactly symmetric/Hermitian,0,1,0,real only,0,1,single matrix,"Fluid stability problem from IFISS package, Mark Embree, Virginia Tech

The matrix comes from a shift-invert eigenvalue computation that arises
during linear stability analysis of a 2D backward facing step.  The
discretizations were created with IFISS, which we also use to compute the
steady-state flow whose stability we are assessing.

Created by the IFISS package, by David Silvester (School of Mathematics,
Univ. of Manchester), Howard Elman (Computer Science, Univ. of Maryland),
and Alison Ramage (Dept. of Mathematics and Statistics, Univ. of
Strathclyde).  http://www.maths.manchester.ac.uk/~djs/ifiss/

This matrix requires one step of iterative refinement after LU
factorization.  x=A\\b in MATLAB (using UMFPACK) does iterative refinement
by default but with just lu, no iterative refinement is done:

    In MATLAB R2014a:
    x = randn(96307,1);
    b = A*x;
    x1 = A\\b;
    norm(x-x1) is 1.1045984e-12
    norm(b-A*x1) is 9.3538018e-15

    [L,U,P,Q,R] = lu(A);
    x2 = Q*(U\\(L\\(P*(R\\b))));
    norm(x-x2) is 4.9150874e-05
    norm(b-A*x2) is 4.0055911e-07

The matrix is well conditioned, with singular values ranging from
1.003 to 2e-5.  The singluar values themselves are in
Problem.aux.singular_values.  The need for iterative refinement
comes from the threshold partial pivoting in UMFPACK, which tries
to balance reduction in fill with finding good numerical pivots.
Thus UMFPACK uses iterative refinement with sparse backward error using
the method described in Arioli, Demmel, and Duff, ""Sovling sparse linear
systems with sparse backward error"", SIAM J. Matrix Analysis & Applic,
vol 10, no 2, pp 165-190, Apr 1989).

The matrix itself is described in this paper:

https://arxiv.org/abs/1601.00044

Pseudospectra of Matrix Pencils for Transient Analysis of
Differential-Algebraic Equations

Mark Embree, Blake Keeler
(Submitted on 1 Jan 2016 (v1),
last revised 27 Jun 2017 (this version, v3))

To understand the solution of a linear, time-invariant
differential-algebraic equation, one must analyze a matrix pencil (A,E)
with singular E. Even when this pencil is stable (all its finite
eigenvalues fall in the left-half plane), the solution can exhibit
transient growth before its inevitable decay. When the equation results
from the linearization of a nonlinear system, this transient growth gives
a mechanism that can promote nonlinear instability. One might hope to
enrich the conventional large-scale eigenvalue calculation used for
linear stability analysis to signal the potential for such transient
growth. Toward this end, we introduce a new definition of the
pseudospectrum of a matrix pencil, use it to bound transient growth,
explain how to incorporate a physically-relevant norm, and derive
approximate pseudospectra using the invariant subspace computed in
conventional linear stability analysis. We apply these tools to several
canonical test problems in fluid mechanics, an important source of
differential-algebraic equations."
Hardesty,3,"Surface fitting problem for visualization, Sean Hardesty Visualization of 3D structures in the earth",https://sparse.tamu.edu/Hardesty,imaging/graphics/robotics,imaging/graphics/robotics,1.0,1,computer graphics/vision problem (3),2,real (2); integer (1),2,rectangular (2); symmetric (1),929901,8217820,8.837306336911134,moderate (4–100×),4020731,40451632,mixed,1,2,all square matrices symmetric/Hermitian,1,1,0,real only,0,3,one broad domain; mixed matrix forms,"Surface fitting problem for visualization, Sean Hardesty

Visualization of 3D structures in the earth

The Hardesty3 matrix is an interpolation matrix stacked above a
weighted Laplacian, to to fit a surface z(x,y) to a set of points
in R^3 subject to a smoothness constraint enforced via regularization.
Hardesty2 is a smaller version of this problem.

For the big matrix (Hardesty/Hardesty3), sparse QR (via SuiteSparseQR,
or SPQR) finds an R factor and a set of Householder vectors (Q.H) with
about 150 million nonzeros.  Sparse LU factorization (with UMFPACK
v5.7.1) sees very high fillin (about 2.5 billion nonzeros in L+U).

The Hardesty1 matrix is a simple discretization of a 2D biharmonic
operator with some Lagrange multiplier constraints used for smoothing."
VLSI,14,VLSI: semiconductor device and process simulation Process and Device Simulation matrices: nv1 and nv2 are very ill-conditioned.,https://sparse.tamu.edu/VLSI,electrical/circuit/device,electrical/circuit/device,1.0,2,semiconductor device problem (8); semiconductor process problem (6),1,real (14),1,unsymmetric (14),46994,11449533,243.63818785376856,wide (>100×),845089,349321980,square only,14,0,no square matrix exactly symmetric/Hermitian,0,8,0,real only,0,14,coherent family/series,"VLSI: semiconductor device and process simulation

Process and Device Simulation matrices: nv1 and nv2 are very ill-conditioned.
Device simulation matrices in this set:
   nv1, nv2, imagesensor, mosfet2, power9, radiation, test1, dgreen
Process simulation matrices in this set:
   vas_stokes_1M, vas_stokes_2M, vas_stokes_4M, stokes, ss1, ss

Source: these are real matrices from industry.  The submittor
requested that their name and company be withheld.

Added to the collection in January 2019."
Martin,1,"Martin/marine1: chemical oceanography; a marine nitrogen cycle inverse model A matrix submitted by Taylor Martin, Stanford, discussed the following paper:",https://sparse.tamu.edu/Martin,fluids/transport,fluids/transport,1.0,1,chemical oceanography problem (1),1,real (1),1,unsymmetric (1),400320,400320,1.0,one size,6226538,6226538,square only,1,0,no square matrix exactly symmetric/Hermitian,0,0,0,real only,0,0,single matrix,"Martin/marine1: chemical oceanography; a marine nitrogen cycle inverse model

A matrix submitted by Taylor Martin, Stanford, discussed the following paper:

Title: Modeling oceanic nitrite concentrations and isotopes using a 3D
inverse N cycle model
Authors: Taylor S. Martin(1), Francois Primeau(2), and Karen L. Casciotti(1)
(1) Stanford University, Department of Earth System Science
(2) University of California, Irvine, Department of Earth System Science
Received: 05 Sep 2018
Abstract. Nitrite (NO2-) is a key intermediate in the marine nitrogen (N) cycle
and a substrate in nitrification, which produces nitrate (NO3-), as well as
water column N loss processes, denitrification and anammox. In models of the
marine N cycle, NO2- is often not considered as a separate state variable,
since NO3- occurs in much higher concentrations in the ocean. In oxygen
deficient zones (ODZs), however, NO2- represents a substantial fraction of the
bioavailable N, and modeling its production and consumption is important to
understanding the N cycle processes occurring there, especially those where
bioavailable N is lost from or retained within the water column. Here we
present the expansion of a global 3D inverse N cycle model to include NO2- as a
reactive intermediate as well as the processes that produce and consume NO2- in
marine ODZs. NO2- accumulation in ODZs is accurately represented by the model
involving NO3- reduction, NO2- reduction, NO2- oxidation, and anammox. We model
both 14N and 15N and use a compilation of oceanographic measurements of NO3-
and NO2- concentrations and isotopes to place a better constraint on the N
cycle processes occurring. The model is optimized using a range of isotope
effects for denitrification and NO2- oxidation, and we find that the larger
(more negative) inverse isotope effects for NO2- oxidation along with
relatively high rates of NO2- oxidation give a better simulation of NO3- and
NO2- concentrations and isotopes in marine ODZs.

How to cite: Martin, T. S., Primeau, F., and Casciotti, K. L.: Modeling
oceanic nitrite concentrations and isotopes using a 3D inverse N cycle model,
Biogeosciences Discuss., https://doi.org/10.5194/bg-2018-397, in review, 2018."
Negre,1,"Negre: phenyl dendrimer density matrix, for graph partitioning The phenyl dendrimer structure is composed of 22 covalently bonded",https://sparse.tamu.edu/Negre,chemistry/biology,chemistry/biology,1.0,1,computational chemistry problem (1),1,real (1),1,symmetric (1),730,730,1.0,one size,63024,63024,square only,1,0,all square matrices symmetric/Hermitian,1,1,0,real only,0,0,single matrix,"Negre: phenyl dendrimer density matrix, for graph partitioning

The phenyl dendrimer structure is composed of 22 covalently bonded
phenyl groups. The density matrix hereby uploaded accounts for the
connectivity of 730 orbitals. This matrix has been used as a substrate
for implementing a graph-partitioning method using the D-wave quantum
annealer. See: https://dl.acm.org/citation.cfm?id=3149531

Christian F. A. Negre, Los Alamos National Lab, cnegre@lanl.gov

Graph Partitioning Using Quantum Annealing on the D-Wave System,
H. Ushijima-Mwesigwa, C. F. A. Negre, and S. M. Mniszewski,
Proc. of 2nd Intl. Workshop on Post Moore's Era Supercomputing,
(PMES17) 2017, Denver, CO, USA, 22--29, ACM.

Abstract:
Graph partitioning (GP) applications are ubiquitous throughout
mathematics, computer science, chemistry, physics, bio-science, machine
learning, and complex systems. Post Moore's era supercomputing has
provided us an opportunity to explore new approaches for traditional
graph algorithms on quantum computing architectures. In this work, we
explore graph partitioning using quantum annealing on the D-Wave 2X
machine. Motivated by a recently proposed graph-based electronic
structure theory applied to quantum molecular dynamics (QMD) simulations,
graph partitioning is used for reducing the calculation of the density
matrix into smaller subsystems rendering the calculation more
computationally efficient. Unconstrained graph partitioning as community
clustering based on the modularity metric can be naturally mapped into
the Hamiltonian of the quantum annealer. On the other hand, when
constraints are imposed for partitioning into equal parts and minimizing
the number of cut edges between parts, a quadratic unconstrained binary
optimization (QUBO) reformulation is required. This reformulation may
employ the graph complement to fit the problem in the Chimera graph of
the quantum annealer. Partitioning into 2 parts and k parts concurrently
for arbitrary k are demonstrated with benchmark graphs, random graphs,
and small material system density matrix based graphs. Results for graph
partitioning using quantum and hybrid classical-quantum approaches are
shown to be comparable to current ""state of the art"" methods and
sometimes better."
Precima,1,"Precima: data analytics problem Submitted by Carl Ugaz, Precima, Inc. CUgaz@precima.com",https://sparse.tamu.edu/Precima,data analytics,data analytics,1.0,1,data analytics problem (1),1,real (1),1,symmetric (1),303813,303813,1.0,one size,2006126,2006126,square only,1,0,all square matrices symmetric/Hermitian,1,1,0,real only,0,0,single matrix,"Precima: data analytics problem

Submitted by Carl Ugaz, Precima, Inc.  CUgaz@precima.com

The matrix is nonsingular, ill-conditioned,, and symmetric indefinite.
If factorized with KLU, best results are obtained if the permutation to
block triangular form (BTF) is not used, because it breaks the symmetry
of the pattern.

The matrix is nonsingular, and symmetric indefinite.  If factorized with
KLU, best results are obtained if the permutation to block triangular
form (BTF) is not used, because it breaks the symmetry of the pattern.

Ignoring the diagonal (which has some zero entries and some nonzero)
the undirected graph of A divides into 41,422 connected components.
Of those, 40,966 are single nodes, and 451 components have between
4 and 90 nodes.  The remaining 5 components have 93738, 89686, 40319,
15884, and 4289 nodes, respectively."
GAP,5,"GAP Benchmark matrices: Scott Beamer, Krste Asanovic', and David Patterson. as described in ""The GAP Benchmark Suite"",  .",https://sparse.tamu.edu/GAP,graph/network data,graph/network data,1.0,2,directed weighted graph (3); random undirected weighted graph (2),1,integer (5),2,symmetric (3); unsymmetric (2),23947347,134217728,5.604701347502084,moderate (4–100×),57708624,4294966740,square only,5,0,mixed among square matrices,3,3,0,real only,0,0,one broad domain; mixed matrix forms,"GAP Benchmark matrices: Scott Beamer, Krste Asanovic', and David Patterson.
as described in ""The GAP Benchmark Suite"", https://arxiv.org/abs/1508.03619 .

(1) GAP-twitter (|V|=61.6M, |E|=1,468.4M, directed) is an example of a
    social network topology [18]. This particular crawl of Twitter
    has been commonly used by researchers and thus eases comparisons
    with prior work. By virtue of it coming from real-world data, it
    has interesting irregularities and the skew in its degree
    distribution can be a challenge for some implementations.

    [18] Haewoon Kwak, Changhyun Lee, Hosung Park, and Sue Moon.
    What is Twitter, a social network or a news media? International
    World Wide Web Conference (WWW), 2010.

    A permuted version of this matrix appears as SNAP/twitter7 in
    the SuiteSparse Matrix Collection.

(2) GAP-web (|V|=50.6M, |E|=1,949.4M, directed) is a web-crawl of the
    .sk domain (sk-2005) [9].  Despite its large size, it exhibits
    substantial locality due to its topology and high average
    degree.

    The matrix comes from the Laboratory for Web Algorithmics (LAW), Universita
    degli Studi di Milano, http://law.di.unimi.it/index.php.

    The pattern of this GAP-web matrix also appears as LAW/sk-2005, in the
    SuiteSparse Matrix Collection.

(3) GAP-road (|V|=23.9M, |E|=58.3M, directed) is the distances of all of
    the roads in the USA [10].  Although it is substantially smaller
    than the rest of the graphs, it has a high diameter which can
    cause some synchronous implementations to have long runtimes.

    [10] 9th DIMACS implementation challenge -- shortest paths.
    http://www.dis.uniroma1.it/challenge9/, 2006.

    The pattern of the GAP-road matrix also appears as DIMACS10/road_usa
    in the SuiteSparse Matrix Collection.

(4) GAP-kron (|V|=134.2M, |E|=2,111.6M, undirected) uses the Kronecker
    synthetic graph generator [19] with the same parameters as
    Graph 500 (A=0.57, B=C=0.19, D=0.05) [14]. It has been used
    frequently in research due to Graph 500, so it also provides
    continuity with prior work.

    [19] Jurij Leskovec, Deepayan Chakrabarti, Jon Kleinberg, and
    Christos Faloutsos. Realistic, mathematically tractable graph
    generation and evolution, using Kronecker multiplication.
    European Conference on Principles and Practice of Knowledge
    Discovery in Databases, 2005.

    [14] Graph500 benchmark. www.graph500.org.

(5) GAP-urand (|V|=134.2M, |E|=2,147.4M, undirected) is synthetically
    generated by the Erdos– Reyni model (Uniform Random) [11]. With
    respect to locality, it represents the worst case as every
    vertex has equal probability of being a neighbor of every other
    vertex. When contrasted with the similarly sized kron graph, it
    demonstrates the impact of kron’s scale-free property.

    [11] Paul Erdos and Alfred Reyni. On random graphs. I.
    Publicationes Mathematicae, 6:290–297, 1959."
ML_Graph,36,"ML_Graph: adjacency matrices from machine learning datasets, Olaf Schenk. The following adjacency matrices were used in the numerical experiments in:",https://sparse.tamu.edu/ML_Graph,graph/network data,graph/network data,1.0,1,undirected weighted graph (36),1,real (36),1,symmetric (36),106,38547,363.6509433962264,wide (>100×),1412,618158,square only,36,0,all square matrices symmetric/Hermitian,36,36,0,real only,0,0,coherent family/series,"ML_Graph: adjacency matrices from machine learning datasets, Olaf Schenk.

The following adjacency matrices were used in the numerical experiments in:

D. Pasadakis, C.L. Alappat, O. Schenk, and G. Wellein, ""Multiway p-spectral
graph cuts on Grassmann manifolds,"" Machine Learning 111, 791–829, 2022,
https://doi.org/10.1007/s10994-021-06108-1

-------------------------------------------------------------------------------
Graph Creation
-------------------------------------------------------------------------------

For all the graphs in the folder, for $n$ data points, the connectivity matrix
$G \\in \\mathbb{R}^{n\\times n}$ is created from a k nearest neighbors routine,
with k set such that the resulting graph is connected. The similarity matrix
$S \\in \\mathbb{R}^{n\\times n}$ between the data points is defined as
\\begin{equation}
    s_{ij} = \\max\\{s_i(j), s_j(i)\\} \\;\\; \\text{with}\\;
    s_i(j) = \\exp (-4 \\frac{\\|x_i - x_j \\|^2}{\\sigma_i^2} )
\\end{equation}
with $\\sigma_i$ standing for the Euclidean distance between the $i$th data point
and its nearest k-nearest neighbor. The adjacency matrix $W$ is then created
as

\\begin{equation}
    W = G \\odot S.
\\end{equation}

Besides the adjacency matrices $W$, the node labels for each graph are part of
the submission.  If the graph has c classes, the node labels are integers in
the range 0 to c-1.

-------------------------------------------------------------------------------
Description of matrices
-------------------------------------------------------------------------------

For a more detailed description of the datasets, and references of the sources
the datasets were obtained from, see the paper cited in the beginning of this
description.

    Graphs from various machine learning datasets

    Name             Neighbours            Nodes      Edges     Classes
har_10NN                  10               10299      75868          6  
indianpines_10NN          10                9144      62328          8  
JapaneseVowels_10NN       10                9961      65572          9  
worms20_10NN              10               20055     120413         20  
optdigits_10NN            10                5620      39825         10  
Vehicle_10NN              10                 846       5447          4  
mfeatkarhunen_10NN        10                2000      13834         10  
mfeatfactors_10NN         10                2000      13721         10  
mfeatmorphological_10NN   10                2000      11416         10  
mfeatpixel_10NN           10                2000      13966         10  
mfeatzernike_10NN         10                2000      13707         10  
semeion_10NN              10                1593      11113         10  
mice_10NN                 10                1077       6742          8  
yeast_30NN                30                1484      31175         12  
cnae9_10NN                10                1080       9139          9  
dermatology_5NN            5                 366       1220          6  
iris_30NN                 30                 150       2759          3  
Ecoli_10NN                10                 336       2280          8  
Binaryalphadigs_10NN      10                1404       9696         36  
Glass_10NN                10                 214       1493          6  
collins_15NN              15                1000       8246         30  
micromass_10NN            10                 571       4834         20  
breasttissue_10NN         10                 106        706          6  
Plants_10NN               10                1600      10965        100  
plantsmargin_12NN         12                1600      12741        100  
plantstexture_10NN        10                1599      10602        100  
Spectro_10NN              10                 531       3711         48  

    Graphs from image classification problems. The RGB values are normalised 
    in the interval [0,1].

    Name             Neighbours            Nodes      Edges     Classes
usps_norm_5NN             5                11000      40556         10 
Fashion_MNIST_norm_10NN  10                10000      79152         10 
kmnist_norm_10NN         10                10000      78466         10 
k49_norm_10NN            10                38547     309079         49 
mnist_test_norm_10NN     10                10000      72800         10 
YaleB_10NN               10                 2414       8568         10 
umistfacesnorm_10NN      10                  575       3495         20 
YaleA_10NN               10                  165       1134         10 
Olivetti_norm_10NN       10                  400       2828         40"
FlowIPM22,11,FlowIPM22: Laplacians from Newton-Steps of Maxflow Short-step IPM on Chimera Graphs A collection of matrices arising from solving maximum flow problems on a,https://sparse.tamu.edu/FlowIPM22,graph/network data,graph/network data,1.0,1,undirected weighted graph (11),1,real (11),1,symmetric (11),100000,72180402,721.80402,wide (>100×),499696,216902404,square only,11,0,all square matrices symmetric/Hermitian,11,11,4,real only,0,0,coherent family/series,"FlowIPM22: Laplacians from Newton-Steps of Maxflow Short-step IPM on Chimera Graphs

A collection of matrices arising from solving maximum flow problems on a
diverse collection of graphs (known as Chimeras) using a short-step
interior point method. The Laplacian matrices arise when computing Newton
steps of the interior point method.

The matrices are symmetric graph Laplacians, meaning they are symmetric
diagonally dominant matrices with non-positive off-diagonals and row sums
equal to zero.

Generated by Yuan Gao, Rasmus Kyng, and Daniel Spielman. 2022.

References:

data set: https://www.spe.org/web/csp/datasets/set02.htm

An Algebraic Sparsified Nested Dissection Algorithm Using Low-Rank
Approximations Léopold Cambier, Chao Chen, Erik G. Boman, Sivasankaran
Rajamanickam, Raymond S. Tuminaro, and Eric Darve
SIAM Journal on Matrix Analysis and Applications, vol 41, no 2,
pp 715-746, 2020.  https://epubs.siam.org/doi/10.1137/19M123806X"
