group,matrix_count,diversity_label,categorical_diversity_score,mixed_attribute_count_dominant_share_lt_0_90,distinct_kinds,dimension_log10_span,nnz_log10_span,nentries_log10_span,matrices_with_explicit_zeros,explicit_zero_count_total,nrows_min,nrows_median,nrows_max,ncols_min,ncols_median,ncols_max,nnz_min,nnz_median,nnz_max,nentries_min,nentries_median,nentries_max,pattern_symmetry_min,pattern_symmetry_median,pattern_symmetry_max,numerical_symmetry_min,numerical_symmetry_median,numerical_symmetry_max,shape_counts,dominant_shape,dominant_shape_share,structure_counts,dominant_structure,dominant_structure_share,entry_type_counts,dominant_entry_type,dominant_entry_type_share,exact_symmetry_counts,dominant_exact_symmetry,dominant_exact_symmetry_share,positive_definite_counts,dominant_positive_definite,dominant_positive_definite_share,kind_counts,dominant_kind,dominant_kind_share,structural_full_rank_counts,dominant_structural_full_rank,dominant_structural_full_rank_share,is_2d3d_counts,dominant_is_2d3d,dominant_is_2d3d_share,cholesky_candidate_counts,dominant_cholesky_candidate,dominant_cholesky_candidate_share,size_band_counts,dominant_size_band,dominant_size_band_share,smallest_nrows_matrices,largest_nrows_matrices,smallest_ncols_matrices,largest_ncols_matrices,smallest_nnz_matrices,largest_nnz_matrices,smallest_nentries_matrices,largest_nentries_matrices
ACUSIM,1,small_group_lt5,0.0,0,1,0.0,0.0,0.0,0,0,14822,14822,14822,14822,14822,14822,715804,715804,715804,715804,715804,715804,1.0,1,1.0,1.0,1,1.0,square:1,square,1.0,symmetric:1,symmetric,1.0,real:1,real,1.0,exact_numerical_or_hermitian:1,exact_numerical_or_hermitian,1.0,yes:1,yes,1.0,computational fluid dynamics problem:1,computational fluid dynamics problem,1.0,true:1,true,1.0,yes:1,yes,1.0,yes:1,yes,1.0,10k_to_100k:1,10k_to_100k,1.0,ACUSIM/Pres_Poisson=14822,ACUSIM/Pres_Poisson=14822,ACUSIM/Pres_Poisson=14822,ACUSIM/Pres_Poisson=14822,ACUSIM/Pres_Poisson=715804,ACUSIM/Pres_Poisson=715804,ACUSIM/Pres_Poisson=715804,ACUSIM/Pres_Poisson=715804
AG-Monien,32,mixed_some_attributes,0.03125,1,2,3.670352,3.69838,3.69838,0,0,224,9400,1048576,224,9400,1048576,840,42303,4194298,840,42303,4194298,1.0,1,1.0,1.0,1,1.0,square:32,square,1.0,symmetric:32,symmetric,1.0,binary:32,binary,1.0,exact_numerical_or_hermitian:32,exact_numerical_or_hermitian,1.0,no:32,no,1.0,2D/3D problem:26; undirected graph sequence:6,2D/3D problem,0.8125,false:7; missing:6; true:19,true,0.59375,no:6; yes:26,yes,0.8125,no:32,no,1.0,100k_to_1m:1; 10k_to_100k:13; 1k_to_10k:12; ge_1m:1; lt_1k:5,10k_to_100k,0.40625,AG-Monien/grid1_dual=224,AG-Monien/debr=1048576,AG-Monien/grid1_dual=224,AG-Monien/debr=1048576,AG-Monien/grid1_dual=840,AG-Monien/debr=4194298,AG-Monien/grid1_dual=840,AG-Monien/debr=4194298
AMD,2,small_group_lt5,0.0,0,1,1.023774,1.022936,1.022936,0,0,150102,867790,1585478,150102,867790,1585478,726674,4193750,7660826,726674,4193750,7660826,1.0,1,1.0,1.0,1,1.0,square:2,square,1.0,symmetric:2,symmetric,1.0,real:2,real,1.0,exact_numerical_or_hermitian:2,exact_numerical_or_hermitian,1.0,yes:2,yes,1.0,circuit simulation problem:2,circuit simulation problem,1.0,true:2,true,1.0,no:2,no,1.0,yes:2,yes,1.0,100k_to_1m:1; ge_1m:1,100k_to_1m,0.5,AMD/G2_circuit=150102,AMD/G3_circuit=1585478,AMD/G2_circuit=150102,AMD/G3_circuit=1585478,AMD/G2_circuit=726674,AMD/G3_circuit=7660826,AMD/G2_circuit=726674,AMD/G3_circuit=7660826
ANSYS,3,small_group_lt5,0.0,0,1,0.313056,0.810106,0.810106,0,0,64719,295734,343236,887058,1785345,1823928,652140,2401323,4211599,652140,2401323,4211599,0.0,0,0.0,0.0,0,0.0,rectangular:3,rectangular,1.0,rectangular:3,rectangular,1.0,real:3,real,1.0,rectangular:3,rectangular,1.0,no:3,no,1.0,least squares problem:3,least squares problem,1.0,true:3,true,1.0,no:3,no,1.0,no:3,no,1.0,100k_to_1m:1; ge_1m:2,ge_1m,0.666667,ANSYS/Delor64K=64719,ANSYS/Delor338K=343236,ANSYS/Delor338K=887058,ANSYS/Delor295K=1823928,ANSYS/Delor64K=652140,ANSYS/Delor338K=4211599,ANSYS/Delor64K=652140,ANSYS/Delor338K=4211599
ATandT,4,small_group_lt5,0.0,0,1,1.261918,1.418452,1.417968,4,153765,36057,78403.5,659033,36057,78403.5,659033,222596,770908.5,5834044,227628,782656,5959282,0.0742956282869174,0.17871755249741855,0.3317760910564062,0.04331285111284008,0.06579475948288332,0.1058542372000797,square:4,square,1.0,unsymmetric:4,unsymmetric,1.0,real:4,real,1.0,partially_pattern_symmetric:4,partially_pattern_symmetric,1.0,no:4,no,1.0,frequency-domain circuit simulation problem:4,frequency-domain circuit simulation problem,1.0,true:4,true,1.0,no:4,no,1.0,no:4,no,1.0,100k_to_1m:2; 10k_to_100k:2,100k_to_1m,0.5,ATandT/onetone1=36057; ATandT/onetone2=36057,ATandT/pre2=659033,ATandT/onetone1=36057; ATandT/onetone2=36057,ATandT/pre2=659033,ATandT/onetone2=222596,ATandT/pre2=5834044,ATandT/onetone2=227628,ATandT/pre2=5959282
Alemdar,1,small_group_lt5,0.0,0,1,0.0,0.0,0.0,0,0,6245,6245,6245,6245,6245,6245,42581,42581,42581,42581,42581,42581,1.0,1,1.0,1.0,1,1.0,square:1,square,1.0,symmetric:1,symmetric,1.0,integer:1,integer,1.0,exact_numerical_or_hermitian:1,exact_numerical_or_hermitian,1.0,no:1,no,1.0,2D/3D problem:1,2D/3D problem,1.0,true:1,true,1.0,yes:1,yes,1.0,yes:1,yes,1.0,1k_to_10k:1,1k_to_10k,1.0,Alemdar/Alemdar=6245,Alemdar/Alemdar=6245,Alemdar/Alemdar=6245,Alemdar/Alemdar=6245,Alemdar/Alemdar=42581,Alemdar/Alemdar=42581,Alemdar/Alemdar=42581,Alemdar/Alemdar=42581
Andrews,1,small_group_lt5,0.0,0,1,0.0,0.0,0.0,0,0,60000,60000,60000,60000,60000,60000,760154,760154,760154,760154,760154,760154,1.0,1,1.0,1.0,1,1.0,square:1,square,1.0,symmetric:1,symmetric,1.0,integer:1,integer,1.0,exact_numerical_or_hermitian:1,exact_numerical_or_hermitian,1.0,yes:1,yes,1.0,computer graphics/vision problem:1,computer graphics/vision problem,1.0,true:1,true,1.0,yes:1,yes,1.0,yes:1,yes,1.0,10k_to_100k:1,10k_to_100k,1.0,Andrews/Andrews=60000,Andrews/Andrews=60000,Andrews/Andrews=60000,Andrews/Andrews=60000,Andrews/Andrews=760154,Andrews/Andrews=760154,Andrews/Andrews=760154,Andrews/Andrews=760154
Andrianov,16,homogeneous,0.0,0,1,2.026634,2.041811,2.041811,0,0,5026,26520,534388,5026,26520,534388,94026,1566310,10352819,94026,1566310,10352819,1.0,1,1.0,1.0,1,1.0,square:16,square,1.0,symmetric:16,symmetric,1.0,binary:16,binary,1.0,exact_numerical_or_hermitian:16,exact_numerical_or_hermitian,1.0,no:16,no,1.0,optimization problem:16,optimization problem,1.0,true:16,true,1.0,no:16,no,1.0,yes:16,yes,1.0,100k_to_1m:2; 10k_to_100k:11; 1k_to_10k:3,10k_to_100k,0.6875,Andrianov/fxm3_6=5026,Andrianov/lp1=534388,Andrianov/fxm3_6=5026,Andrianov/lp1=534388,Andrianov/fxm3_6=94026,Andrianov/mip1=10352819,Andrianov/fxm3_6=94026,Andrianov/mip1=10352819
Arenas,4,small_group_lt5,0.083333,2,2,1.731906,1.077862,1.077862,0,0,198,793,10680,198,793,10680,4065,8193,48632,4065,8193,48632,1.0,1,1.0,1.0,1,1.0,square:4,square,1.0,symmetric:4,symmetric,1.0,binary:1; integer:3,integer,0.75,exact_numerical_or_hermitian:4,exact_numerical_or_hermitian,1.0,no:4,no,1.0,undirected graph:1; undirected multigraph:3,undirected multigraph,0.75,missing:4,missing,1.0,no:4,no,1.0,no:4,no,1.0,10k_to_100k:1; 1k_to_10k:1; lt_1k:2,lt_1k,0.5,Arenas/jazz=198,Arenas/PGPgiantcompo=10680,Arenas/jazz=198,Arenas/PGPgiantcompo=10680,Arenas/celegans_metabolic=4065,Arenas/PGPgiantcompo=48632,Arenas/celegans_metabolic=4065,Arenas/PGPgiantcompo=48632
Averous,4,small_group_lt5,0.0,0,1,1.673635,1.776081,1.776081,0,0,1794,19981,84617,1794,19981,84617,7764,135040,463625,7764,135040,463625,0.5008375209380235,0.6689746179523419,0.7293915511896314,0.0,0,0.03155606214116852,square:4,square,1.0,unsymmetric:4,unsymmetric,1.0,real:4,real,1.0,partially_pattern_symmetric:4,partially_pattern_symmetric,1.0,no:4,no,1.0,thermal problem:4,thermal problem,1.0,true:4,true,1.0,yes:4,yes,1.0,no:4,no,1.0,10k_to_100k:3; 1k_to_10k:1,10k_to_100k,0.75,Averous/epb0=1794,Averous/epb3=84617,Averous/epb0=1794,Averous/epb3=84617,Averous/epb0=7764,Averous/epb3=463625,Averous/epb0=7764,Averous/epb3=463625
Bai,78,categorically_heterogeneous,0.245726,4,10,2.579784,3.131892,3.151049,1,23658,62,961,23560,62,961,23560,342,4681,463360,342,4681,484256,0.07485627126598615,0.9987279276556085,1.0,0.0,0.34047621421787244,1.0,square:78,square,1.0,Hermitian:1; symmetric:11; unsymmetric:66,unsymmetric,0.846154,complex:6; integer:2; real:70,real,0.897436,exact_numerical_or_hermitian:8; partially_pattern_symmetric:39; pattern_symmetric_only:31,partially_pattern_symmetric,0.5,no:74; yes:4,no,0.948718,2D/3D problem:8; chemical process simulation problem:2; computational fluid dynamics problem:25; computational fluid dynamics problem sequence:1; electromagnetics problem:26; materials problem:2; power network problem:3; robotics problem:2; statistical/mathematical problem:4; subsequent computational fluid dynamics problem:5,electromagnetics problem,0.333333,false:2; true:76,true,0.974359,no:9; yes:69,yes,0.884615,no:74; yes:4,no,0.948718,10k_to_100k:2; 1k_to_10k:29; lt_1k:47,lt_1k,0.602564,Bai/bfwa62=62; Bai/bfwb62=62,Bai/af23560=23560,Bai/bfwa62=62; Bai/bfwb62=62,Bai/af23560=23560,Bai/bfwb62=342,Bai/qc2534=463360,Bai/bfwb62=342,Bai/af23560=484256
Barabasi,3,small_group_lt5,0.388889,4,3,2.268624,2.516159,2.516159,0,0,2114,325729,392400,2114,127823,325729,4480,929849,1470404,4480,929849,1470404,0.0,0.3315875213545298,1.0,0.0,0.3315875213545298,1.0,rectangular:1; square:2,square,0.666667,rectangular:1; symmetric:1; unsymmetric:1,rectangular,0.333333,binary:3,binary,1.0,exact_numerical_or_hermitian:1; partially_pattern_symmetric:1; rectangular:1,exact_numerical_or_hermitian,0.333333,no:3,no,1.0,bipartite graph:1; directed graph:1; undirected graph:1,bipartite graph,0.333333,false:1; missing:2,missing,0.666667,no:3,no,1.0,no:3,no,1.0,100k_to_1m:2; 1k_to_10k:1,100k_to_1m,0.666667,Barabasi/NotreDame_yeast=2114,Barabasi/NotreDame_actors=392400,Barabasi/NotreDame_yeast=2114,Barabasi/NotreDame_www=325729,Barabasi/NotreDame_yeast=4480,Barabasi/NotreDame_actors=1470404,Barabasi/NotreDame_yeast=4480,Barabasi/NotreDame_actors=1470404
Bates,3,small_group_lt5,0.333333,6,2,2.837567,2.965847,2.965847,0,0,2541,2541,1748122,2541,31022,62729,7361,62044,6804304,7361,62044,6804304,0.0,0,1.0,0.0,0,1.0,rectangular:2; square:1,rectangular,0.666667,rectangular:2; symmetric:1,rectangular,0.666667,binary:1; real:2,real,0.666667,exact_numerical_or_hermitian:1; rectangular:2,rectangular,0.666667,no:2; yes:1,no,0.666667,least squares problem:1; statistical/mathematical problem:2,statistical/mathematical problem,0.666667,true:3,true,1.0,no:3,no,1.0,no:2; yes:1,no,0.666667,10k_to_100k:1; 1k_to_10k:1; ge_1m:1,10k_to_100k,0.333333,Bates/Chem97Zt=2541; Bates/Chem97ZtZ=2541,Bates/sls=1748122,Bates/Chem97ZtZ=2541,Bates/sls=62729,Bates/Chem97ZtZ=7361,Bates/sls=6804304,Bates/Chem97ZtZ=7361,Bates/sls=6804304
Belcastro,3,small_group_lt5,0.0,0,1,0.497637,0.204988,0.204988,0,0,14340,22283,45101,14340,22283,45101,18068388,24669643,28967291,18068388,24669643,28967291,1.0,1,1.0,1.0,1,1.0,square:3,square,1.0,symmetric:3,symmetric,1.0,real:3,real,1.0,exact_numerical_or_hermitian:3,exact_numerical_or_hermitian,1.0,no:3,no,1.0,undirected weighted graph:3,undirected weighted graph,1.0,missing:3,missing,1.0,no:3,no,1.0,yes:3,yes,1.0,10k_to_100k:3,10k_to_100k,1.0,Belcastro/human_gene2=14340,Belcastro/mouse_gene=45101,Belcastro/human_gene2=14340,Belcastro/mouse_gene=45101,Belcastro/human_gene2=18068388,Belcastro/mouse_gene=28967291,Belcastro/human_gene2=18068388,Belcastro/mouse_gene=28967291
BenElechi,1,small_group_lt5,0.0,0,1,0.0,0.0,0.0,0,0,245874,245874,245874,245874,245874,245874,13150496,13150496,13150496,13150496,13150496,13150496,1.0,1,1.0,1.0,1,1.0,square:1,square,1.0,symmetric:1,symmetric,1.0,real:1,real,1.0,exact_numerical_or_hermitian:1,exact_numerical_or_hermitian,1.0,yes:1,yes,1.0,2D/3D problem:1,2D/3D problem,1.0,true:1,true,1.0,yes:1,yes,1.0,yes:1,yes,1.0,100k_to_1m:1,100k_to_1m,1.0,BenElechi/BenElechi1=245874,BenElechi/BenElechi1=245874,BenElechi/BenElechi1=245874,BenElechi/BenElechi1=245874,BenElechi/BenElechi1=13150496,BenElechi/BenElechi1=13150496,BenElechi/BenElechi1=13150496,BenElechi/BenElechi1=13150496
Bindel,6,categorically_heterogeneous,0.222222,4,1,0.0,0.557887,0.557887,0,0,10605,10605,10605,10605,10605,10605,144579,424587,522387,144579,424587,522387,0.5657922767749357,0.6415700434950818,1.0,0.0,0.1057079149564699,1.0,square:6,square,1.0,symmetric:2; unsymmetric:4,unsymmetric,0.666667,complex:2; real:4,real,0.666667,exact_numerical_or_hermitian:2; partially_pattern_symmetric:4,partially_pattern_symmetric,0.666667,no:4; yes:2,no,0.666667,thermal problem:6,thermal problem,1.0,true:6,true,1.0,yes:6,yes,1.0,no:4; yes:2,no,0.666667,10k_to_100k:6,10k_to_100k,1.0,Bindel/ted_A=10605; Bindel/ted_B=10605; Bindel/ted_AB=10605; Bindel/ted_A_unscaled=10605; Bindel/ted_B_unscaled=10605; Bindel/ted_AB_unscaled=10605,Bindel/ted_A=10605; Bindel/ted_B=10605; Bindel/ted_AB=10605; Bindel/ted_A_unscaled=10605; Bindel/ted_B_unscaled=10605; Bindel/ted_AB_unscaled=10605,Bindel/ted_A=10605; Bindel/ted_B=10605; Bindel/ted_AB=10605; Bindel/ted_A_unscaled=10605; Bindel/ted_B_unscaled=10605; Bindel/ted_AB_unscaled=10605,Bindel/ted_A=10605; Bindel/ted_B=10605; Bindel/ted_AB=10605; Bindel/ted_A_unscaled=10605; Bindel/ted_B_unscaled=10605; Bindel/ted_AB_unscaled=10605,Bindel/ted_B=144579; Bindel/ted_B_unscaled=144579,Bindel/ted_AB=522387; Bindel/ted_AB_unscaled=522387,Bindel/ted_B=144579; Bindel/ted_B_unscaled=144579,Bindel/ted_AB=522387; Bindel/ted_AB_unscaled=522387
Bodendiek,5,homogeneous,0.0,0,1,2.332014,2.369111,2.369111,0,0,11083,806529,2380515,11083,806529,2380515,113343,8921789,26515867,113343,8921789,26515867,1.0,1,1.0,1.0,1,1.0,square:5,square,1.0,symmetric:5,symmetric,1.0,real:5,real,1.0,exact_numerical_or_hermitian:5,exact_numerical_or_hermitian,1.0,no:5,no,1.0,model reduction problem:5,model reduction problem,1.0,true:5,true,1.0,yes:5,yes,1.0,yes:5,yes,1.0,100k_to_1m:2; 10k_to_100k:1; ge_1m:2,100k_to_1m,0.4,Bodendiek/CurlCurl_0=11083,Bodendiek/CurlCurl_4=2380515,Bodendiek/CurlCurl_0=11083,Bodendiek/CurlCurl_4=2380515,Bodendiek/CurlCurl_0=113343,Bodendiek/CurlCurl_4=26515867,Bodendiek/CurlCurl_0=113343,Bodendiek/CurlCurl_4=26515867
Boeing,32,categorically_heterogeneous,0.161458,3,4,2.568916,3.041051,3.045176,7,253152,588,13965,217918,588,13965,217918,10485,321755.5,11524432,10485,321755.5,11634424,1.0,1,1.0,1.0,1,1.0,square:32,square,1.0,symmetric:32,symmetric,1.0,binary:5; real:27,real,0.84375,exact_numerical_or_hermitian:32,exact_numerical_or_hermitian,1.0,no:17; yes:15,no,0.53125,duplicate materials problem:2; duplicate structural problem:3; materials problem:6; structural problem:21,structural problem,0.65625,false:4; true:28,true,0.875,yes:32,yes,1.0,no:5; yes:27,yes,0.84375,100k_to_1m:1; 10k_to_100k:18; 1k_to_10k:10; lt_1k:3,10k_to_100k,0.5625,Boeing/bcsstk34=588; Boeing/bcsstm34=588,Boeing/pwtk=217918,Boeing/bcsstk34=588; Boeing/bcsstm34=588,Boeing/pwtk=217918,Boeing/bcsstm38=10485,Boeing/pwtk=11524432,Boeing/bcsstm38=10485,Boeing/pwtk=11634424
Bomhof,4,small_group_lt5,0.0,0,1,1.485259,1.161677,1.161677,0,0,2624,8318.5,80209,2624,8318.5,80209,21199,41980,307604,21199,41980,307604,0.7700717835450027,0.8178832654145156,0.999548641410646,0.2060602413263924,0.33182782865785215,0.4152593124925141,square:4,square,1.0,unsymmetric:4,unsymmetric,1.0,real:4,real,1.0,partially_pattern_symmetric:4,partially_pattern_symmetric,1.0,no:4,no,1.0,circuit simulation problem:4,circuit simulation problem,1.0,true:4,true,1.0,no:4,no,1.0,no:4,no,1.0,10k_to_100k:2; 1k_to_10k:2,10k_to_100k,0.5,Bomhof/circuit_1=2624,Bomhof/circuit_4=80209,Bomhof/circuit_1=2624,Bomhof/circuit_4=80209,Bomhof/circuit_2=21199,Bomhof/circuit_4=307604,Bomhof/circuit_2=21199,Bomhof/circuit_4=307604
Botonakis,6,categorically_heterogeneous,0.25,3,1,1.057935,0.908523,0.908523,0,0,17880,125029,204316,17880,125029,204316,430740,1067337,3489300,430740,1067337,3489300,1.0,1,1.0,0.6652727267221619,0.9753669524778374,1.0,square:6,square,1.0,symmetric:3; unsymmetric:3,symmetric,0.5,real:6,real,1.0,exact_numerical_or_hermitian:3; pattern_symmetric_only:3,exact_numerical_or_hermitian,0.5,no:3; yes:3,no,0.5,thermal problem:6,thermal problem,1.0,true:6,true,1.0,yes:6,yes,1.0,no:3; yes:3,no,0.5,100k_to_1m:5; 10k_to_100k:1,100k_to_1m,0.833333,Botonakis/FEM_3D_thermal1=17880,Botonakis/thermomech_dM=204316; Botonakis/thermomech_dK=204316,Botonakis/FEM_3D_thermal1=17880,Botonakis/thermomech_dM=204316; Botonakis/thermomech_dK=204316,Botonakis/FEM_3D_thermal1=430740,Botonakis/FEM_3D_thermal2=3489300,Botonakis/FEM_3D_thermal1=430740,Botonakis/FEM_3D_thermal2=3489300
Bourchtein,4,small_group_lt5,0.041667,1,1,0.069163,0.068453,0.068453,0,0,1270432,1380092,1489752,1270432,1380092,1489752,8814880,9567320,10319760,8814880,9567320,10319760,1.0,1,1.0,0.6690207156308852,0.6702355349613749,0.6714503542918647,square:4,square,1.0,unsymmetric:4,unsymmetric,1.0,integer:1; real:3,real,0.75,pattern_symmetric_only:4,pattern_symmetric_only,1.0,no:4,no,1.0,computational fluid dynamics problem:4,computational fluid dynamics problem,1.0,true:4,true,1.0,yes:4,yes,1.0,no:4,no,1.0,ge_1m:4,ge_1m,1.0,Bourchtein/atmosmodd=1270432; Bourchtein/atmosmodj=1270432,Bourchtein/atmosmodl=1489752; Bourchtein/atmosmodm=1489752,Bourchtein/atmosmodd=1270432; Bourchtein/atmosmodj=1270432,Bourchtein/atmosmodl=1489752; Bourchtein/atmosmodm=1489752,Bourchtein/atmosmodd=8814880; Bourchtein/atmosmodj=8814880,Bourchtein/atmosmodl=10319760; Bourchtein/atmosmodm=10319760,Bourchtein/atmosmodd=8814880; Bourchtein/atmosmodj=8814880,Bourchtein/atmosmodl=10319760; Bourchtein/atmosmodm=10319760
Bova,1,small_group_lt5,0.0,0,1,0.0,0.0,0.0,1,44909,46835,46835,46835,46835,46835,46835,2329092,2329092,2329092,2374001,2374001,2374001,1.0,1,1.0,0.2355549300354827,0.2355549300354827,0.2355549300354827,square:1,square,1.0,unsymmetric:1,unsymmetric,1.0,real:1,real,1.0,pattern_symmetric_only:1,pattern_symmetric_only,1.0,no:1,no,1.0,computational fluid dynamics problem:1,computational fluid dynamics problem,1.0,true:1,true,1.0,yes:1,yes,1.0,no:1,no,1.0,10k_to_100k:1,10k_to_100k,1.0,Bova/rma10=46835,Bova/rma10=46835,Bova/rma10=46835,Bova/rma10=46835,Bova/rma10=2329092,Bova/rma10=2329092,Bova/rma10=2374001,Bova/rma10=2374001
Brethour,2,small_group_lt5,0.0,0,1,0.849858,1.02754,1.02754,0,0,1348,5444,9540,1348,5444,9540,19457,113382.5,207308,19457,113382.5,207308,0.5922916666666667,0.5932400701235618,0.5941884735804569,0.1280874338061923,0.2615437169030962,0.395,square:2,square,1.0,unsymmetric:2,unsymmetric,1.0,real:2,real,1.0,partially_pattern_symmetric:2,partially_pattern_symmetric,1.0,no:2,no,1.0,computational fluid dynamics problem:2,computational fluid dynamics problem,1.0,false:2,false,1.0,yes:2,yes,1.0,no:2,no,1.0,1k_to_10k:2,1k_to_10k,1.0,Brethour/coater1=1348,Brethour/coater2=9540,Brethour/coater1=1348,Brethour/coater2=9540,Brethour/coater1=19457,Brethour/coater2=207308,Brethour/coater1=19457,Brethour/coater2=207308
Brogan,1,small_group_lt5,0.0,0,1,0.0,0.0,0.0,1,576,477976,477976,477976,1600,1600,1600,7647040,7647040,7647040,7647616,7647616,7647616,0.0,0,0.0,0.0,0,0.0,rectangular:1,rectangular,1.0,rectangular:1,rectangular,1.0,real:1,real,1.0,rectangular:1,rectangular,1.0,no:1,no,1.0,computer vision problem:1,computer vision problem,1.0,false:1,false,1.0,yes:1,yes,1.0,no:1,no,1.0,100k_to_1m:1,100k_to_1m,1.0,Brogan/specular=477976,Brogan/specular=477976,Brogan/specular=1600,Brogan/specular=1600,Brogan/specular=7647040,Brogan/specular=7647040,Brogan/specular=7647616,Brogan/specular=7647616
Brunetiere,1,small_group_lt5,0.0,0,1,0.0,0.0,0.0,0,0,3456,3456,3456,3456,3456,3456,66528,66528,66528,66528,66528,66528,1.0,1,1.0,0.0730593607305936,0.0730593607305936,0.0730593607305936,square:1,square,1.0,unsymmetric:1,unsymmetric,1.0,real:1,real,1.0,pattern_symmetric_only:1,pattern_symmetric_only,1.0,no:1,no,1.0,thermal problem:1,thermal problem,1.0,true:1,true,1.0,yes:1,yes,1.0,no:1,no,1.0,1k_to_10k:1,1k_to_10k,1.0,Brunetiere/thermal=3456,Brunetiere/thermal=3456,Brunetiere/thermal=3456,Brunetiere/thermal=3456,Brunetiere/thermal=66528,Brunetiere/thermal=66528,Brunetiere/thermal=66528,Brunetiere/thermal=66528
Buss,2,small_group_lt5,0.0,0,1,0.344458,1.302457,1.302457,0,0,512,6491.5,12471,394792,633707,872622,1127525,11876126,22624727,1127525,11876126,22624727,0.0,0,0.0,0.0,0,0.0,rectangular:2,rectangular,1.0,rectangular:2,rectangular,1.0,binary:2,binary,1.0,rectangular:2,rectangular,1.0,no:2,no,1.0,undirected bipartite graph:2,undirected bipartite graph,1.0,false:2,false,1.0,no:2,no,1.0,no:2,no,1.0,100k_to_1m:2,100k_to_1m,1.0,Buss/connectus=512,Buss/12month1=12471,Buss/connectus=394792,Buss/12month1=872622,Buss/connectus=1127525,Buss/12month1=22624727,Buss/connectus=1127525,Buss/12month1=22624727
Bydder,2,small_group_lt5,0.0,0,1,0.0,0.015488,0.015488,0,0,63240,64388,65536,147456,147456,147456,569160,579492,589824,569160,579492,589824,0.0,0,0.0,0.0,0,0.0,rectangular:2,rectangular,1.0,rectangular:2,rectangular,1.0,real:2,real,1.0,rectangular:2,rectangular,1.0,no:2,no,1.0,computer graphics/vision problem:2,computer graphics/vision problem,1.0,false:2,false,1.0,yes:2,yes,1.0,no:2,no,1.0,100k_to_1m:2,100k_to_1m,1.0,Bydder/mri2=63240,Bydder/mri1=65536,Bydder/mri1=147456; Bydder/mri2=147456,Bydder/mri1=147456; Bydder/mri2=147456,Bydder/mri2=569160,Bydder/mri1=589824,Bydder/mri2=569160,Bydder/mri1=589824
CEMW,4,small_group_lt5,0.25,4,1,0.993857,0.549204,0.549204,0,0,93476,822269,921632,93476,822269,921632,1434636,4587816.5,5080961,1434636,4587816.5,5080961,0.9988182710127548,1,1.0,0.0,0.9098903607144062,1.0,square:4,square,1.0,symmetric:1; unsymmetric:3,unsymmetric,0.75,complex:1; integer:1; real:2,real,0.5,exact_numerical_or_hermitian:1; partially_pattern_symmetric:1; pattern_symmetric_only:2,pattern_symmetric_only,0.5,no:3; yes:1,no,0.75,electromagnetics problem:4,electromagnetics problem,1.0,true:4,true,1.0,yes:4,yes,1.0,no:3; yes:1,no,0.75,100k_to_1m:3; 10k_to_100k:1,100k_to_1m,0.75,CEMW/vfem=93476,CEMW/t2em=921632,CEMW/vfem=93476,CEMW/t2em=921632,CEMW/vfem=1434636,CEMW/tmt_sym=5080961,CEMW/vfem=1434636,CEMW/tmt_sym=5080961
CPM,9,homogeneous,0.0,0,1,2.441971,2.431214,2.431214,0,0,148,2548,40948,148,2548,40948,1527,25674,412148,1527,25674,412148,0.4263959390862944,0.4349030172413793,0.441413081497027,0.2219902574808629,0.2349736227622589,0.2377052713245119,square:9,square,1.0,unsymmetric:9,unsymmetric,1.0,real:9,real,1.0,partially_pattern_symmetric:9,partially_pattern_symmetric,1.0,no:9,no,1.0,2D/3D problem:9,2D/3D problem,1.0,true:9,true,1.0,yes:9,yes,1.0,no:9,no,1.0,10k_to_100k:3; 1k_to_10k:3; lt_1k:3,10k_to_100k,0.333333,CPM/cz148=148,CPM/cz40948=40948,CPM/cz148=148,CPM/cz40948=40948,CPM/cz148=1527,CPM/cz40948=412148,CPM/cz148=1527,CPM/cz40948=412148
Cannizzo,1,small_group_lt5,0.0,0,1,0.0,0.0,0.0,0,0,4098,4098,4098,4098,4098,4098,72356,72356,72356,72356,72356,72356,1.0,1,1.0,1.0,1,1.0,square:1,square,1.0,symmetric:1,symmetric,1.0,real:1,real,1.0,exact_numerical_or_hermitian:1,exact_numerical_or_hermitian,1.0,yes:1,yes,1.0,structural problem:1,structural problem,1.0,true:1,true,1.0,yes:1,yes,1.0,yes:1,yes,1.0,1k_to_10k:1,1k_to_10k,1.0,Cannizzo/sts4098=4098,Cannizzo/sts4098=4098,Cannizzo/sts4098=4098,Cannizzo/sts4098=4098,Cannizzo/sts4098=72356,Cannizzo/sts4098=72356,Cannizzo/sts4098=72356,Cannizzo/sts4098=72356
Castrillon,1,small_group_lt5,0.0,0,1,0.0,0.0,0.0,0,0,89400,89400,89400,89400,89400,89400,1156224,1156224,1156224,1156224,1156224,1156224,1.0,1,1.0,1.0,1,1.0,square:1,square,1.0,symmetric:1,symmetric,1.0,real:1,real,1.0,exact_numerical_or_hermitian:1,exact_numerical_or_hermitian,1.0,yes:1,yes,1.0,counter-example problem:1,counter-example problem,1.0,true:1,true,1.0,no:1,no,1.0,yes:1,yes,1.0,10k_to_100k:1,10k_to_100k,1.0,Castrillon/denormal=89400,Castrillon/denormal=89400,Castrillon/denormal=89400,Castrillon/denormal=89400,Castrillon/denormal=1156224,Castrillon/denormal=1156224,Castrillon/denormal=1156224,Castrillon/denormal=1156224
Chen,14,homogeneous,0.0,0,1,1.148208,1.262847,1.262847,0,0,10800,49377,151926,10800,49377,151926,810000,3178543.5,14836504,810000,3178543.5,14836504,1.0,1,1.0,1.0,1,1.0,square:14,square,1.0,symmetric:14,symmetric,1.0,binary:14,binary,1.0,exact_numerical_or_hermitian:14,exact_numerical_or_hermitian,1.0,no:14,no,1.0,structural problem:14,structural problem,1.0,true:14,true,1.0,yes:14,yes,1.0,yes:14,yes,1.0,100k_to_1m:1; 10k_to_100k:13,10k_to_100k,0.928571,Chen/pkustk02=10800,Chen/pkustk14=151926,Chen/pkustk02=10800,Chen/pkustk14=151926,Chen/pkustk02=810000,Chen/pkustk14=14836504,Chen/pkustk02=810000,Chen/pkustk14=14836504
Chevron,4,small_group_lt5,0.0,0,1,1.279679,1.28523,1.28523,0,0,37365,235815,711450,37365,235815,711450,330633,2108143,6376412,330633,2108143,6376412,0.994503321194266,0.997275228752503,0.9986570077610406,0.5561276492234193,0.606425339005505,0.7103673090824775,square:4,square,1.0,unsymmetric:4,unsymmetric,1.0,complex:4,complex,1.0,partially_pattern_symmetric:4,partially_pattern_symmetric,1.0,no:4,no,1.0,other problem:4,other problem,1.0,true:4,true,1.0,no:4,no,1.0,no:4,no,1.0,100k_to_1m:2; 10k_to_100k:2,100k_to_1m,0.5,Chevron/Chevron1=37365,Chevron/Chevron4=711450,Chevron/Chevron1=37365,Chevron/Chevron4=711450,Chevron/Chevron1=330633,Chevron/Chevron4=6376412,Chevron/Chevron1=330633,Chevron/Chevron4=6376412
Clark,1,small_group_lt5,0.0,0,1,0.0,0.0,0.0,0,0,73159,73159,73159,59498,59498,59498,647495,647495,647495,647495,647495,647495,0.0,0,0.0,0.0,0,0.0,rectangular:1,rectangular,1.0,rectangular:1,rectangular,1.0,real:1,real,1.0,rectangular:1,rectangular,1.0,no:1,no,1.0,computer graphics/vision problem:1,computer graphics/vision problem,1.0,false:1,false,1.0,yes:1,yes,1.0,no:1,no,1.0,10k_to_100k:1,10k_to_100k,1.0,Clark/tomographic1=73159,Clark/tomographic1=73159,Clark/tomographic1=59498,Clark/tomographic1=59498,Clark/tomographic1=647495,Clark/tomographic1=647495,Clark/tomographic1=647495,Clark/tomographic1=647495
Cote,2,small_group_lt5,0.166667,2,1,0.315501,0.326706,0.382207,1,41128,5962,9145,12328,5962,9145,12328,142190,221945,301700,142190,242509,342828,1.0,1,1.0,0.05311683354376486,0.5265584167718824,1.0,square:2,square,1.0,symmetric:2,symmetric,1.0,complex:1; real:1,complex,0.5,exact_numerical_or_hermitian:1; pattern_symmetric_only:1,exact_numerical_or_hermitian,0.5,no:2,no,1.0,acoustics problem:2,acoustics problem,1.0,true:2,true,1.0,yes:2,yes,1.0,no:1; yes:1,no,0.5,10k_to_100k:1; 1k_to_10k:1,10k_to_100k,0.5,Cote/mplate=5962,Cote/vibrobox=12328,Cote/mplate=5962,Cote/vibrobox=12328,Cote/mplate=142190,Cote/vibrobox=301700,Cote/mplate=142190,Cote/vibrobox=342828
Cunningham,4,small_group_lt5,0.125,3,1,0.774782,2.398157,2.398157,0,0,11107,38617,66127,11107,38617,66127,6639,1019753,1660579,6639,1019753,1660579,1.0,1,1.0,0.999260507857104,1,1.0,square:4,square,1.0,symmetric:3; unsymmetric:1,symmetric,0.75,real:4,real,1.0,exact_numerical_or_hermitian:3; pattern_symmetric_only:1,exact_numerical_or_hermitian,0.75,no:3; yes:1,no,0.75,acoustics problem:4,acoustics problem,1.0,false:1; true:3,true,0.75,yes:4,yes,1.0,no:2; yes:2,no,0.5,10k_to_100k:4,10k_to_100k,1.0,Cunningham/k3plates=11107; Cunningham/m3plates=11107,Cunningham/qa8fk=66127; Cunningham/qa8fm=66127,Cunningham/k3plates=11107; Cunningham/m3plates=11107,Cunningham/qa8fk=66127; Cunningham/qa8fm=66127,Cunningham/m3plates=6639,Cunningham/qa8fk=1660579; Cunningham/qa8fm=1660579,Cunningham/m3plates=6639,Cunningham/qa8fk=1660579; Cunningham/qa8fm=1660579
Cylshell,7,homogeneous,0.0,0,1,0.010572,0.104307,0.131452,7,60762,5357,5489,5489,5357,5489,5489,207123,217681,263351,207695,219521,281111,1.0,1,1.0,1.0,1,1.0,square:7,square,1.0,symmetric:7,symmetric,1.0,real:7,real,1.0,exact_numerical_or_hermitian:7,exact_numerical_or_hermitian,1.0,yes:7,yes,1.0,structural problem:7,structural problem,1.0,true:7,true,1.0,yes:7,yes,1.0,yes:7,yes,1.0,1k_to_10k:7,1k_to_10k,1.0,Cylshell/s3rmt3m3=5357,Cylshell/s1rmq4m1=5489; Cylshell/s2rmq4m1=5489; Cylshell/s3rmq4m1=5489; Cylshell/s1rmt3m1=5489; Cylshell/s2rmt3m1=5489; Cylshell/s3rmt3m1=5489,Cylshell/s3rmt3m3=5357,Cylshell/s1rmq4m1=5489; Cylshell/s2rmq4m1=5489; Cylshell/s3rmq4m1=5489; Cylshell/s1rmt3m1=5489; Cylshell/s2rmt3m1=5489; Cylshell/s3rmt3m1=5489,Cylshell/s3rmt3m3=207123,Cylshell/s2rmq4m1=263351,Cylshell/s3rmt3m3=207695,Cylshell/s1rmq4m1=281111; Cylshell/s2rmq4m1=281111; Cylshell/s3rmq4m1=281111
DIMACS10,151,mixed_some_attributes,0.154525,2,6,6.115756,5.891954,5.891954,0,0,39,196621,50912018,39,196621,50912018,340,1227102,265114400,340,1227102,265114400,1.0,1,1.0,1.0,1,1.0,square:151,square,1.0,symmetric:151,symmetric,1.0,binary:95; integer:56,binary,0.629139,exact_numerical_or_hermitian:151,exact_numerical_or_hermitian,1.0,no:151,no,1.0,random undirected graph:3; random unweighted graph:15; undirected graph:67; undirected multigraph:6; undirected random graph:10; undirected weighted graph:50,undirected graph,0.443709,missing:151,missing,1.0,no:151,no,1.0,no:151,no,1.0,100k_to_1m:65; 10k_to_100k:39; 1k_to_10k:7; ge_1m:39; lt_1k:1,100k_to_1m,0.430464,DIMACS10/chesapeake=39,DIMACS10/europe_osm=50912018,DIMACS10/chesapeake=39,DIMACS10/europe_osm=50912018,DIMACS10/chesapeake=340,DIMACS10/rgg_n_2_24_s0=265114400,DIMACS10/chesapeake=340,DIMACS10/rgg_n_2_24_s0=265114400
DNVS,15,mixed_some_attributes,0.155556,2,1,1.095929,1.110296,1.110296,7,19645488,18010,114919,224617,18010,114919,224617,960946,4444880,12387821,960946,8086034,12387821,1.0,1,1.0,1.0,1,1.0,square:15,square,1.0,symmetric:15,symmetric,1.0,binary:7; real:8,real,0.533333,exact_numerical_or_hermitian:15,exact_numerical_or_hermitian,1.0,no:7; yes:8,yes,0.533333,structural problem:15,structural problem,1.0,true:15,true,1.0,yes:15,yes,1.0,yes:15,yes,1.0,100k_to_1m:9; 10k_to_100k:6,100k_to_1m,0.6,DNVS/crplat2=18010,DNVS/halfb=224617,DNVS/crplat2=18010,DNVS/halfb=224617,DNVS/crplat2=960946,DNVS/halfb=12387821,DNVS/crplat2=960946,DNVS/halfb=12387821
DRIVCAV,26,mixed_some_attributes,0.025641,1,2,1.158096,1.367463,1.275541,26,57227,317,2597,4562,317,2597,4562,5923,76214.5,138040,7327,76367,138187,0.8037831733483908,0.9372682821986997,0.9531982436361479,0.0,0,0.6542773036781541,square:26,square,1.0,unsymmetric:26,unsymmetric,1.0,real:26,real,1.0,partially_pattern_symmetric:26,partially_pattern_symmetric,1.0,no:26,no,1.0,computational fluid dynamics problem sequence:4; subsequent computational fluid dynamics problem:22,subsequent computational fluid dynamics problem,0.846154,true:26,true,1.0,yes:26,yes,1.0,no:26,no,1.0,1k_to_10k:22; lt_1k:4,1k_to_10k,0.846154,DRIVCAV/cavity01=317; DRIVCAV/cavity02=317; DRIVCAV/cavity03=317; DRIVCAV/cavity04=317,DRIVCAV/cavity16=4562; DRIVCAV/cavity17=4562; DRIVCAV/cavity18=4562; DRIVCAV/cavity19=4562; DRIVCAV/cavity20=4562; DRIVCAV/cavity21=4562; DRIVCAV/cavity22=4562; DRIVCAV/cavity23=4562; DRIVCAV/cavity24=4562; DRIVCAV/cavity25=4562; DRIVCAV/cavity26=4562,DRIVCAV/cavity01=317; DRIVCAV/cavity02=317; DRIVCAV/cavity03=317; DRIVCAV/cavity04=317,DRIVCAV/cavity16=4562; DRIVCAV/cavity17=4562; DRIVCAV/cavity18=4562; DRIVCAV/cavity19=4562; DRIVCAV/cavity20=4562; DRIVCAV/cavity21=4562; DRIVCAV/cavity22=4562; DRIVCAV/cavity23=4562; DRIVCAV/cavity24=4562; DRIVCAV/cavity25=4562; DRIVCAV/cavity26=4562,DRIVCAV/cavity02=5923; DRIVCAV/cavity04=5923,DRIVCAV/cavity18=138040; DRIVCAV/cavity20=138040; DRIVCAV/cavity22=138040; DRIVCAV/cavity24=138040; DRIVCAV/cavity26=138040,DRIVCAV/cavity01=7327; DRIVCAV/cavity02=7327; DRIVCAV/cavity03=7327; DRIVCAV/cavity04=7327,DRIVCAV/cavity16=138187; DRIVCAV/cavity17=138187; DRIVCAV/cavity18=138187; DRIVCAV/cavity19=138187; DRIVCAV/cavity20=138187; DRIVCAV/cavity21=138187; DRIVCAV/cavity22=138187; DRIVCAV/cavity23=138187; DRIVCAV/cavity24=138187; DRIVCAV/cavity25=138187; DRIVCAV/cavity26=138187
Dattorro,3,small_group_lt5,0.0,0,1,0.240605,0.283915,0.283915,0,0,7362,10054,11077,150638,204304,262144,782087,1170516,1503732,782087,1170516,1503732,0.0,0,0.0,0.0,0,0.0,rectangular:3,rectangular,1.0,rectangular:3,rectangular,1.0,integer:3,integer,1.0,rectangular:3,rectangular,1.0,no:3,no,1.0,optimization problem:3,optimization problem,1.0,true:3,true,1.0,no:3,no,1.0,no:3,no,1.0,100k_to_1m:3,100k_to_1m,1.0,Dattorro/EternityII_A=7362,Dattorro/EternityII_E=11077,Dattorro/EternityII_A=150638,Dattorro/EternityII_E=262144,Dattorro/EternityII_A=782087,Dattorro/EternityII_E=1503732,Dattorro/EternityII_A=782087,Dattorro/EternityII_E=1503732
Davis,1,small_group_lt5,0.0,0,1,0.0,0.0,0.0,0,0,1319,1319,1319,9498,9498,9498,301899,301899,301899,301899,301899,301899,0.0,0,0.0,0.0,0,0.0,rectangular:1,rectangular,1.0,rectangular:1,rectangular,1.0,integer:1,integer,1.0,rectangular:1,rectangular,1.0,no:1,no,1.0,term/document graph:1,term/document graph,1.0,false:1,false,1.0,no:1,no,1.0,no:1,no,1.0,1k_to_10k:1,1k_to_10k,1.0,Davis/FX_March2010=1319,Davis/FX_March2010=1319,Davis/FX_March2010=9498,Davis/FX_March2010=9498,Davis/FX_March2010=301899,Davis/FX_March2010=301899,Davis/FX_March2010=301899,Davis/FX_March2010=301899
Dehghani,1,small_group_lt5,0.0,0,1,0.0,0.0,0.0,0,0,29282,29282,29282,29282,29282,29282,406084,406084,406084,406084,406084,406084,1.0,1,1.0,0.0,0,0.0,square:1,square,1.0,unsymmetric:1,unsymmetric,1.0,complex:1,complex,1.0,pattern_symmetric_only:1,pattern_symmetric_only,1.0,no:1,no,1.0,electromagnetics problem:1,electromagnetics problem,1.0,true:1,true,1.0,yes:1,yes,1.0,no:1,no,1.0,10k_to_100k:1,10k_to_100k,1.0,Dehghani/light_in_tissue=29282,Dehghani/light_in_tissue=29282,Dehghani/light_in_tissue=29282,Dehghani/light_in_tissue=29282,Dehghani/light_in_tissue=406084,Dehghani/light_in_tissue=406084,Dehghani/light_in_tissue=406084,Dehghani/light_in_tissue=406084
Dziekonski,5,mixed_some_attributes,0.133333,2,1,0.439834,0.613243,0.613243,0,0,420408,607232,1157456,420408,607232,1157456,21758924,32886208,89306020,21758924,32886208,89306020,1.0,1,1.0,0.8873627016737613,1,1.0,square:5,square,1.0,symmetric:5,symmetric,1.0,complex:2; real:3,real,0.6,exact_numerical_or_hermitian:3; pattern_symmetric_only:2,exact_numerical_or_hermitian,0.6,no:5,no,1.0,electromagnetics problem:5,electromagnetics problem,1.0,true:5,true,1.0,yes:5,yes,1.0,no:5,no,1.0,100k_to_1m:3; ge_1m:2,100k_to_1m,0.6,Dziekonski/dielFilterV3clx=420408,Dziekonski/dielFilterV2real=1157456,Dziekonski/dielFilterV3clx=420408,Dziekonski/dielFilterV2real=1157456,Dziekonski/gsm_106857=21758924,Dziekonski/dielFilterV3real=89306020,Dziekonski/gsm_106857=21758924,Dziekonski/dielFilterV3real=89306020
Embree,1,small_group_lt5,0.0,0,1,0.0,0.0,0.0,0,0,96307,96307,96307,96307,96307,96307,3599932,3599932,3599932,3599932,3599932,3599932,1.0,1,1.0,0.2845118352876235,0.2845118352876235,0.2845118352876235,square:1,square,1.0,unsymmetric:1,unsymmetric,1.0,real:1,real,1.0,pattern_symmetric_only:1,pattern_symmetric_only,1.0,no:1,no,1.0,computational fluid dynamics:1,computational fluid dynamics,1.0,true:1,true,1.0,yes:1,yes,1.0,no:1,no,1.0,10k_to_100k:1,10k_to_100k,1.0,Embree/ifiss_mat=96307,Embree/ifiss_mat=96307,Embree/ifiss_mat=96307,Embree/ifiss_mat=96307,Embree/ifiss_mat=3599932,Embree/ifiss_mat=3599932,Embree/ifiss_mat=3599932,Embree/ifiss_mat=3599932
Engwirda,1,small_group_lt5,0.0,0,1,0.0,0.0,0.0,0,0,14214,14214,14214,14214,14214,14214,259688,259688,259688,259688,259688,259688,0.981668119637925,0.981668119637925,0.981668119637925,0.0,0,0.0,square:1,square,1.0,unsymmetric:1,unsymmetric,1.0,real:1,real,1.0,partially_pattern_symmetric:1,partially_pattern_symmetric,1.0,no:1,no,1.0,computational fluid dynamics problem:1,computational fluid dynamics problem,1.0,true:1,true,1.0,yes:1,yes,1.0,no:1,no,1.0,10k_to_100k:1,10k_to_100k,1.0,Engwirda/airfoil_2d=14214,Engwirda/airfoil_2d=14214,Engwirda/airfoil_2d=14214,Engwirda/airfoil_2d=14214,Engwirda/airfoil_2d=259688,Engwirda/airfoil_2d=259688,Engwirda/airfoil_2d=259688,Engwirda/airfoil_2d=259688
FEMLAB,9,categorically_heterogeneous,0.185185,3,4,2.367924,3.114849,3.114849,0,0,367,20414,85623,367,20414,85623,2417,874887,3148656,2417,874887,3148656,0.9999710105602732,1,1.0,0.0,0,0.6548223350253807,square:9,square,1.0,unsymmetric:9,unsymmetric,1.0,complex:1; real:8,real,0.888889,partially_pattern_symmetric:4; pattern_symmetric_only:5,pattern_symmetric_only,0.555556,no:9,no,1.0,2D/3D problem:1; computational fluid dynamics problem:4; electromagnetics problem:1; structural problem:3,computational fluid dynamics problem,0.444444,true:9,true,1.0,yes:9,yes,1.0,no:9,no,1.0,10k_to_100k:7; lt_1k:2,10k_to_100k,0.777778,FEMLAB/poisson2D=367,FEMLAB/poisson3Db=85623,FEMLAB/poisson2D=367,FEMLAB/poisson3Db=85623,FEMLAB/poisson2D=2417,FEMLAB/sme3Dc=3148656,FEMLAB/poisson2D=2417,FEMLAB/sme3Dc=3148656
FIDAP,35,categorically_heterogeneous,0.161905,3,1,2.863455,3.594582,3.594582,23,82207,27,2410,19716,27,2410,19716,279,54840,1096948,279,54840,1096948,1.0,1,1.0,0.4284006268883396,0.9877623772912288,1.0,square:35,square,1.0,symmetric:13; unsymmetric:22,unsymmetric,0.628571,real:35,real,1.0,exact_numerical_or_hermitian:13; pattern_symmetric_only:22,pattern_symmetric_only,0.628571,no:27; yes:8,no,0.771429,computational fluid dynamics problem:35,computational fluid dynamics problem,1.0,true:35,true,1.0,yes:35,yes,1.0,no:27; yes:8,no,0.771429,10k_to_100k:3; 1k_to_10k:25; lt_1k:7,1k_to_10k,0.714286,FIDAP/ex5=27,FIDAP/ex35=19716,FIDAP/ex5=27,FIDAP/ex35=19716,FIDAP/ex5=279,FIDAP/ex11=1096948,FIDAP/ex5=279,FIDAP/ex11=1096948
FlowIPM22,11,mixed_some_attributes,0.060606,1,1,2.858419,2.637558,2.637558,0,0,100000,338402,72180402,100000,338402,72180402,499696,1100592,216902404,499696,1100592,216902404,1.0,1,1.0,1.0,1,1.0,square:11,square,1.0,symmetric:11,symmetric,1.0,real:11,real,1.0,exact_numerical_or_hermitian:11,exact_numerical_or_hermitian,1.0,no:7; yes:4,no,0.636364,undirected weighted graph:11,undirected weighted graph,1.0,missing:11,missing,1.0,no:11,no,1.0,yes:11,yes,1.0,100k_to_1m:6; ge_1m:5,100k_to_1m,0.545455,FlowIPM22/uni_chimera_i1=100000; FlowIPM22/uni_chimera_i2=100000; FlowIPM22/uni_chimera_i3=100000; FlowIPM22/uni_chimera_i4=100000; FlowIPM22/uni_chimera_i5=100000,FlowIPM22/Spielman_k600=72180402,FlowIPM22/uni_chimera_i1=100000; FlowIPM22/uni_chimera_i2=100000; FlowIPM22/uni_chimera_i3=100000; FlowIPM22/uni_chimera_i4=100000; FlowIPM22/uni_chimera_i5=100000,FlowIPM22/Spielman_k600=72180402,FlowIPM22/uni_chimera_i3=499696,FlowIPM22/Spielman_k600=216902404,FlowIPM22/uni_chimera_i3=499696,FlowIPM22/Spielman_k600=216902404
Fluorem,5,type_homogeneous_size_diverse,0.0,0,1,3.349055,4.38127,4.38127,0,0,903,161070,2017169,903,161070,2017169,11766,8185136,283073458,11766,8185136,283073458,0.8446615474952066,0.9261667922354103,0.9614287029365737,0.0,9.457852263618717e-06,0.0007082780488857875,square:5,square,1.0,unsymmetric:5,unsymmetric,1.0,real:5,real,1.0,partially_pattern_symmetric:5,partially_pattern_symmetric,1.0,no:5,no,1.0,computational fluid dynamics problem:5,computational fluid dynamics problem,1.0,true:5,true,1.0,yes:5,yes,1.0,no:5,no,1.0,100k_to_1m:2; 1k_to_10k:1; ge_1m:1; lt_1k:1,100k_to_1m,0.4,Fluorem/DK01R=903,Fluorem/HV15R=2017169,Fluorem/DK01R=903,Fluorem/HV15R=2017169,Fluorem/DK01R=11766,Fluorem/HV15R=283073458,Fluorem/DK01R=11766,Fluorem/HV15R=283073458
FreeFieldTechnologies,1,small_group_lt5,0.0,0,1,0.0,0.0,0.0,1,2492,169410,169410,169410,169410,169410,169410,5033796,5033796,5033796,5036288,5036288,5036288,1.0,1,1.0,0.820796293715178,0.820796293715178,0.820796293715178,square:1,square,1.0,unsymmetric:1,unsymmetric,1.0,complex:1,complex,1.0,pattern_symmetric_only:1,pattern_symmetric_only,1.0,no:1,no,1.0,acoustics problem:1,acoustics problem,1.0,true:1,true,1.0,yes:1,yes,1.0,no:1,no,1.0,100k_to_1m:1,100k_to_1m,1.0,FreeFieldTechnologies/mono_500Hz=169410,FreeFieldTechnologies/mono_500Hz=169410,FreeFieldTechnologies/mono_500Hz=169410,FreeFieldTechnologies/mono_500Hz=169410,FreeFieldTechnologies/mono_500Hz=5033796,FreeFieldTechnologies/mono_500Hz=5033796,FreeFieldTechnologies/mono_500Hz=5036288,FreeFieldTechnologies/mono_500Hz=5036288
Freescale,8,mixed_some_attributes,0.020833,1,2,1.492416,1.791805,1.791614,7,16392927,178866,2993180.5,5558326,178866,2993180.5,5558326,961368,14589322,59524291,961790,19057270,59524291,0.9058013004223939,0.9924913468404921,0.9999998517635799,0.005614865134161801,0.4107363247105668,0.8220579996645768,square:8,square,1.0,unsymmetric:8,unsymmetric,1.0,real:8,real,1.0,partially_pattern_symmetric:8,partially_pattern_symmetric,1.0,no:8,no,1.0,circuit simulation matrix:1; circuit simulation problem:7,circuit simulation problem,0.875,true:8,true,1.0,no:8,no,1.0,no:8,no,1.0,100k_to_1m:2; ge_1m:6,ge_1m,0.75,Freescale/transient=178866,Freescale/circuit5M=5558326,Freescale/transient=178866,Freescale/circuit5M=5558326,Freescale/transient=961368,Freescale/circuit5M=59524291,Freescale/transient=961790,Freescale/circuit5M=59524291
GAP,5,categorically_heterogeneous,0.2,3,2,0.748552,1.871719,1.871719,0,0,23947347,61578415,134217728,23947347,61578415,134217728,57708624,1930292948,4294966740,57708624,1930292948,4294966740,0.1245713694644861,1,1.0,0.0004892386935249789,1,1.0,square:5,square,1.0,symmetric:3; unsymmetric:2,symmetric,0.6,integer:5,integer,1.0,exact_numerical_or_hermitian:3; partially_pattern_symmetric:2,exact_numerical_or_hermitian,0.6,no:5,no,1.0,directed weighted graph:3; random undirected weighted graph:2,directed weighted graph,0.6,missing:5,missing,1.0,no:5,no,1.0,no:5,no,1.0,ge_1m:5,ge_1m,1.0,GAP/GAP-road=23947347,GAP/GAP-urand=134217728,GAP/GAP-road=23947347,GAP/GAP-urand=134217728,GAP/GAP-road=57708624,GAP/GAP-urand=4294966740,GAP/GAP-road=57708624,GAP/GAP-urand=4294966740
GHS_indef,60,mixed_some_attributes,0.097222,1,8,2.19127,3.098399,3.098399,13,46212,3002,46950,466316,3002,46950,466316,9000,426705,11288630,9000,426705,11288630,1.0,1,1.0,1.0,1,1.0,square:60,square,1.0,symmetric:60,symmetric,1.0,integer:3; real:57,real,0.95,exact_numerical_or_hermitian:60,exact_numerical_or_hermitian,1.0,no:59; yes:1,no,0.983333,2D/3D problem:16; computational fluid dynamics problem:4; duplicate 2D/3D problem:1; materials problem:4; optimization problem:29; statistical/mathematical problem:2; structural problem:3; subsequent optimization problem:1,optimization problem,0.483333,false:7; true:53,true,0.883333,no:32; yes:28,no,0.533333,no:55; yes:5,no,0.916667,100k_to_1m:8; 10k_to_100k:50; 1k_to_10k:2,10k_to_100k,0.833333,GHS_indef/laser=3002,GHS_indef/boyd2=466316,GHS_indef/laser=3002,GHS_indef/boyd2=466316,GHS_indef/laser=9000,GHS_indef/bmw3_2=11288630,GHS_indef/laser=9000,GHS_indef/bmw3_2=11288630
GHS_psdef,32,categorically_heterogeneous,0.177083,3,7,1.789829,2.883361,2.883361,9,6842388,15449,51402,952203,15449,51402,952203,101576,1345303.5,77651847,101576,1345303.5,77651847,1.0,1,1.0,1.0,1,1.0,square:32,square,1.0,symmetric:32,symmetric,1.0,binary:10; real:22,real,0.6875,exact_numerical_or_hermitian:32,exact_numerical_or_hermitian,1.0,no:10; yes:22,yes,0.6875,computational fluid dynamics problem:2; duplicate computational fluid dynamics problem:1; duplicate optimization problem:1; duplicate structural problem:1; optimization problem:7; random 2D/3D problem:2; structural problem:18,structural problem,0.5625,true:32,true,1.0,no:8; yes:24,yes,0.75,yes:32,yes,1.0,100k_to_1m:8; 10k_to_100k:24,10k_to_100k,0.75,GHS_psdef/opt1=15449,GHS_psdef/ldoor=952203,GHS_psdef/opt1=15449,GHS_psdef/ldoor=952203,GHS_psdef/ford1=101576,GHS_psdef/audikw_1=77651847,GHS_psdef/ford1=101576,GHS_psdef/audikw_1=77651847
Gaertner,3,small_group_lt5,0.166667,3,2,0.088493,0.110964,0.110964,0,0,10774,11738,13209,10774,11738,13209,70842,79566,91465,70842,79566,91465,1.0,1,1.0,0.999970513652179,0.999974442854222,1.0,square:3,square,1.0,symmetric:1; unsymmetric:2,unsymmetric,0.666667,integer:3,integer,1.0,exact_numerical_or_hermitian:1; pattern_symmetric_only:2,pattern_symmetric_only,0.666667,no:3,no,1.0,directed weighted graph:2; undirected weighted graph:1,directed weighted graph,0.666667,missing:3,missing,1.0,no:3,no,1.0,no:2; yes:1,no,0.666667,10k_to_100k:3,10k_to_100k,1.0,Gaertner/nopoly=10774,Gaertner/big=13209,Gaertner/nopoly=10774,Gaertner/big=13209,Gaertner/nopoly=70842,Gaertner/big=91465,Gaertner/nopoly=70842,Gaertner/big=91465
Garon,2,small_group_lt5,0.0,0,1,0.629715,0.643981,0.642706,2,21576,3175,8355,13535,3175,8355,13535,84723,228979,373235,88927,239767,390607,1.0,1,1.0,0.6720847366622736,0.6723833591974528,0.6726819817326322,square:2,square,1.0,unsymmetric:2,unsymmetric,1.0,real:2,real,1.0,pattern_symmetric_only:2,pattern_symmetric_only,1.0,no:2,no,1.0,computational fluid dynamics problem:2,computational fluid dynamics problem,1.0,true:2,true,1.0,yes:2,yes,1.0,no:2,no,1.0,10k_to_100k:1; 1k_to_10k:1,10k_to_100k,0.5,Garon/garon1=3175,Garon/garon2=13535,Garon/garon1=3175,Garon/garon2=13535,Garon/garon1=84723,Garon/garon2=373235,Garon/garon1=88927,Garon/garon2=390607
GenBank,5,homogeneous,0.0,0,1,0.589727,0.598844,0.598844,0,0,55042369,139353211,214005017,55042369,139353211,214005017,117217600,297829984,465410904,117217600,297829984,465410904,1.0,1,1.0,1.0,1,1.0,square:5,square,1.0,symmetric:5,symmetric,1.0,binary:5,binary,1.0,exact_numerical_or_hermitian:5,exact_numerical_or_hermitian,1.0,no:5,no,1.0,undirected graph:5,undirected graph,1.0,missing:5,missing,1.0,no:5,no,1.0,no:5,no,1.0,ge_1m:5,ge_1m,1.0,GenBank/kmer_V2a=55042369,GenBank/kmer_V1r=214005017,GenBank/kmer_V2a=55042369,GenBank/kmer_V1r=214005017,GenBank/kmer_V2a=117217600,GenBank/kmer_V1r=465410904,GenBank/kmer_V2a=117217600,GenBank/kmer_V1r=465410904
Gleich,10,categorically_heterogeneous,0.15,3,2,3.571315,3.937127,3.937127,0,0,2642,1227933.5,9845725,2642,1227933.5,9845725,6606,14795146,57156537,6606,14795146,57156537,0.1171832378930545,0.3926833803963951,1.0,0.1171832378930545,0.3926833803963951,1.0,square:10,square,1.0,symmetric:3; unsymmetric:7,unsymmetric,0.7,binary:10,binary,1.0,exact_numerical_or_hermitian:3; partially_pattern_symmetric:7,partially_pattern_symmetric,0.7,no:10,no,1.0,directed graph:7; undirected graph:3,directed graph,0.7,missing:10,missing,1.0,no:10,no,1.0,no:10,no,1.0,100k_to_1m:3; 1k_to_10k:2; ge_1m:5,ge_1m,0.5,Gleich/minnesota=2642,Gleich/wb-edu=9845725,Gleich/minnesota=2642,Gleich/wb-edu=9845725,Gleich/minnesota=6606,Gleich/wb-edu=57156537,Gleich/minnesota=6606,Gleich/wb-edu=57156537
Goodwin,12,mixed_some_attributes,0.027778,1,2,2.178867,2.252858,2.252858,1,12,1182,14032,178437,1182,14032,178437,32282,443224.5,5778545,32282,443230.5,5778545,0.6353114022282706,0.9617420289795222,0.9902002197399873,0.0,0.06273502929179821,0.06589012929818107,square:12,square,1.0,unsymmetric:12,unsymmetric,1.0,real:12,real,1.0,partially_pattern_symmetric:12,partially_pattern_symmetric,1.0,no:12,no,1.0,computational fluid dynamics:10; computational fluid dynamics problem:2,computational fluid dynamics,0.833333,true:12,true,1.0,yes:12,yes,1.0,no:12,no,1.0,100k_to_1m:2; 10k_to_100k:5; 1k_to_10k:5,10k_to_100k,0.416667,Goodwin/Goodwin_010=1182,Goodwin/Goodwin_127=178437,Goodwin/Goodwin_010=1182,Goodwin/Goodwin_127=178437,Goodwin/Goodwin_010=32282,Goodwin/Goodwin_127=5778545,Goodwin/Goodwin_010=32282,Goodwin/Goodwin_127=5778545
Graham,1,small_group_lt5,0.0,0,1,0.0,0.0,0.0,1,32,9035,9035,9035,9035,9035,9035,335472,335472,335472,335504,335504,335504,0.718197839525901,0.718197839525901,0.718197839525901,0.0004322586733311619,0.0004322586733311619,0.0004322586733311619,square:1,square,1.0,unsymmetric:1,unsymmetric,1.0,real:1,real,1.0,partially_pattern_symmetric:1,partially_pattern_symmetric,1.0,no:1,no,1.0,computational fluid dynamics problem:1,computational fluid dynamics problem,1.0,true:1,true,1.0,yes:1,yes,1.0,no:1,no,1.0,1k_to_10k:1,1k_to_10k,1.0,Graham/graham1=9035,Graham/graham1=9035,Graham/graham1=9035,Graham/graham1=9035,Graham/graham1=335472,Graham/graham1=335472,Graham/graham1=335504,Graham/graham1=335504
Grueninger,2,small_group_lt5,0.0,0,1,0.694061,0.866354,1.068031,2,2050722,8256,24536,40816,8256,24536,40816,109368,456673,803978,233468,1482034,2730600,1.0,1,1.0,0.0,0,0.0,square:2,square,1.0,unsymmetric:2,unsymmetric,1.0,real:2,real,1.0,pattern_symmetric_only:2,pattern_symmetric_only,1.0,no:2,no,1.0,computational fluid dynamics problem:2,computational fluid dynamics problem,1.0,true:2,true,1.0,yes:2,yes,1.0,no:2,no,1.0,10k_to_100k:1; 1k_to_10k:1,10k_to_100k,0.5,Grueninger/windtunnel_evap2d=8256,Grueninger/windtunnel_evap3d=40816,Grueninger/windtunnel_evap2d=8256,Grueninger/windtunnel_evap3d=40816,Grueninger/windtunnel_evap2d=109368,Grueninger/windtunnel_evap3d=803978,Grueninger/windtunnel_evap2d=233468,Grueninger/windtunnel_evap3d=2730600
Grund,22,mixed_some_attributes,0.068182,1,3,3.916341,4.26339,4.2676,17,186212,7,3268,57735,7,3268,57735,15,20839,275094,15,27836,277774,0.0,0.006682474671265359,1.0,0.0,0.0004982346027775649,1.0,square:22,square,1.0,symmetric:1; unsymmetric:21,unsymmetric,0.954545,real:22,real,1.0,exact_numerical_or_hermitian:1; partially_pattern_symmetric:20; pattern_unsymmetric:1,partially_pattern_symmetric,0.909091,no:22,no,1.0,chemical process simulation problem:16; circuit simulation problem:2; economic problem:4,chemical process simulation problem,0.727273,true:22,true,1.0,no:22,no,1.0,no:22,no,1.0,10k_to_100k:7; 1k_to_10k:11; lt_1k:4,1k_to_10k,0.5,Grund/b1_ss=7,Grund/bayer01=57735,Grund/b1_ss=7,Grund/bayer01=57735,Grund/b1_ss=15,Grund/bayer01=275094,Grund/b1_ss=15,Grund/bayer01=277774
Gset,67,mixed_some_attributes,0.166667,2,3,1.09691,1.413499,1.413499,0,0,800,2000,10000,800,2000,10000,3200,23570,82918,3200,23570,82918,1.0,1,1.0,1.0,1,1.0,square:67,square,1.0,symmetric:67,symmetric,1.0,binary:34; integer:33,binary,0.507463,exact_numerical_or_hermitian:67,exact_numerical_or_hermitian,1.0,no:67,no,1.0,duplicate undirected random graph:12; undirected random graph:22; undirected weighted random graph:33,undirected weighted random graph,0.492537,missing:67,missing,1.0,no:67,no,1.0,no:67,no,1.0,10k_to_100k:1; 1k_to_10k:45; lt_1k:21,1k_to_10k,0.671642,Gset/G1=800; Gset/G10=800; Gset/G11=800; Gset/G12=800; Gset/G13=800; Gset/G14=800; Gset/G15=800; Gset/G16=800; Gset/G17=800; Gset/G18=800; Gset/G19=800; Gset/G2=800; Gset/G20=800; Gset/G21=800; Gset/G3=800; Gset/G4=800; Gset/G5=800; Gset/G6=800; Gset/G7=800; Gset/G8=800; Gset/G9=800,Gset/G67=10000,Gset/G1=800; Gset/G10=800; Gset/G11=800; Gset/G12=800; Gset/G13=800; Gset/G14=800; Gset/G15=800; Gset/G16=800; Gset/G17=800; Gset/G18=800; Gset/G19=800; Gset/G2=800; Gset/G20=800; Gset/G21=800; Gset/G3=800; Gset/G4=800; Gset/G5=800; Gset/G6=800; Gset/G7=800; Gset/G8=800; Gset/G9=800,Gset/G67=10000,Gset/G11=3200; Gset/G12=3200; Gset/G13=3200,Gset/G63=82918; Gset/G64=82918,Gset/G11=3200; Gset/G12=3200; Gset/G13=3200,Gset/G63=82918; Gset/G64=82918
Guettel,3,small_group_lt5,0.0,0,1,0.817132,1.251333,1.251333,0,0,27623,152078,181302,27623,152078,181302,439469,6459326,7839010,439469,6459326,7839010,1.0,1,1.0,1.0,1,1.0,square:3,square,1.0,symmetric:3,symmetric,1.0,real:3,real,1.0,exact_numerical_or_hermitian:3,exact_numerical_or_hermitian,1.0,no:3,no,1.0,electromagnetics problem:3,electromagnetics problem,1.0,true:3,true,1.0,yes:3,yes,1.0,yes:3,yes,1.0,100k_to_1m:2; 10k_to_100k:1,100k_to_1m,0.666667,Guettel/TEM27623=27623,Guettel/TEM181302=181302,Guettel/TEM27623=27623,Guettel/TEM181302=181302,Guettel/TEM27623=439469,Guettel/TEM181302=7839010,Guettel/TEM27623=439469,Guettel/TEM181302=7839010
Gupta,3,small_group_lt5,0.0,0,1,0.56797,0.634276,0.634276,0,0,16783,31802,62064,16783,31802,62064,2164210,4248286,9323427,2164210,4248286,9323427,1.0,1,1.0,1.0,1,1.0,square:3,square,1.0,symmetric:3,symmetric,1.0,binary:3,binary,1.0,exact_numerical_or_hermitian:3,exact_numerical_or_hermitian,1.0,no:3,no,1.0,optimization problem:3,optimization problem,1.0,true:3,true,1.0,no:3,no,1.0,yes:3,yes,1.0,10k_to_100k:3,10k_to_100k,1.0,Gupta/gupta3=16783,Gupta/gupta2=62064,Gupta/gupta3=16783,Gupta/gupta2=62064,Gupta/gupta1=2164210,Gupta/gupta3=9323427,Gupta/gupta1=2164210,Gupta/gupta3=9323427
HB,292,categorically_heterogeneous,0.352169,5,25,3.69518,4.930162,4.629132,51,41359,9,680,44609,9,670.5,44609,24,4089,2043492,48,4089,2043492,0.0,1,1.0,0.0,1,1.0,rectangular:16; square:276,square,0.945205,rectangular:16; skew-symmetric:2; symmetric:169; unsymmetric:105,symmetric,0.578767,binary:112; complex:3; integer:7; real:170,real,0.582192,exact_numerical_or_hermitian:169; partially_pattern_symmetric:83; pattern_symmetric_only:15; pattern_unsymmetric:9; rectangular:16,exact_numerical_or_hermitian,0.578767,no:232; yes:60,no,0.794521,2D/3D problem:22; 2D/3D problem sequence:4; acoustics problem:3; chemical process simulation problem:16; computational fluid dynamics problem:27; counter-example problem:3; directed graph:1; directed weighted graph:8; duplicate acoustics problem:1; duplicate structural problem:2; duplicate thermal problem:1; economic problem:14; least squares problem:11; materials problem:1; optimization problem:1; optimization problem sequence:3; power network problem:16; power network problem sequence:1; semiconductor device problem:2; statistical/mathematical problem:1; structural problem:119; subsequent 2D/3D problem:10; subsequent optimization problem:13; subsequent power network problem:1; thermal problem:11,structural problem,0.407534,false:20; missing:9; true:263,true,0.900685,no:89; yes:203,yes,0.695205,no:140; yes:152,yes,0.520548,10k_to_100k:9; 1k_to_10k:98; lt_1k:185,lt_1k,0.633562,HB/jgl009=9,HB/bcsstk32=44609,HB/jgl009=9,HB/bcsstk32=44609,HB/bcsstm01=24,HB/bcsstk30=2043492,HB/bcsstm01=48,HB/bcsstk30=2043492
HVDC,2,small_group_lt5,0.0,0,1,0.883247,0.927161,0.925387,2,9190,24842,107351,189860,24842,107351,189860,158426,749032,1339638,159981,753627,1347273,0.9817003233707516,0.9851479287391602,0.9885955341075688,0.06323365458033522,0.08111318278984582,0.09899271099935641,square:2,square,1.0,unsymmetric:2,unsymmetric,1.0,real:2,real,1.0,partially_pattern_symmetric:2,partially_pattern_symmetric,1.0,no:2,no,1.0,power network problem:2,power network problem,1.0,true:2,true,1.0,no:2,no,1.0,no:2,no,1.0,100k_to_1m:1; 10k_to_100k:1,100k_to_1m,0.5,HVDC/hvdc1=24842,HVDC/hvdc2=189860,HVDC/hvdc1=24842,HVDC/hvdc2=189860,HVDC/hvdc1=158426,HVDC/hvdc2=1339638,HVDC/hvdc1=159981,HVDC/hvdc2=1347273
Hamm,6,mixed_some_attributes,0.055556,1,1,1.853686,1.862831,1.743267,3,35207,2395,43330,170998,2395,43330,170998,13151,237352.5,958936,17319,250854,958936,0.9999410961997232,1,1.0,0.1951139297670355,0.5113996859135346,0.9084315976207868,square:6,square,1.0,unsymmetric:6,unsymmetric,1.0,real:6,real,1.0,partially_pattern_symmetric:2; pattern_symmetric_only:4,pattern_symmetric_only,0.666667,no:6,no,1.0,circuit simulation problem:6,circuit simulation problem,1.0,true:6,true,1.0,no:6,no,1.0,no:6,no,1.0,100k_to_1m:2; 10k_to_100k:2; 1k_to_10k:2,100k_to_1m,0.333333,Hamm/add20=2395,Hamm/scircuit=170998,Hamm/add20=2395,Hamm/scircuit=170998,Hamm/add20=13151,Hamm/scircuit=958936,Hamm/add20=17319,Hamm/scircuit=958936
Hamrle,3,small_group_lt5,0.0,0,1,4.655427,4.75026,4.75026,0,0,32,5952,1447360,32,5952,1447360,98,22162,5514242,98,22162,5514242,2.538882993038383e-06,0.0009930486593843098,0.06451612903225806,0.0,0,0.0001805543017062382,square:3,square,1.0,unsymmetric:3,unsymmetric,1.0,real:3,real,1.0,partially_pattern_symmetric:3,partially_pattern_symmetric,1.0,no:3,no,1.0,circuit simulation problem:3,circuit simulation problem,1.0,true:3,true,1.0,no:3,no,1.0,no:3,no,1.0,1k_to_10k:1; ge_1m:1; lt_1k:1,1k_to_10k,0.333333,Hamrle/Hamrle1=32,Hamrle/Hamrle3=1447360,Hamrle/Hamrle1=32,Hamrle/Hamrle3=1447360,Hamrle/Hamrle1=98,Hamrle/Hamrle3=5514242,Hamrle/Hamrle1=98,Hamrle/Hamrle3=5514242
Hardesty,3,small_group_lt5,0.222222,4,1,0.94632,1.002631,1.002631,0,0,929901,938905,8217820,303645,938905,7591564,4020731,12143314,40451632,4020731,12143314,40451632,0.0,0,1.0,0.0,0,1.0,rectangular:2; square:1,rectangular,0.666667,rectangular:2; symmetric:1,rectangular,0.666667,integer:1; real:2,real,0.666667,exact_numerical_or_hermitian:1; rectangular:2,rectangular,0.666667,no:3,no,1.0,computer graphics/vision problem:3,computer graphics/vision problem,1.0,true:3,true,1.0,yes:3,yes,1.0,no:3,no,1.0,100k_to_1m:2; ge_1m:1,100k_to_1m,0.666667,Hardesty/Hardesty2=929901,Hardesty/Hardesty3=8217820,Hardesty/Hardesty2=303645,Hardesty/Hardesty3=7591564,Hardesty/Hardesty2=4020731,Hardesty/Hardesty3=40451632,Hardesty/Hardesty2=4020731,Hardesty/Hardesty3=40451632
Harvard_Seismology,1,small_group_lt5,0.0,0,1,0.0,0.0,0.0,0,0,87616,87616,87616,67320,67320,67320,13734559,13734559,13734559,13734559,13734559,13734559,0.0,0,0.0,0.0,0,0.0,rectangular:1,rectangular,1.0,rectangular:1,rectangular,1.0,real:1,real,1.0,rectangular:1,rectangular,1.0,no:1,no,1.0,tomography problem:1,tomography problem,1.0,false:1,false,1.0,no:1,no,1.0,no:1,no,1.0,10k_to_100k:1,10k_to_100k,1.0,Harvard_Seismology/JP=87616,Harvard_Seismology/JP=87616,Harvard_Seismology/JP=67320,Harvard_Seismology/JP=67320,Harvard_Seismology/JP=13734559,Harvard_Seismology/JP=13734559,Harvard_Seismology/JP=13734559,Harvard_Seismology/JP=13734559
Hohn,6,mixed_some_attributes,0.027778,1,1,0.340523,1.522862,1.534216,3,53466,7500,11532,16428,7500,11532,16428,28462,173699,948696,28462,179196,973826,0.0,0.005925966048435875,0.01755337541442645,0.0,0,0.0,square:6,square,1.0,unsymmetric:6,unsymmetric,1.0,real:6,real,1.0,partially_pattern_symmetric:5; pattern_unsymmetric:1,partially_pattern_symmetric,0.833333,no:6,no,1.0,materials problem:6,materials problem,1.0,true:6,true,1.0,yes:6,yes,1.0,no:6,no,1.0,10k_to_100k:4; 1k_to_10k:2,10k_to_100k,0.666667,Hohn/fd12=7500; Hohn/sinc12=7500,Hohn/fd18=16428; Hohn/sinc18=16428,Hohn/fd12=7500; Hohn/sinc12=7500,Hohn/fd18=16428; Hohn/sinc18=16428,Hohn/fd12=28462,Hohn/sinc18=948696,Hohn/fd12=28462,Hohn/sinc18=973826
Hollinger,49,homogeneous,0.0,0,1,1.347391,1.595132,1.63018,49,1559421,2880,27534,64089,2880,27534,64089,18229,190224,717620,19635,215862,837936,0.003290255360374358,0.03703210435580416,0.07395887333678935,0.0,0,0.01417215070061332,square:49,square,1.0,unsymmetric:49,unsymmetric,1.0,real:49,real,1.0,partially_pattern_symmetric:49,partially_pattern_symmetric,1.0,no:49,no,1.0,economic problem:49,economic problem,1.0,true:49,true,1.0,no:49,no,1.0,no:49,no,1.0,10k_to_100k:41; 1k_to_10k:8,10k_to_100k,0.836735,Hollinger/g7jac010=2880; Hollinger/g7jac010sc=2880,Hollinger/mark3jac140=64089; Hollinger/mark3jac140sc=64089,Hollinger/g7jac010=2880; Hollinger/g7jac010sc=2880,Hollinger/mark3jac140=64089; Hollinger/mark3jac140sc=64089,Hollinger/g7jac010=18229; Hollinger/g7jac010sc=18229,Hollinger/g7jac200=717620; Hollinger/g7jac200sc=717620,Hollinger/g7jac010=19635; Hollinger/g7jac010sc=19635,Hollinger/g7jac200=837936; Hollinger/g7jac200sc=837936
IBM_Austin,1,small_group_lt5,0.0,0,1,0.0,0.0,0.0,1,1330,11341,11341,11341,11341,11341,11341,97193,97193,97193,98523,98523,98523,1.0,1,1.0,0.7823373235828404,0.7823373235828404,0.7823373235828404,square:1,square,1.0,unsymmetric:1,unsymmetric,1.0,real:1,real,1.0,pattern_symmetric_only:1,pattern_symmetric_only,1.0,no:1,no,1.0,circuit simulation problem:1,circuit simulation problem,1.0,true:1,true,1.0,no:1,no,1.0,no:1,no,1.0,10k_to_100k:1,10k_to_100k,1.0,IBM_Austin/coupled=11341,IBM_Austin/coupled=11341,IBM_Austin/coupled=11341,IBM_Austin/coupled=11341,IBM_Austin/coupled=97193,IBM_Austin/coupled=97193,IBM_Austin/coupled=98523,IBM_Austin/coupled=98523
IBM_EDA,7,mixed_some_attributes,0.095238,1,3,0.371199,0.362261,0.361971,3,33414,49702,116835,116835,49702,116835,116835,332807,749800,766396,333029,766396,766396,0.8542477149952045,0.8542477149952045,0.9838102263462359,0.2426284829292399,0.3018997890878642,0.7360237367761078,square:7,square,1.0,unsymmetric:7,unsymmetric,1.0,real:7,real,1.0,partially_pattern_symmetric:7,partially_pattern_symmetric,1.0,no:7,no,1.0,circuit simulation problem:2; circuit simulation problem sequence:2; subsequent circuit simulation problem:3,subsequent circuit simulation problem,0.428571,true:7,true,1.0,no:7,no,1.0,no:7,no,1.0,100k_to_1m:5; 10k_to_100k:2,100k_to_1m,0.714286,IBM_EDA/ckt11752_dc_1=49702; IBM_EDA/ckt11752_tr_0=49702,IBM_EDA/dc1=116835; IBM_EDA/dc2=116835; IBM_EDA/dc3=116835; IBM_EDA/trans4=116835; IBM_EDA/trans5=116835,IBM_EDA/ckt11752_dc_1=49702; IBM_EDA/ckt11752_tr_0=49702,IBM_EDA/dc1=116835; IBM_EDA/dc2=116835; IBM_EDA/dc3=116835; IBM_EDA/trans4=116835; IBM_EDA/trans5=116835,IBM_EDA/ckt11752_tr_0=332807,IBM_EDA/dc1=766396; IBM_EDA/dc2=766396; IBM_EDA/dc3=766396,IBM_EDA/ckt11752_dc_1=333029; IBM_EDA/ckt11752_tr_0=333029,IBM_EDA/dc1=766396; IBM_EDA/dc2=766396; IBM_EDA/dc3=766396; IBM_EDA/trans4=766396; IBM_EDA/trans5=766396
INPRO,1,small_group_lt5,0.0,0,1,0.0,0.0,0.0,1,1067772,415863,415863,415863,415863,415863,415863,19173163,19173163,19173163,20240935,20240935,20240935,1.0,1,1.0,1.0,1,1.0,square:1,square,1.0,symmetric:1,symmetric,1.0,real:1,real,1.0,exact_numerical_or_hermitian:1,exact_numerical_or_hermitian,1.0,yes:1,yes,1.0,structural problem:1,structural problem,1.0,true:1,true,1.0,yes:1,yes,1.0,yes:1,yes,1.0,100k_to_1m:1,100k_to_1m,1.0,INPRO/msdoor=415863,INPRO/msdoor=415863,INPRO/msdoor=415863,INPRO/msdoor=415863,INPRO/msdoor=19173163,INPRO/msdoor=19173163,INPRO/msdoor=20240935,INPRO/msdoor=20240935
IPSO,7,homogeneous,0.0,0,1,1.444137,1.153119,1.105278,7,330898,8140,29902,226340,8140,29902,226340,141478,762969,2012833,158273,820804,2016902,1.0,1,1.0,1.0,1,1.0,square:7,square,1.0,symmetric:7,symmetric,1.0,real:7,real,1.0,exact_numerical_or_hermitian:7,exact_numerical_or_hermitian,1.0,no:7,no,1.0,power network problem:7,power network problem,1.0,true:7,true,1.0,no:7,no,1.0,no:7,no,1.0,100k_to_1m:2; 10k_to_100k:3; 1k_to_10k:2,10k_to_100k,0.428571,IPSO/TSC_OPF_1047=8140,IPSO/HTC_336_4438=226340; IPSO/HTC_336_9129=226340,IPSO/TSC_OPF_1047=8140,IPSO/HTC_336_4438=226340; IPSO/HTC_336_9129=226340,IPSO/OPF_3754=141478,IPSO/TSC_OPF_1047=2012833,IPSO/OPF_3754=158273,IPSO/TSC_OPF_1047=2016902
JGD_BIBD,21,type_homogeneous_size_diverse,0.031746,0,1,3.580558,4.550595,4.550595,0,0,36,136,3240,84,3240,319770,252,25740,8953560,252,25740,8953560,0.0,0,1.0,0.0,0,1.0,rectangular:20; square:1,rectangular,0.952381,rectangular:20; symmetric:1,rectangular,0.952381,binary:21,binary,1.0,exact_numerical_or_hermitian:1; rectangular:20,rectangular,0.952381,no:20; yes:1,no,0.952381,combinatorial problem:21,combinatorial problem,1.0,true:21,true,1.0,no:21,no,1.0,no:20; yes:1,no,0.952381,100k_to_1m:2; 10k_to_100k:6; 1k_to_10k:6; lt_1k:7,lt_1k,0.333333,JGD_BIBD/bibd_9_3=36; JGD_BIBD/bibd_9_5=36,JGD_BIBD/bibd_81_2=3240; JGD_BIBD/bibd_81_3=3240,JGD_BIBD/bibd_9_3=84,JGD_BIBD/bibd_22_8=319770,JGD_BIBD/bibd_9_3=252,JGD_BIBD/bibd_22_8=8953560,JGD_BIBD/bibd_9_3=252,JGD_BIBD/bibd_22_8=8953560
JGD_CAG,3,small_group_lt5,0.0,0,1,1.425063,2.287042,2.287042,0,0,72,364,1916,72,364,1916,1012,13585,195985,1012,13585,195985,0.3002540333592691,0.4155510173209288,0.5574468085106383,0.2119864584245809,0.2804628999319265,0.3340425531914893,square:3,square,1.0,unsymmetric:3,unsymmetric,1.0,integer:3,integer,1.0,partially_pattern_symmetric:3,partially_pattern_symmetric,1.0,no:3,no,1.0,combinatorial problem:3,combinatorial problem,1.0,true:3,true,1.0,no:3,no,1.0,no:3,no,1.0,1k_to_10k:1; lt_1k:2,lt_1k,0.666667,JGD_CAG/CAG_mat72=72,JGD_CAG/CAG_mat1916=1916,JGD_CAG/CAG_mat72=72,JGD_CAG/CAG_mat1916=1916,JGD_CAG/CAG_mat72=1012,JGD_CAG/CAG_mat1916=195985,JGD_CAG/CAG_mat72=1012,JGD_CAG/CAG_mat1916=195985
JGD_Forest,10,type_homogeneous_size_diverse,0.0,0,1,3.472982,3.846763,3.846763,0,0,99,4489,241029,107,5451,317955,622,54959.5,4370721,622,54959.5,4370721,0.0,0,0.0,0.0,0,0.0,rectangular:10,rectangular,1.0,rectangular:10,rectangular,1.0,integer:10,integer,1.0,rectangular:10,rectangular,1.0,no:10,no,1.0,combinatorial problem:10,combinatorial problem,1.0,true:10,true,1.0,no:10,no,1.0,no:10,no,1.0,100k_to_1m:2; 10k_to_100k:2; 1k_to_10k:3; lt_1k:3,1k_to_10k,0.3,JGD_Forest/TF10=99,JGD_Forest/TF19=241029,JGD_Forest/TF10=107,JGD_Forest/TF19=317955,JGD_Forest/TF10=622,JGD_Forest/TF19=4370721,JGD_Forest/TF10=622,JGD_Forest/TF19=4370721
JGD_Franz,11,homogeneous,0.0,0,1,1.32281,1.808886,1.808886,0,0,1280,7576,47104,768,4164,30144,5120,45456,329728,5120,45456,329728,0.0,0,0.0,0.0,0,0.0,rectangular:11,rectangular,1.0,rectangular:11,rectangular,1.0,integer:11,integer,1.0,rectangular:11,rectangular,1.0,no:11,no,1.0,combinatorial problem:11,combinatorial problem,1.0,true:11,true,1.0,no:11,no,1.0,no:11,no,1.0,10k_to_100k:5; 1k_to_10k:6,1k_to_10k,0.545455,JGD_Franz/Franz3=1280,JGD_Franz/Franz11=47104,JGD_Franz/Franz1=768,JGD_Franz/Franz11=30144,JGD_Franz/Franz1=5120,JGD_Franz/Franz11=329728,JGD_Franz/Franz1=5120,JGD_Franz/Franz11=329728
JGD_G5,13,type_homogeneous_size_diverse,0.0,0,1,2.79379,3.853298,3.853298,0,0,30,2296,47894,77,2875,41550,251,46260,1790490,251,46260,1790490,0.0,0,0.0,0.0,0,0.0,rectangular:13,rectangular,1.0,rectangular:13,rectangular,1.0,integer:13,integer,1.0,rectangular:13,rectangular,1.0,no:13,no,1.0,combinatorial problem:13,combinatorial problem,1.0,false:10; true:3,false,0.769231,no:13,no,1.0,no:13,no,1.0,10k_to_100k:4; 1k_to_10k:4; lt_1k:5,lt_1k,0.384615,JGD_G5/IG5-6=30,JGD_G5/IG5-18=47894,JGD_G5/IG5-6=77,JGD_G5/IG5-18=41550,JGD_G5/IG5-6=251,JGD_G5/IG5-18=1790490,JGD_G5/IG5-6=251,JGD_G5/IG5-18=1790490
JGD_GL6,5,homogeneous,0.0,0,1,0.271385,0.476698,0.476698,0,0,163,469,636,201,470,637,2053,4349,6153,2053,4349,6153,0.0,0,0.0,0.0,0,0.0,rectangular:5,rectangular,1.0,rectangular:5,rectangular,1.0,integer:5,integer,1.0,rectangular:5,rectangular,1.0,no:5,no,1.0,combinatorial problem:5,combinatorial problem,1.0,false:5,false,1.0,no:5,no,1.0,no:5,no,1.0,lt_1k:5,lt_1k,1.0,JGD_GL6/GL6_D_10=163,JGD_GL6/GL6_D_7=636,JGD_GL6/GL6_D_6=201,JGD_GL6/GL6_D_8=637,JGD_GL6/GL6_D_10=2053,JGD_GL6/GL6_D_8=6153,JGD_GL6/GL6_D_10=2053,JGD_GL6/GL6_D_8=6153
JGD_GL7d,17,type_homogeneous_size_diverse,0.0,0,1,4.513064,6.668883,6.668883,0,0,1,171375,1955309,60,171375,1955309,8,2695430,37322725,8,2695430,37322725,0.0,0,0.0,0.0,0,0.0,rectangular:17,rectangular,1.0,rectangular:17,rectangular,1.0,integer:17,integer,1.0,rectangular:17,rectangular,1.0,no:17,no,1.0,combinatorial problem:17,combinatorial problem,1.0,false:9; true:8,false,0.529412,no:17,no,1.0,no:17,no,1.0,100k_to_1m:6; 10k_to_100k:2; 1k_to_10k:3; ge_1m:5; lt_1k:1,100k_to_1m,0.352941,JGD_GL7d/GL7d10=1,JGD_GL7d/GL7d18=1955309,JGD_GL7d/GL7d10=60; JGD_GL7d/GL7d11=60,JGD_GL7d/GL7d19=1955309,JGD_GL7d/GL7d10=8,JGD_GL7d/GL7d19=37322725,JGD_GL7d/GL7d10=8,JGD_GL7d/GL7d19=37322725
JGD_Groebner,8,mixed_some_attributes,0.020833,1,1,1.154117,2.211965,2.211965,0,0,302,2414,4562,302,2511,5761,15118,171214,2462970,15118,171214,2462970,0.0,0,0.0,0.0,0,0.0,rectangular:8,rectangular,1.0,rectangular:8,rectangular,1.0,binary:1; integer:7,integer,0.875,rectangular:8,rectangular,1.0,no:8,no,1.0,combinatorial problem:8,combinatorial problem,1.0,false:1; true:7,true,0.875,no:8,no,1.0,no:8,no,1.0,1k_to_10k:5; lt_1k:3,1k_to_10k,0.625,JGD_Groebner/robot24c1_mat5_J=302,JGD_Groebner/c8_mat11=4562; JGD_Groebner/c8_mat11_I=4562,JGD_Groebner/robot24c1_mat5=302,JGD_Groebner/c8_mat11=5761; JGD_Groebner/c8_mat11_I=5761,JGD_Groebner/robot24c1_mat5=15118; JGD_Groebner/robot24c1_mat5_J=15118,JGD_Groebner/c8_mat11=2462970; JGD_Groebner/c8_mat11_I=2462970,JGD_Groebner/robot24c1_mat5=15118; JGD_Groebner/robot24c1_mat5_J=15118,JGD_Groebner/c8_mat11=2462970; JGD_Groebner/c8_mat11_I=2462970
JGD_Homology,128,type_homogeneous_size_diverse,0.023438,0,1,4.575557,5.274527,5.274527,1,360,6,2455.5,564480,6,1365,376320,18,13800,3386880,18,13800,3386880,0.0,0,1.0,0.0,0,0.5333333333333333,rectangular:122; square:6,rectangular,0.953125,rectangular:122; unsymmetric:6,rectangular,0.953125,integer:128,integer,1.0,partially_pattern_symmetric:5; pattern_symmetric_only:1; rectangular:122,rectangular,0.953125,no:128,no,1.0,combinatorial problem:128,combinatorial problem,1.0,false:2; true:126,true,0.984375,no:128,no,1.0,no:128,no,1.0,100k_to_1m:19; 10k_to_100k:22; 1k_to_10k:45; lt_1k:42,1k_to_10k,0.351562,JGD_Homology/ch3-3-b2=6; JGD_Homology/n3c4-b4=6,JGD_Homology/ch8-8-b5=564480,JGD_Homology/n3c4-b1=6,JGD_Homology/ch8-8-b5=376320,JGD_Homology/ch3-3-b2=18,JGD_Homology/ch8-8-b5=3386880,JGD_Homology/ch3-3-b2=18,JGD_Homology/ch8-8-b5=3386880
JGD_Kocay,12,type_homogeneous_size_diverse,0.013889,0,1,3.900504,6.458225,6.458225,0,0,1,35,3159,2,142.5,15905,1,1348,2872265,1,1348,2872265,0.0,0,0.0,0.0,0,0.0,rectangular:12,rectangular,1.0,rectangular:12,rectangular,1.0,binary:1; integer:11,integer,0.916667,rectangular:12,rectangular,1.0,no:12,no,1.0,combinatorial problem:12,combinatorial problem,1.0,true:12,true,1.0,no:12,no,1.0,no:12,no,1.0,10k_to_100k:1; 1k_to_10k:3; lt_1k:8,lt_1k,0.666667,JGD_Kocay/Trec3=1,JGD_Kocay/Trec14=3159,JGD_Kocay/Trec3=2,JGD_Kocay/Trec14=15905,JGD_Kocay/Trec3=1,JGD_Kocay/Trec14=2872265,JGD_Kocay/Trec3=1,JGD_Kocay/Trec14=2872265
JGD_Margulies,23,type_homogeneous_size_diverse,0.021739,0,1,4.557316,4.467391,4.467391,0,0,21,601,902103,25,513,723605,74,1538,2170814,74,1538,2170814,0.0,0,0.03252032520325204,0.0,0,0.03252032520325204,rectangular:22; square:1,rectangular,0.956522,rectangular:22; unsymmetric:1,rectangular,0.956522,binary:23,binary,1.0,partially_pattern_symmetric:1; rectangular:22,rectangular,0.956522,no:23,no,1.0,combinatorial problem:23,combinatorial problem,1.0,false:11; true:12,true,0.521739,no:23,no,1.0,no:23,no,1.0,100k_to_1m:3; 10k_to_100k:5; 1k_to_10k:2; lt_1k:13,lt_1k,0.565217,JGD_Margulies/wheel_3_1=21,JGD_Margulies/wheel_601=902103,JGD_Margulies/wheel_3_1=25,JGD_Margulies/wheel_601=723605,JGD_Margulies/wheel_3_1=74,JGD_Margulies/wheel_601=2170814,JGD_Margulies/wheel_3_1=74,JGD_Margulies/wheel_601=2170814
JGD_Relat,15,type_homogeneous_size_diverse,0.0,0,1,6.012839,6.335295,6.335295,0,0,12,2340,12360060,5,157,549336,18,8108,38955420,18,8108,38955420,0.0,0,0.0,0.0,0,0.0,rectangular:15,rectangular,1.0,rectangular:15,rectangular,1.0,integer:15,integer,1.0,rectangular:15,rectangular,1.0,no:15,no,1.0,combinatorial problem:15,combinatorial problem,1.0,false:15,false,1.0,no:15,no,1.0,no:15,no,1.0,100k_to_1m:2; 10k_to_100k:3; 1k_to_10k:2; ge_1m:2; lt_1k:6,lt_1k,0.4,JGD_Relat/rel3=12; JGD_Relat/relat3=12,JGD_Relat/relat9=12360060,JGD_Relat/rel3=5; JGD_Relat/relat3=5,JGD_Relat/relat9=549336,JGD_Relat/rel3=18,JGD_Relat/relat9=38955420,JGD_Relat/rel3=18,JGD_Relat/relat9=38955420
JGD_SL6,7,homogeneous,0.0,0,1,0.466656,0.91218,0.91218,0,0,169,815,1270,115,816,1271,1832,7614,14966,1832,7614,14966,0.0,0,0.0,0.0,0,0.0,rectangular:7,rectangular,1.0,rectangular:7,rectangular,1.0,integer:7,integer,1.0,rectangular:7,rectangular,1.0,no:7,no,1.0,combinatorial problem:7,combinatorial problem,1.0,false:7,false,1.0,no:7,no,1.0,no:7,no,1.0,1k_to_10k:3; lt_1k:4,lt_1k,0.571429,JGD_SL6/D_11=169,JGD_SL6/D_7=1270,JGD_SL6/D_5=115,JGD_SL6/D_8=1271,JGD_SL6/D_5=1832,JGD_SL6/D_8=14966,JGD_SL6/D_5=1832,JGD_SL6/D_8=14966
JGD_SPG,7,categorically_heterogeneous,0.071429,3,1,1.338788,2.6985,2.6985,0,0,300,2600,6545,300,2600,6545,592,71760,295680,592,71760,295680,0.0273972602739726,1,1.0,0.0,1,1.0,square:7,square,1.0,symmetric:6; unsymmetric:1,symmetric,0.857143,binary:6; integer:1,binary,0.857143,exact_numerical_or_hermitian:6; partially_pattern_symmetric:1,exact_numerical_or_hermitian,0.857143,no:7,no,1.0,combinatorial problem:7,combinatorial problem,1.0,true:7,true,1.0,no:7,no,1.0,no:7,no,1.0,1k_to_10k:4; lt_1k:3,1k_to_10k,0.571429,JGD_SPG/08blocks=300,JGD_SPG/EX5=6545; JGD_SPG/EX6=6545,JGD_SPG/08blocks=300,JGD_SPG/EX5=6545; JGD_SPG/EX6=6545,JGD_SPG/08blocks=592,JGD_SPG/EX5=295680; JGD_SPG/EX6=295680,JGD_SPG/08blocks=592,JGD_SPG/EX5=295680; JGD_SPG/EX6=295680
JGD_Taha,2,small_group_lt5,0.0,0,1,0.414772,0.427266,0.427266,0,0,14596,26264,37932,209,270,331,51307,94267.5,137228,51307,94267.5,137228,0.0,0,0.0,0.0,0,0.0,rectangular:2,rectangular,1.0,rectangular:2,rectangular,1.0,integer:2,integer,1.0,rectangular:2,rectangular,1.0,no:2,no,1.0,combinatorial problem:2,combinatorial problem,1.0,true:2,true,1.0,no:2,no,1.0,no:2,no,1.0,10k_to_100k:2,10k_to_100k,1.0,JGD_Taha/abtaha1=14596,JGD_Taha/abtaha2=37932,JGD_Taha/abtaha1=209,JGD_Taha/abtaha2=331,JGD_Taha/abtaha1=51307,JGD_Taha/abtaha2=137228,JGD_Taha/abtaha1=51307,JGD_Taha/abtaha2=137228
JGD_Trefethen,11,type_homogeneous_size_diverse,0.0,0,1,3.022276,3.576558,3.576558,0,0,19,300,20000,19,300,20000,147,4678,554466,147,4678,554466,1.0,1,1.0,1.0,1,1.0,square:11,square,1.0,symmetric:11,symmetric,1.0,integer:11,integer,1.0,exact_numerical_or_hermitian:11,exact_numerical_or_hermitian,1.0,yes:11,yes,1.0,combinatorial problem:11,combinatorial problem,1.0,true:11,true,1.0,no:11,no,1.0,yes:11,yes,1.0,10k_to_100k:2; 1k_to_10k:1; lt_1k:8,lt_1k,0.727273,JGD_Trefethen/Trefethen_20b=19,JGD_Trefethen/Trefethen_20000=20000,JGD_Trefethen/Trefethen_20b=19,JGD_Trefethen/Trefethen_20000=20000,JGD_Trefethen/Trefethen_20b=147,JGD_Trefethen/Trefethen_20000=554466,JGD_Trefethen/Trefethen_20b=147,JGD_Trefethen/Trefethen_20000=554466
Janna,18,categorically_heterogeneous,0.185185,4,3,1.041402,1.262962,1.195524,15,39345501,377002,1470152,4147110,377002,1470152,4147110,17277420,62184146.5,316548962,21005389,63844195.5,329499284,1.0,1,1.0,0.0,1,1.0,square:18,square,1.0,symmetric:14; unsymmetric:4,symmetric,0.777778,real:18,real,1.0,exact_numerical_or_hermitian:14; pattern_symmetric_only:4,exact_numerical_or_hermitian,0.777778,no:8; yes:10,yes,0.555556,2D/3D problem:3; computational fluid dynamics problem:1; structural problem:14,structural problem,0.777778,true:18,true,1.0,yes:18,yes,1.0,no:8; yes:10,yes,0.555556,100k_to_1m:5; ge_1m:13,ge_1m,0.722222,Janna/ML_Laplace=377002,Janna/Queen_4147=4147110,Janna/ML_Laplace=377002,Janna/Queen_4147=4147110,Janna/CoupCons3D=17277420,Janna/Queen_4147=316548962,Janna/StocF-1465=21005389,Janna/Queen_4147=329499284
Kamvar,2,small_group_lt5,0.0,0,1,0.384605,0.515781,0.515781,0,0,281903,482674.5,683446,281903,482674.5,683446,2312497,4947936.5,7583376,2312497,4947936.5,7583376,0.2502051856587356,0.26342104253978904,0.2766368994208425,0.2502051856587356,0.26342104253978904,0.2766368994208425,square:2,square,1.0,unsymmetric:2,unsymmetric,1.0,binary:2,binary,1.0,partially_pattern_symmetric:2,partially_pattern_symmetric,1.0,no:2,no,1.0,directed graph:2,directed graph,1.0,missing:2,missing,1.0,no:2,no,1.0,no:2,no,1.0,100k_to_1m:2,100k_to_1m,1.0,Kamvar/Stanford=281903,Kamvar/Stanford_Berkeley=683446,Kamvar/Stanford=281903,Kamvar/Stanford_Berkeley=683446,Kamvar/Stanford=2312497,Kamvar/Stanford_Berkeley=7583376,Kamvar/Stanford=2312497,Kamvar/Stanford_Berkeley=7583376
Kemelmacher,1,small_group_lt5,0.0,0,1,0.0,0.0,0.0,0,0,28452,28452,28452,9693,9693,9693,100875,100875,100875,100875,100875,100875,0.0,0,0.0,0.0,0,0.0,rectangular:1,rectangular,1.0,rectangular:1,rectangular,1.0,real:1,real,1.0,rectangular:1,rectangular,1.0,no:1,no,1.0,computer graphics/vision problem:1,computer graphics/vision problem,1.0,true:1,true,1.0,yes:1,yes,1.0,no:1,no,1.0,10k_to_100k:1,10k_to_100k,1.0,Kemelmacher/Kemelmacher=28452,Kemelmacher/Kemelmacher=28452,Kemelmacher/Kemelmacher=9693,Kemelmacher/Kemelmacher=9693,Kemelmacher/Kemelmacher=100875,Kemelmacher/Kemelmacher=100875,Kemelmacher/Kemelmacher=100875,Kemelmacher/Kemelmacher=100875
Kim,2,small_group_lt5,0.0,0,1,1.075393,1.084258,1.084258,0,0,38415,247695.5,456976,38415,247695.5,456976,933195,6131607.5,11330020,933195,6131607.5,11330020,0.9897360244976419,0.9933861825054666,0.9970363405132914,0.0,0,0.0,square:2,square,1.0,unsymmetric:2,unsymmetric,1.0,complex:2,complex,1.0,partially_pattern_symmetric:2,partially_pattern_symmetric,1.0,no:2,no,1.0,2D/3D problem:2,2D/3D problem,1.0,true:2,true,1.0,yes:2,yes,1.0,no:2,no,1.0,100k_to_1m:1; 10k_to_100k:1,100k_to_1m,0.5,Kim/kim1=38415,Kim/kim2=456976,Kim/kim1=38415,Kim/kim2=456976,Kim/kim1=933195,Kim/kim2=11330020,Kim/kim1=933195,Kim/kim2=11330020
Koutsovasilis,2,small_group_lt5,0.0,0,1,0.681958,0.704928,0.704928,0,0,71505,207648,343791,71505,207648,343791,5294285,16065699,26837113,5294285,16065699,26837113,1.0,1,1.0,1.0,1,1.0,square:2,square,1.0,symmetric:2,symmetric,1.0,real:2,real,1.0,exact_numerical_or_hermitian:2,exact_numerical_or_hermitian,1.0,no:2,no,1.0,structural problem:2,structural problem,1.0,true:2,true,1.0,yes:2,yes,1.0,yes:2,yes,1.0,100k_to_1m:1; 10k_to_100k:1,100k_to_1m,0.5,Koutsovasilis/F2=71505,Koutsovasilis/F1=343791,Koutsovasilis/F2=71505,Koutsovasilis/F1=343791,Koutsovasilis/F2=5294285,Koutsovasilis/F1=26837113,Koutsovasilis/F2=5294285,Koutsovasilis/F1=26837113
LAW,15,categorically_heterogeneous,0.066667,3,2,3.232023,3.84877,3.84877,0,0,69244,5363260,118142155,69244,5363260,118142155,276143,113891327,1949412601,276143,113891327,1949412601,0.1245713694644861,0.2780598082364509,1.0,0.1245713694644861,0.2780598082364509,1.0,square:15,square,1.0,symmetric:2; unsymmetric:13,unsymmetric,0.866667,binary:15,binary,1.0,exact_numerical_or_hermitian:2; partially_pattern_symmetric:13,partially_pattern_symmetric,0.866667,no:15,no,1.0,directed graph:13; undirected graph:2,directed graph,0.866667,missing:15,missing,1.0,no:15,no,1.0,no:14; yes:1,no,0.933333,100k_to_1m:4; 10k_to_100k:1; ge_1m:10,ge_1m,0.666667,LAW/enron=69244,LAW/webbase-2001=118142155,LAW/enron=69244,LAW/webbase-2001=118142155,LAW/enron=276143,LAW/sk-2005=1949412601,LAW/enron=276143,LAW/sk-2005=1949412601
LPnetlib,138,mixed_some_attributes,0.036232,1,1,4.272102,4.806202,4.806202,2,3753,8,489,105127,13,1312.5,243246,22,5500.5,1408073,22,5500.5,1408073,0.0,0,0.0,0.0,0,0.0,rectangular:138,rectangular,1.0,rectangular:138,rectangular,1.0,integer:30; real:108,real,0.782609,rectangular:138,rectangular,1.0,no:138,no,1.0,linear programming problem:138,linear programming problem,1.0,false:25; true:113,true,0.818841,no:138,no,1.0,no:138,no,1.0,100k_to_1m:4; 10k_to_100k:16; 1k_to_10k:60; lt_1k:58,1k_to_10k,0.434783,LPnetlib/lpi_galenet=8,LPnetlib/lp_ken_18=105127,LPnetlib/lpi_itest2=13,LPnetlib/lp_osa_60=243246,LPnetlib/lpi_galenet=22,LPnetlib/lp_osa_60=1408073,LPnetlib/lpi_galenet=22,LPnetlib/lp_osa_60=1408073
Langemyr,1,small_group_lt5,0.0,0,1,0.0,0.0,0.0,0,0,1500,1500,1500,1500,1500,1500,97645,97645,97645,97645,97645,97645,0.9990327110094128,0.9990327110094128,0.9990327110094128,0.0008944822923708982,0.0008944822923708982,0.0008944822923708982,square:1,square,1.0,unsymmetric:1,unsymmetric,1.0,real:1,real,1.0,partially_pattern_symmetric:1,partially_pattern_symmetric,1.0,no:1,no,1.0,structural problem:1,structural problem,1.0,true:1,true,1.0,yes:1,yes,1.0,no:1,no,1.0,1k_to_10k:1,1k_to_10k,1.0,Langemyr/comsol=1500,Langemyr/comsol=1500,Langemyr/comsol=1500,Langemyr/comsol=1500,Langemyr/comsol=97645,Langemyr/comsol=97645,Langemyr/comsol=97645,Langemyr/comsol=97645
LeGresley,3,small_group_lt5,0.0,0,1,1.544839,1.549839,1.549839,0,0,2508,4908,87936,2508,4908,87936,16727,30482,593276,16727,30482,593276,0.837611646388635,0.9773607038123168,0.9792020608292309,0.02995112414467253,0.03427471928313486,0.2557141852450946,square:3,square,1.0,unsymmetric:3,unsymmetric,1.0,real:3,real,1.0,partially_pattern_symmetric:3,partially_pattern_symmetric,1.0,no:3,no,1.0,power network problem:3,power network problem,1.0,true:3,true,1.0,no:3,no,1.0,no:3,no,1.0,10k_to_100k:1; 1k_to_10k:2,1k_to_10k,0.666667,LeGresley/LeGresley_2508=2508,LeGresley/LeGresley_87936=87936,LeGresley/LeGresley_2508=2508,LeGresley/LeGresley_87936=87936,LeGresley/LeGresley_2508=16727,LeGresley/LeGresley_87936=593276,LeGresley/LeGresley_2508=16727,LeGresley/LeGresley_87936=593276
Lee,2,small_group_lt5,0.083333,1,1,0.821574,1.067845,1.067845,0,0,74062,282581,491100,74062,282581,491100,1731206,10985221.5,20239237,1731206,10985221.5,20239237,0.999999037883928,0.9999995189419639,1.0,0.4990933575151925,0.5561452604137468,0.6131971633123011,square:2,square,1.0,unsymmetric:2,unsymmetric,1.0,complex:2,complex,1.0,partially_pattern_symmetric:1; pattern_symmetric_only:1,partially_pattern_symmetric,0.5,no:2,no,1.0,electromagnetics problem:2,electromagnetics problem,1.0,true:2,true,1.0,yes:2,yes,1.0,no:2,no,1.0,100k_to_1m:1; 10k_to_100k:1,100k_to_1m,0.5,Lee/fem_filter=74062,Lee/fem_hifreq_circuit=491100,Lee/fem_filter=74062,Lee/fem_hifreq_circuit=491100,Lee/fem_filter=1731206,Lee/fem_hifreq_circuit=20239237,Lee/fem_filter=1731206,Lee/fem_hifreq_circuit=20239237
Li,2,small_group_lt5,0.333333,4,2,0.0,0.045792,0.0,1,135128,22695,22695,22695,22695,22695,22695,1215181,1282745,1350309,1350309,1350309,1350309,1.0,1,1.0,0.8685670104303111,0.9342835052151556,1.0,square:2,square,1.0,symmetric:1; unsymmetric:1,symmetric,0.5,binary:1; real:1,binary,0.5,exact_numerical_or_hermitian:1; pattern_symmetric_only:1,exact_numerical_or_hermitian,0.5,no:2,no,1.0,duplicate electromagnetics problem:1; electromagnetics problem:1,duplicate electromagnetics problem,0.5,true:2,true,1.0,yes:2,yes,1.0,no:1; yes:1,no,0.5,10k_to_100k:2,10k_to_100k,1.0,Li/li=22695; Li/pli=22695,Li/li=22695; Li/pli=22695,Li/li=22695; Li/pli=22695,Li/li=22695; Li/pli=22695,Li/li=1215181,Li/pli=1350309,Li/li=1350309; Li/pli=1350309,Li/li=1350309; Li/pli=1350309
Lin,1,small_group_lt5,0.0,0,1,0.0,0.0,0.0,0,0,256000,256000,256000,256000,256000,256000,1766400,1766400,1766400,1766400,1766400,1766400,1.0,1,1.0,1.0,1,1.0,square:1,square,1.0,symmetric:1,symmetric,1.0,real:1,real,1.0,exact_numerical_or_hermitian:1,exact_numerical_or_hermitian,1.0,no:1,no,1.0,structural problem:1,structural problem,1.0,true:1,true,1.0,yes:1,yes,1.0,yes:1,yes,1.0,100k_to_1m:1,100k_to_1m,1.0,Lin/Lin=256000,Lin/Lin=256000,Lin/Lin=256000,Lin/Lin=256000,Lin/Lin=1766400,Lin/Lin=1766400,Lin/Lin=1766400,Lin/Lin=1766400
LiuWenzhuo,1,small_group_lt5,0.0,0,1,0.0,0.0,0.0,1,3138,15838,15838,15838,15838,15838,15838,64424,64424,64424,67562,67562,67562,0.5913695769855386,0.5913695769855386,0.5913695769855386,0.5337339974478245,0.5337339974478245,0.5337339974478245,square:1,square,1.0,unsymmetric:1,unsymmetric,1.0,real:1,real,1.0,partially_pattern_symmetric:1,partially_pattern_symmetric,1.0,no:1,no,1.0,power network problem:1,power network problem,1.0,true:1,true,1.0,no:1,no,1.0,no:1,no,1.0,10k_to_100k:1,10k_to_100k,1.0,LiuWenzhuo/powersim=15838,LiuWenzhuo/powersim=15838,LiuWenzhuo/powersim=15838,LiuWenzhuo/powersim=15838,LiuWenzhuo/powersim=64424,LiuWenzhuo/powersim=64424,LiuWenzhuo/powersim=67562,LiuWenzhuo/powersim=67562
Lourakis,1,small_group_lt5,0.0,0,1,0.0,0.0,0.0,1,90,10581,10581,10581,10581,10581,10581,770811,770811,770811,770901,770901,770901,1.0,1,1.0,1.0,1,1.0,square:1,square,1.0,symmetric:1,symmetric,1.0,real:1,real,1.0,exact_numerical_or_hermitian:1,exact_numerical_or_hermitian,1.0,yes:1,yes,1.0,computer graphics/vision problem:1,computer graphics/vision problem,1.0,true:1,true,1.0,yes:1,yes,1.0,yes:1,yes,1.0,10k_to_100k:1,10k_to_100k,1.0,Lourakis/bundle1=10581,Lourakis/bundle1=10581,Lourakis/bundle1=10581,Lourakis/bundle1=10581,Lourakis/bundle1=770811,Lourakis/bundle1=770811,Lourakis/bundle1=770901,Lourakis/bundle1=770901
Lucifora,2,small_group_lt5,0.0,0,1,0.0,0.0,0.0,2,9546,7055,7055,7055,7055,7055,7055,30082,30082,30082,34855,34855,34855,0.9970503597122302,0.9970503597122302,0.9970503597122302,0.0,0.002171364050896773,0.004342728101793546,square:2,square,1.0,unsymmetric:2,unsymmetric,1.0,real:2,real,1.0,partially_pattern_symmetric:2,partially_pattern_symmetric,1.0,no:2,no,1.0,directed weighted graph:2,directed weighted graph,1.0,missing:2,missing,1.0,no:2,no,1.0,no:2,no,1.0,1k_to_10k:2,1k_to_10k,1.0,Lucifora/cell1=7055; Lucifora/cell2=7055,Lucifora/cell1=7055; Lucifora/cell2=7055,Lucifora/cell1=7055; Lucifora/cell2=7055,Lucifora/cell1=7055; Lucifora/cell2=7055,Lucifora/cell1=30082; Lucifora/cell2=30082,Lucifora/cell1=30082; Lucifora/cell2=30082,Lucifora/cell1=34855; Lucifora/cell2=34855,Lucifora/cell1=34855; Lucifora/cell2=34855
Luong,2,small_group_lt5,0.0,0,1,0.508112,0.496388,0.496388,0,0,1388,2930,4472,390,663,936,11816,24436,37056,11816,24436,37056,0.0,0,0.0,0.0,0,0.0,rectangular:2,rectangular,1.0,rectangular:2,rectangular,1.0,real:2,real,1.0,rectangular:2,rectangular,1.0,no:2,no,1.0,computer graphics/vision problem:2,computer graphics/vision problem,1.0,true:2,true,1.0,yes:2,yes,1.0,no:2,no,1.0,1k_to_10k:2,1k_to_10k,1.0,Luong/photogrammetry=1388,Luong/photogrammetry2=4472,Luong/photogrammetry=390,Luong/photogrammetry2=936,Luong/photogrammetry=11816,Luong/photogrammetry2=37056,Luong/photogrammetry=11816,Luong/photogrammetry2=37056
MAWI,5,homogeneous,0.0,0,1,1.085646,1.10104,1.10104,0,0,18571154,68863315,226196185,18571154,68863315,226196185,38040320,143414960,480047894,38040320,143414960,480047894,1.0,1,1.0,1.0,1,1.0,square:5,square,1.0,symmetric:5,symmetric,1.0,integer:5,integer,1.0,exact_numerical_or_hermitian:5,exact_numerical_or_hermitian,1.0,no:5,no,1.0,undirected weighted graph:5,undirected weighted graph,1.0,missing:5,missing,1.0,no:5,no,1.0,no:5,no,1.0,ge_1m:5,ge_1m,1.0,MAWI/mawi_201512012345=18571154,MAWI/mawi_201512020330=226196185,MAWI/mawi_201512012345=18571154,MAWI/mawi_201512020330=226196185,MAWI/mawi_201512012345=38040320,MAWI/mawi_201512020330=480047894,MAWI/mawi_201512012345=38040320,MAWI/mawi_201512020330=480047894
MKS,1,small_group_lt5,0.0,0,1,0.0,0.0,0.0,1,14331,7548,7548,7548,7548,7548,7548,834222,834222,834222,848553,848553,848553,0.7575174939506899,0.7575174939506899,0.7575174939506899,0.002912877385765126,0.002912877385765126,0.002912877385765126,square:1,square,1.0,unsymmetric:1,unsymmetric,1.0,real:1,real,1.0,partially_pattern_symmetric:1,partially_pattern_symmetric,1.0,no:1,no,1.0,electromagnetics problem:1,electromagnetics problem,1.0,true:1,true,1.0,yes:1,yes,1.0,no:1,no,1.0,1k_to_10k:1,1k_to_10k,1.0,MKS/fp=7548,MKS/fp=7548,MKS/fp=7548,MKS/fp=7548,MKS/fp=834222,MKS/fp=834222,MKS/fp=848553,MKS/fp=848553
ML_Graph,36,homogeneous,0.0,0,1,2.560685,2.641265,2.641265,0,0,106,1599.5,38547,106,1599.5,38547,1412,22529,618158,1412,22529,618158,1.0,1,1.0,1.0,1,1.0,square:36,square,1.0,symmetric:36,symmetric,1.0,real:36,real,1.0,exact_numerical_or_hermitian:36,exact_numerical_or_hermitian,1.0,no:36,no,1.0,undirected weighted graph:36,undirected weighted graph,1.0,missing:36,missing,1.0,no:36,no,1.0,no:36,no,1.0,10k_to_100k:7; 1k_to_10k:18; lt_1k:11,1k_to_10k,0.5,ML_Graph/breasttissue_10NN=106,ML_Graph/k49_norm_10NN=38547,ML_Graph/breasttissue_10NN=106,ML_Graph/k49_norm_10NN=38547,ML_Graph/breasttissue_10NN=1412,ML_Graph/k49_norm_10NN=618158,ML_Graph/breasttissue_10NN=1412,ML_Graph/k49_norm_10NN=618158
Mallya,18,homogeneous,0.0,0,1,1.6776,1.918695,1.914823,10,65592,1477,10964,70304,1477,10964,70304,18427,233187,1528092,18592,233741,1528092,0.001513199920413014,0.0073226551044173116,0.0173680609288971,0.0,5.236095550568468e-06,0.0001553140154832006,square:18,square,1.0,unsymmetric:18,unsymmetric,1.0,real:18,real,1.0,partially_pattern_symmetric:18,partially_pattern_symmetric,1.0,no:18,no,1.0,chemical process simulation problem:18,chemical process simulation problem,1.0,true:18,true,1.0,no:18,no,1.0,no:18,no,1.0,10k_to_100k:12; 1k_to_10k:6,10k_to_100k,0.666667,Mallya/lhr01=1477,Mallya/lhr71=70304; Mallya/lhr71c=70304,Mallya/lhr01=1477,Mallya/lhr71=70304; Mallya/lhr71c=70304,Mallya/lhr01=18427,Mallya/lhr71c=1528092,Mallya/lhr01=18592,Mallya/lhr71=1528092; Mallya/lhr71c=1528092
Mancktelow,1,small_group_lt5,0.0,0,1,0.0,0.0,0.0,1,28603,37762,37762,37762,37762,37762,37762,1133641,1133641,1133641,1162244,1162244,1162244,1.0,1,1.0,0.279507135368047,0.279507135368047,0.279507135368047,square:1,square,1.0,unsymmetric:1,unsymmetric,1.0,real:1,real,1.0,pattern_symmetric_only:1,pattern_symmetric_only,1.0,no:1,no,1.0,materials problem:1,materials problem,1.0,true:1,true,1.0,yes:1,yes,1.0,no:1,no,1.0,10k_to_100k:1,10k_to_100k,1.0,Mancktelow/viscorocks=37762,Mancktelow/viscorocks=37762,Mancktelow/viscorocks=37762,Mancktelow/viscorocks=37762,Mancktelow/viscorocks=1133641,Mancktelow/viscorocks=1133641,Mancktelow/viscorocks=1162244,Mancktelow/viscorocks=1162244
Marini,1,small_group_lt5,0.0,0,1,0.0,0.0,0.0,0,0,7245,7245,7245,7245,7245,7245,46142,46142,46142,46142,46142,46142,1.0,1,1.0,1.0,1,1.0,square:1,square,1.0,symmetric:1,symmetric,1.0,real:1,real,1.0,exact_numerical_or_hermitian:1,exact_numerical_or_hermitian,1.0,no:1,no,1.0,economic problem:1,economic problem,1.0,true:1,true,1.0,no:1,no,1.0,no:1,no,1.0,1k_to_10k:1,1k_to_10k,1.0,Marini/eurqsa=7245,Marini/eurqsa=7245,Marini/eurqsa=7245,Marini/eurqsa=7245,Marini/eurqsa=46142,Marini/eurqsa=46142,Marini/eurqsa=46142,Marini/eurqsa=46142
Martin,1,small_group_lt5,0.0,0,1,0.0,0.0,0.0,0,0,400320,400320,400320,400320,400320,400320,6226538,6226538,6226538,6226538,6226538,6226538,0.922267240944297,0.922267240944297,0.922267240944297,0.0,0,0.0,square:1,square,1.0,unsymmetric:1,unsymmetric,1.0,real:1,real,1.0,partially_pattern_symmetric:1,partially_pattern_symmetric,1.0,no:1,no,1.0,chemical oceanography problem:1,chemical oceanography problem,1.0,missing:1,missing,1.0,no:1,no,1.0,no:1,no,1.0,100k_to_1m:1,100k_to_1m,1.0,Martin/marine1=400320,Martin/marine1=400320,Martin/marine1=400320,Martin/marine1=400320,Martin/marine1=6226538,Martin/marine1=6226538,Martin/marine1=6226538,Martin/marine1=6226538
MathWorks,11,categorically_heterogeneous,0.318182,5,5,2.085032,3.046013,3.046013,0,0,102,2290,8765,102,2290,12406,306,14873,340200,306,14873,340200,0.0,0.9525732031943213,1.0,0.0,0.04130434782608695,1.0,rectangular:2; square:9,square,0.818182,rectangular:2; symmetric:2; unsymmetric:7,unsymmetric,0.636364,binary:1; real:10,real,0.909091,exact_numerical_or_hermitian:2; partially_pattern_symmetric:4; pattern_symmetric_only:2; pattern_unsymmetric:1; rectangular:2,partially_pattern_symmetric,0.363636,no:9; yes:2,no,0.818182,computer graphics/vision problem:1; counter-example problem:6; directed graph:1; statistical/mathematical problem:1; structural problem:2,counter-example problem,0.545455,false:2; missing:1; true:8,true,0.727273,no:8; yes:3,no,0.727273,no:9; yes:2,no,0.818182,10k_to_100k:1; 1k_to_10k:6; lt_1k:4,1k_to_10k,0.545455,MathWorks/pivtol=102,MathWorks/Kaufhold=8765,MathWorks/pivtol=102,MathWorks/Pd_rhs=12406,MathWorks/pivtol=306,MathWorks/Kuu=340200,MathWorks/pivtol=306,MathWorks/Kuu=340200
MaxPlanck,2,small_group_lt5,0.0,0,1,0.0,0.0,0.0,0,0,81920,81920,81920,81920,81920,81920,327680,327680,327680,327680,327680,327680,1.0,1,1.0,1.0,1,1.0,square:2,square,1.0,symmetric:2,symmetric,1.0,real:2,real,1.0,exact_numerical_or_hermitian:2,exact_numerical_or_hermitian,1.0,yes:2,yes,1.0,computational fluid dynamics problem:2,computational fluid dynamics problem,1.0,true:2,true,1.0,yes:2,yes,1.0,yes:2,yes,1.0,10k_to_100k:2,10k_to_100k,1.0,MaxPlanck/shallow_water1=81920; MaxPlanck/shallow_water2=81920,MaxPlanck/shallow_water1=81920; MaxPlanck/shallow_water2=81920,MaxPlanck/shallow_water1=81920; MaxPlanck/shallow_water2=81920,MaxPlanck/shallow_water1=81920; MaxPlanck/shallow_water2=81920,MaxPlanck/shallow_water1=327680; MaxPlanck/shallow_water2=327680,MaxPlanck/shallow_water1=327680; MaxPlanck/shallow_water2=327680,MaxPlanck/shallow_water1=327680; MaxPlanck/shallow_water2=327680,MaxPlanck/shallow_water1=327680; MaxPlanck/shallow_water2=327680
Mazaheri,1,small_group_lt5,0.0,0,1,0.0,0.0,0.0,1,144,513351,513351,513351,513351,513351,513351,20207907,20207907,20207907,20208051,20208051,20208051,1.0,1,1.0,1.0,1,1.0,square:1,square,1.0,symmetric:1,symmetric,1.0,real:1,real,1.0,exact_numerical_or_hermitian:1,exact_numerical_or_hermitian,1.0,yes:1,yes,1.0,computer vision problem:1,computer vision problem,1.0,true:1,true,1.0,yes:1,yes,1.0,yes:1,yes,1.0,100k_to_1m:1,100k_to_1m,1.0,Mazaheri/bundle_adj=513351,Mazaheri/bundle_adj=513351,Mazaheri/bundle_adj=513351,Mazaheri/bundle_adj=513351,Mazaheri/bundle_adj=20207907,Mazaheri/bundle_adj=20207907,Mazaheri/bundle_adj=20208051,Mazaheri/bundle_adj=20208051
McRae,2,small_group_lt5,0.083333,1,1,0.0,1e-06,1e-06,0,0,999999,999999.5,1000000,999999,999999.5,1000000,4995991,4995995.5,4996000,4995991,4995995.5,4996000,1.0,1,1.0,1.0,1,1.0,square:2,square,1.0,symmetric:2,symmetric,1.0,real:2,real,1.0,exact_numerical_or_hermitian:2,exact_numerical_or_hermitian,1.0,no:1; yes:1,no,0.5,2D/3D problem:2,2D/3D problem,1.0,true:2,true,1.0,yes:2,yes,1.0,yes:2,yes,1.0,100k_to_1m:1; ge_1m:1,100k_to_1m,0.5,McRae/ecology2=999999,McRae/ecology1=1000000,McRae/ecology2=999999,McRae/ecology1=1000000,McRae/ecology2=4995991,McRae/ecology1=4996000,McRae/ecology2=4995991,McRae/ecology1=4996000
Meng,1,small_group_lt5,0.0,0,1,0.0,0.0,0.0,0,0,274087,274087,274087,274087,274087,274087,4137369,4137369,4137369,4137369,4137369,4137369,0.9801722990969854,0.9801722990969854,0.9801722990969854,0.6457048695901567,0.6457048695901567,0.6457048695901567,square:1,square,1.0,unsymmetric:1,unsymmetric,1.0,complex:1,complex,1.0,partially_pattern_symmetric:1,partially_pattern_symmetric,1.0,no:1,no,1.0,computational chemistry problem:1,computational chemistry problem,1.0,true:1,true,1.0,no:1,no,1.0,no:1,no,1.0,100k_to_1m:1,100k_to_1m,1.0,Meng/iChem_Jacobian=274087,Meng/iChem_Jacobian=274087,Meng/iChem_Jacobian=274087,Meng/iChem_Jacobian=274087,Meng/iChem_Jacobian=4137369,Meng/iChem_Jacobian=4137369,Meng/iChem_Jacobian=4137369,Meng/iChem_Jacobian=4137369
Meszaros,166,mixed_some_attributes,0.087349,2,2,4.842679,5.449325,5.449325,0,0,7,3035,185501,16,9495,1113780,41,53994,11537419,41,53994,11537419,0.0,0,1.0,0.0,0,0.5,rectangular:165; square:1,rectangular,0.993976,rectangular:165; unsymmetric:1,rectangular,0.993976,binary:18; integer:41; real:107,real,0.644578,pattern_symmetric_only:1; rectangular:165,rectangular,0.993976,no:166,no,1.0,linear programming problem:141; linear programming problem sequence:25,linear programming problem,0.849398,false:18; true:148,true,0.891566,no:166,no,1.0,no:166,no,1.0,100k_to_1m:7; 10k_to_100k:70; 1k_to_10k:68; ge_1m:2; lt_1k:19,10k_to_100k,0.421687,Meszaros/farm=7,Meszaros/degme=185501,Meszaros/kleemin=16,Meszaros/stat96v3=1113780,Meszaros/farm=41,Meszaros/tp-6=11537419,Meszaros/farm=41,Meszaros/tp-6=11537419
Mittelmann,30,mixed_some_attributes,0.055556,1,1,1.904108,2.811472,2.811472,0,0,507,91245.5,1918399,24460,317118,1961394,71264,775766.5,46168124,71264,775766.5,46168124,0.0,0,0.0,0.0,0,0.0,rectangular:30,rectangular,1.0,rectangular:30,rectangular,1.0,integer:20; real:10,integer,0.666667,rectangular:30,rectangular,1.0,no:30,no,1.0,linear programming problem:30,linear programming problem,1.0,false:11; true:19,true,0.633333,no:30,no,1.0,no:30,no,1.0,100k_to_1m:19; 10k_to_100k:7; ge_1m:4,100k_to_1m,0.633333,Mittelmann/rail507=507,Mittelmann/cont1_l=1918399,Mittelmann/fome11=24460,Mittelmann/cont11_l=1961394,Mittelmann/fome11=71264,Mittelmann/spal_004=46168124,Mittelmann/fome11=71264,Mittelmann/spal_004=46168124
Moqri,1,small_group_lt5,0.0,0,1,0.0,0.0,0.0,0,0,2427,2427,2427,2427,2427,2427,57022,57022,57022,57022,57022,57022,1.0,1,1.0,1.0,1,1.0,square:1,square,1.0,symmetric:1,symmetric,1.0,real:1,real,1.0,exact_numerical_or_hermitian:1,exact_numerical_or_hermitian,1.0,no:1,no,1.0,undirected weighted graph:1,undirected weighted graph,1.0,missing:1,missing,1.0,no:1,no,1.0,no:1,no,1.0,1k_to_10k:1,1k_to_10k,1.0,Moqri/MISKnowledgeMap=2427,Moqri/MISKnowledgeMap=2427,Moqri/MISKnowledgeMap=2427,Moqri/MISKnowledgeMap=2427,Moqri/MISKnowledgeMap=57022,Moqri/MISKnowledgeMap=57022,Moqri/MISKnowledgeMap=57022,Moqri/MISKnowledgeMap=57022
Morandini,3,small_group_lt5,0.055556,1,2,0.898176,1.178741,1.178741,0,0,100,120,791,100,120,791,708,870,10685,708,870,10685,0.2177215189873418,0.2341063574570172,0.514018691588785,0.05316455696202532,0.07165109034267912,0.1155537784886046,square:3,square,1.0,unsymmetric:3,unsymmetric,1.0,real:3,real,1.0,partially_pattern_symmetric:3,partially_pattern_symmetric,1.0,no:3,no,1.0,robotics problem:1; structural problem:2,structural problem,0.666667,true:3,true,1.0,yes:3,yes,1.0,no:3,no,1.0,lt_1k:3,lt_1k,1.0,Morandini/rotor1=100,Morandini/rotor2=791,Morandini/rotor1=100,Morandini/rotor2=791,Morandini/rotor1=708,Morandini/rotor2=10685,Morandini/rotor1=708,Morandini/rotor2=10685
Muite,4,small_group_lt5,0.0,0,1,2.416641,3.365301,3.365301,0,0,261,3077,68121,261,3077,68121,2319,27663,5377761,2319,27663,5377761,0.3020408163265306,0.5001372592907166,0.5014577259475219,0.0,0,0.0002369275506437348,square:4,square,1.0,unsymmetric:4,unsymmetric,1.0,real:4,real,1.0,partially_pattern_symmetric:4,partially_pattern_symmetric,1.0,no:4,no,1.0,structural problem:4,structural problem,1.0,true:4,true,1.0,yes:4,yes,1.0,no:4,no,1.0,10k_to_100k:1; 1k_to_10k:2; lt_1k:1,1k_to_10k,0.5,Muite/Chebyshev1=261,Muite/Chebyshev4=68121,Muite/Chebyshev1=261,Muite/Chebyshev4=68121,Muite/Chebyshev1=2319,Muite/Chebyshev4=5377761,Muite/Chebyshev1=2319,Muite/Chebyshev4=5377761
Mulvey,2,small_group_lt5,0.25,3,2,0.0,0.0,0.0,0,0,74752,74752,74752,74752,74752,74752,596992,596992,596992,596992,596992,596992,1.0,1,1.0,1.0,1,1.0,square:2,square,1.0,symmetric:2,symmetric,1.0,binary:1; real:1,binary,0.5,exact_numerical_or_hermitian:2,exact_numerical_or_hermitian,1.0,no:1; yes:1,no,0.5,duplicate economic problem:1; economic problem:1,duplicate economic problem,0.5,true:2,true,1.0,no:2,no,1.0,yes:2,yes,1.0,10k_to_100k:2,10k_to_100k,1.0,Mulvey/finan512=74752; Mulvey/pfinan512=74752,Mulvey/finan512=74752; Mulvey/pfinan512=74752,Mulvey/finan512=74752; Mulvey/pfinan512=74752,Mulvey/finan512=74752; Mulvey/pfinan512=74752,Mulvey/finan512=596992; Mulvey/pfinan512=596992,Mulvey/finan512=596992; Mulvey/pfinan512=596992,Mulvey/finan512=596992; Mulvey/pfinan512=596992,Mulvey/finan512=596992; Mulvey/pfinan512=596992
Mycielski,19,type_homogeneous_size_diverse,0.0,0,1,5.594631,9.131999,9.131999,0,0,2,1535,786431,2,1535,786431,2,134710,2710370560,2,134710,2710370560,1.0,1,1.0,1.0,1,1.0,square:19,square,1.0,symmetric:19,symmetric,1.0,binary:19,binary,1.0,exact_numerical_or_hermitian:19,exact_numerical_or_hermitian,1.0,no:19,no,1.0,undirected graph:19,undirected graph,1.0,missing:19,missing,1.0,no:19,no,1.0,no:19,no,1.0,100k_to_1m:3; 10k_to_100k:4; 1k_to_10k:3; lt_1k:9,lt_1k,0.473684,Mycielski/mycielskian2=2,Mycielski/mycielskian20=786431,Mycielski/mycielskian2=2,Mycielski/mycielskian20=786431,Mycielski/mycielskian2=2,Mycielski/mycielskian20=2710370560,Mycielski/mycielskian2=2,Mycielski/mycielskian20=2710370560
ND,4,small_group_lt5,0.0,0,1,0.90309,0.942286,0.942286,0,0,9000,27000,72000,9000,27000,72000,3279690,10559131,28715634,3279690,10559131,28715634,1.0,1,1.0,1.0,1,1.0,square:4,square,1.0,symmetric:4,symmetric,1.0,real:4,real,1.0,exact_numerical_or_hermitian:4,exact_numerical_or_hermitian,1.0,yes:4,yes,1.0,2D/3D problem:4,2D/3D problem,1.0,true:4,true,1.0,yes:4,yes,1.0,yes:4,yes,1.0,10k_to_100k:3; 1k_to_10k:1,10k_to_100k,0.75,ND/nd3k=9000,ND/nd24k=72000,ND/nd3k=9000,ND/nd24k=72000,ND/nd3k=3279690,ND/nd24k=28715634,ND/nd3k=3279690,ND/nd24k=28715634
NYPA,8,type_homogeneous_size_diverse,0.0,0,1,3.370357,3.74753,3.74753,0,0,32,3309,46845,14,2177,75077,234,59905,1308415,234,59905,1308415,0.0,0,0.0,0.0,0,0.0,rectangular:8,rectangular,1.0,rectangular:8,rectangular,1.0,real:8,real,1.0,rectangular:8,rectangular,1.0,no:8,no,1.0,least squares problem:8,least squares problem,1.0,false:7; true:1,false,0.875,no:8,no,1.0,no:8,no,1.0,10k_to_100k:3; 1k_to_10k:3; lt_1k:2,10k_to_100k,0.375,NYPA/Maragal_1=32,NYPA/Maragal_7=46845,NYPA/Maragal_1=14,NYPA/Maragal_8=75077,NYPA/Maragal_1=234,NYPA/Maragal_8=1308415,NYPA/Maragal_1=234,NYPA/Maragal_8=1308415
Nasa,11,categorically_heterogeneous,0.318182,5,2,1.47831,2.056781,2.056781,0,0,1824,6691,54870,1824,6691,54870,23492,103599,2677324,23492,103599,2677324,0.0,1,1.0,0.0,1,1.0,square:11,square,1.0,symmetric:8; unsymmetric:3,symmetric,0.727273,binary:6; real:5,binary,0.545455,exact_numerical_or_hermitian:8; pattern_unsymmetric:3,exact_numerical_or_hermitian,0.727273,no:6; yes:5,no,0.545455,duplicate structural problem:6; structural problem:5,duplicate structural problem,0.545455,true:11,true,1.0,yes:11,yes,1.0,no:3; yes:8,yes,0.727273,10k_to_100k:5; 1k_to_10k:6,1k_to_10k,0.545455,Nasa/nasa1824=1824,Nasa/nasasrb=54870,Nasa/nasa1824=1824,Nasa/nasasrb=54870,Nasa/barth4=23492,Nasa/nasasrb=2677324,Nasa/barth4=23492,Nasa/nasasrb=2677324
Negre,1,small_group_lt5,0.0,0,1,0.0,0.0,0.0,0,0,730,730,730,730,730,730,63024,63024,63024,63024,63024,63024,1.0,1,1.0,1.0,1,1.0,square:1,square,1.0,symmetric:1,symmetric,1.0,real:1,real,1.0,exact_numerical_or_hermitian:1,exact_numerical_or_hermitian,1.0,no:1,no,1.0,computational chemistry problem:1,computational chemistry problem,1.0,true:1,true,1.0,no:1,no,1.0,yes:1,yes,1.0,lt_1k:1,lt_1k,1.0,Negre/dendrimer=730,Negre/dendrimer=730,Negre/dendrimer=730,Negre/dendrimer=730,Negre/dendrimer=63024,Negre/dendrimer=63024,Negre/dendrimer=63024,Negre/dendrimer=63024
Nemeth,26,homogeneous,0.00641,0,2,0.0,0.583097,0.583097,0,0,9506,9506,9506,9506,9506,9506,394808,517973,1511760,394808,517973,1511760,1.0,1,1.0,1.0,1,1.0,square:26,square,1.0,symmetric:26,symmetric,1.0,real:26,real,1.0,exact_numerical_or_hermitian:26,exact_numerical_or_hermitian,1.0,no:26,no,1.0,subsequent theoretical/quantum chemistry problem:25; theoretical/quantum chemistry problem sequence:1,subsequent theoretical/quantum chemistry problem,0.961538,true:26,true,1.0,no:26,no,1.0,no:26,no,1.0,1k_to_10k:26,1k_to_10k,1.0,Nemeth/nemeth01=9506; Nemeth/nemeth02=9506; Nemeth/nemeth03=9506; Nemeth/nemeth04=9506; Nemeth/nemeth05=9506; Nemeth/nemeth06=9506; Nemeth/nemeth07=9506; Nemeth/nemeth08=9506; Nemeth/nemeth09=9506; Nemeth/nemeth10=9506; Nemeth/nemeth11=9506; Nemeth/nemeth12=9506; Nemeth/nemeth13=9506; Nemeth/nemeth14=9506; Nemeth/nemeth15=9506; Nemeth/nemeth16=9506; Nemeth/nemeth17=9506; Nemeth/nemeth18=9506; Nemeth/nemeth19=9506; Nemeth/nemeth20=9506; Nemeth/nemeth21=9506; Nemeth/nemeth22=9506; Nemeth/nemeth23=9506; Nemeth/nemeth24=9506; Nemeth/nemeth25=9506; Nemeth/nemeth26=9506,Nemeth/nemeth01=9506; Nemeth/nemeth02=9506; Nemeth/nemeth03=9506; Nemeth/nemeth04=9506; Nemeth/nemeth05=9506; Nemeth/nemeth06=9506; Nemeth/nemeth07=9506; Nemeth/nemeth08=9506; Nemeth/nemeth09=9506; Nemeth/nemeth10=9506; Nemeth/nemeth11=9506; Nemeth/nemeth12=9506; Nemeth/nemeth13=9506; Nemeth/nemeth14=9506; Nemeth/nemeth15=9506; Nemeth/nemeth16=9506; Nemeth/nemeth17=9506; Nemeth/nemeth18=9506; Nemeth/nemeth19=9506; Nemeth/nemeth20=9506; Nemeth/nemeth21=9506; Nemeth/nemeth22=9506; Nemeth/nemeth23=9506; Nemeth/nemeth24=9506; Nemeth/nemeth25=9506; Nemeth/nemeth26=9506,Nemeth/nemeth01=9506; Nemeth/nemeth02=9506; Nemeth/nemeth03=9506; Nemeth/nemeth04=9506; Nemeth/nemeth05=9506; Nemeth/nemeth06=9506; Nemeth/nemeth07=9506; Nemeth/nemeth08=9506; Nemeth/nemeth09=9506; Nemeth/nemeth10=9506; Nemeth/nemeth11=9506; Nemeth/nemeth12=9506; Nemeth/nemeth13=9506; Nemeth/nemeth14=9506; Nemeth/nemeth15=9506; Nemeth/nemeth16=9506; Nemeth/nemeth17=9506; Nemeth/nemeth18=9506; Nemeth/nemeth19=9506; Nemeth/nemeth20=9506; Nemeth/nemeth21=9506; Nemeth/nemeth22=9506; Nemeth/nemeth23=9506; Nemeth/nemeth24=9506; Nemeth/nemeth25=9506; Nemeth/nemeth26=9506,Nemeth/nemeth01=9506; Nemeth/nemeth02=9506; Nemeth/nemeth03=9506; Nemeth/nemeth04=9506; Nemeth/nemeth05=9506; Nemeth/nemeth06=9506; Nemeth/nemeth07=9506; Nemeth/nemeth08=9506; Nemeth/nemeth09=9506; Nemeth/nemeth10=9506; Nemeth/nemeth11=9506; Nemeth/nemeth12=9506; Nemeth/nemeth13=9506; Nemeth/nemeth14=9506; Nemeth/nemeth15=9506; Nemeth/nemeth16=9506; Nemeth/nemeth17=9506; Nemeth/nemeth18=9506; Nemeth/nemeth19=9506; Nemeth/nemeth20=9506; Nemeth/nemeth21=9506; Nemeth/nemeth22=9506; Nemeth/nemeth23=9506; Nemeth/nemeth24=9506; Nemeth/nemeth25=9506; Nemeth/nemeth26=9506,Nemeth/nemeth02=394808; Nemeth/nemeth03=394808; Nemeth/nemeth04=394808; Nemeth/nemeth05=394808; Nemeth/nemeth06=394808,Nemeth/nemeth26=1511760,Nemeth/nemeth02=394808; Nemeth/nemeth03=394808; Nemeth/nemeth04=394808; Nemeth/nemeth05=394808; Nemeth/nemeth06=394808,Nemeth/nemeth26=1511760
Newman,16,categorically_heterogeneous,0.239583,4,5,3.075128,3.352655,3.35266,1,4,34,1539.5,40421,34,1539.5,40421,156,9336,351382,156,9336,351386,0.1680170575692964,1,1.0,0.04946695095948828,1,1.0,square:16,square,1.0,symmetric:14; unsymmetric:2,symmetric,0.875,binary:6; integer:4; real:6,binary,0.375,exact_numerical_or_hermitian:14; partially_pattern_symmetric:2,exact_numerical_or_hermitian,0.875,no:16,no,1.0,directed multigraph:1; directed weighted graph:1; undirected graph:6; undirected multigraph:1; undirected weighted graph:7,undirected weighted graph,0.4375,missing:16,missing,1.0,no:16,no,1.0,no:16,no,1.0,10k_to_100k:5; 1k_to_10k:4; lt_1k:7,lt_1k,0.4375,Newman/karate=34,Newman/cond-mat-2005=40421,Newman/karate=34,Newman/cond-mat-2005=40421,Newman/karate=156,Newman/cond-mat-2005=351382,Newman/karate=156,Newman/cond-mat-2005=351386
Norris,12,categorically_heterogeneous,0.194444,4,2,2.196077,3.059916,3.059916,3,7368,1650,9801,259156,1650,9801,259156,7419,680341,8516500,7419,682797,8516500,0.4243874832715144,0.995818010999383,1.0,0.0,0,1.0,square:12,square,1.0,symmetric:3; unsymmetric:9,unsymmetric,0.75,real:12,real,1.0,exact_numerical_or_hermitian:3; partially_pattern_symmetric:6; pattern_symmetric_only:3,partially_pattern_symmetric,0.5,no:9; yes:3,no,0.75,2D/3D problem:10; computational fluid dynamics problem:2,2D/3D problem,0.833333,true:12,true,1.0,yes:12,yes,1.0,no:9; yes:3,no,0.75,100k_to_1m:5; 1k_to_10k:7,1k_to_10k,0.583333,Norris/lung1=1650,Norris/torso3=259156,Norris/lung1=1650,Norris/torso3=259156,Norris/lung1=7419,Norris/torso1=8516500,Norris/lung1=7419,Norris/torso1=8516500
Oberwolfach,38,categorically_heterogeneous,0.153509,4,2,4.848058,6.01714,6.192557,3,39602806,14,17361,986703,14,17361,986703,46,176117,47851783,46,176117,71666325,0.6083330964361183,1,1.0,0.0,1,1.0,square:38,square,1.0,symmetric:33; unsymmetric:5,symmetric,0.868421,complex:1; real:37,real,0.973684,exact_numerical_or_hermitian:32; partially_pattern_symmetric:1; pattern_symmetric_only:5,exact_numerical_or_hermitian,0.842105,no:25; yes:13,no,0.657895,duplicate model reduction problem:10; model reduction problem:28,model reduction problem,0.736842,true:38,true,1.0,yes:38,yes,1.0,no:24; yes:14,no,0.631579,100k_to_1m:4; 10k_to_100k:21; 1k_to_10k:11; lt_1k:2,10k_to_100k,0.552632,Oberwolfach/LFAT5=14,Oberwolfach/bone010=986703,Oberwolfach/LFAT5=14,Oberwolfach/bone010=986703,Oberwolfach/LFAT5=46,Oberwolfach/bone010=47851783,Oberwolfach/LFAT5=46,Oberwolfach/bone010=71666325
Okunbor,2,small_group_lt5,0.333333,4,1,0.001113,0.007526,0.007526,0,0,8184,8194.5,8205,8184,8194.5,8205,125567,126664.5,127762,125567,126664.5,127762,1.0,1,1.0,0.9963538443526401,0.99817692217632,1.0,square:2,square,1.0,symmetric:1; unsymmetric:1,symmetric,0.5,complex:1; real:1,complex,0.5,exact_numerical_or_hermitian:1; pattern_symmetric_only:1,exact_numerical_or_hermitian,0.5,no:1; yes:1,no,0.5,acoustics problem:2,acoustics problem,1.0,true:2,true,1.0,yes:2,yes,1.0,no:1; yes:1,no,0.5,1k_to_10k:2,1k_to_10k,1.0,Okunbor/aft02=8184,Okunbor/aft01=8205,Okunbor/aft02=8184,Okunbor/aft01=8205,Okunbor/aft01=125567,Okunbor/aft02=127762,Okunbor/aft01=125567,Okunbor/aft02=127762
PARSEC,21,type_homogeneous_size_diverse,0.0,0,1,2.542364,3.016457,3.016457,0,0,769,67024,268096,769,67024,268096,17801,5156379,18488476,17801,5156379,18488476,1.0,1,1.0,1.0,1,1.0,square:21,square,1.0,symmetric:21,symmetric,1.0,real:21,real,1.0,exact_numerical_or_hermitian:21,exact_numerical_or_hermitian,1.0,no:21,no,1.0,theoretical/quantum chemistry problem:21,theoretical/quantum chemistry problem,1.0,true:21,true,1.0,no:21,no,1.0,yes:21,yes,1.0,100k_to_1m:9; 10k_to_100k:7; 1k_to_10k:4; lt_1k:1,100k_to_1m,0.428571,PARSEC/Si2=769,PARSEC/Ga41As41H72=268096,PARSEC/Si2=769,PARSEC/Ga41As41H72=268096,PARSEC/Si2=17801,PARSEC/Ga41As41H72=18488476,PARSEC/Si2=17801,PARSEC/Ga41As41H72=18488476
POLYFLOW,2,small_group_lt5,0.083333,1,1,0.006547,0.04526,0.046158,1,4122,29957,30184.5,30412,29957,30184.5,30412,1793881,1892400,1990919,1793881,1894461,1995041,0.971442083756505,0.9857210418782525,1.0,0.7213486599424203,0.8552196013183893,0.9890905426943581,square:2,square,1.0,unsymmetric:2,unsymmetric,1.0,real:2,real,1.0,partially_pattern_symmetric:1; pattern_symmetric_only:1,partially_pattern_symmetric,0.5,no:2,no,1.0,computational fluid dynamics problem:2,computational fluid dynamics problem,1.0,true:2,true,1.0,yes:2,yes,1.0,no:2,no,1.0,10k_to_100k:2,10k_to_100k,1.0,POLYFLOW/mixtank_new=29957,POLYFLOW/invextr1_new=30412,POLYFLOW/mixtank_new=29957,POLYFLOW/invextr1_new=30412,POLYFLOW/invextr1_new=1793881,POLYFLOW/mixtank_new=1990919,POLYFLOW/invextr1_new=1793881,POLYFLOW/mixtank_new=1995041
Pajek,76,categorically_heterogeneous,0.333333,4,9,5.57689,5.712846,5.712846,0,0,10,462,3774768,9,462,3774768,29,1708.5,14970767,29,1708.5,14970767,0.0,0.16827315684255165,1.0,0.0,0.11278688524590164,1.0,rectangular:5; square:71,square,0.934211,rectangular:5; symmetric:22; unsymmetric:49,unsymmetric,0.644737,binary:44; integer:28; real:4,binary,0.578947,exact_numerical_or_hermitian:22; partially_pattern_symmetric:37; pattern_unsymmetric:12; rectangular:5,partially_pattern_symmetric,0.486842,no:75; yes:1,no,0.986842,bipartite graph:3; directed graph:28; directed multigraph:11; directed weighted graph:11; undirected graph:13; undirected multigraph:1; undirected weighted graph:6; undirected weighted graph sequence:1; weighted bipartite graph:2,directed graph,0.368421,false:2; missing:71; true:3,missing,0.934211,no:76,no,1.0,no:75; yes:1,no,0.986842,100k_to_1m:3; 10k_to_100k:9; 1k_to_10k:20; ge_1m:1; lt_1k:43,lt_1k,0.565789,Pajek/Stranke94=10,Pajek/patents=3774768,Pajek/divorce=9,Pajek/patents=3774768,Pajek/Tina_AskCal=29,Pajek/patents=14970767,Pajek/Tina_AskCal=29,Pajek/patents=14970767
Pereyra,1,small_group_lt5,0.0,0,1,0.0,0.0,0.0,1,4384,71952,71952,71952,2704,2704,2704,1146848,1146848,1146848,1151232,1151232,1151232,0.0,0,0.0,0.0,0,0.0,rectangular:1,rectangular,1.0,rectangular:1,rectangular,1.0,real:1,real,1.0,rectangular:1,rectangular,1.0,no:1,no,1.0,least squares problem:1,least squares problem,1.0,false:1,false,1.0,no:1,no,1.0,no:1,no,1.0,10k_to_100k:1,10k_to_100k,1.0,Pereyra/landmark=71952,Pereyra/landmark=71952,Pereyra/landmark=2704,Pereyra/landmark=2704,Pereyra/landmark=1146848,Pereyra/landmark=1146848,Pereyra/landmark=1151232,Pereyra/landmark=1151232
Pothen,22,mixed_some_attributes,0.151515,2,1,3.292205,3.177502,3.177502,5,2380,48,7305.5,94069,48,7305.5,94069,306,43576,460493,306,43576,460493,1.0,1,1.0,1.0,1,1.0,square:22,square,1.0,symmetric:22,symmetric,1.0,binary:12; real:10,binary,0.545455,exact_numerical_or_hermitian:22,exact_numerical_or_hermitian,1.0,no:12; yes:10,no,0.545455,structural problem:22,structural problem,1.0,true:22,true,1.0,yes:22,yes,1.0,yes:22,yes,1.0,10k_to_100k:10; 1k_to_10k:3; lt_1k:9,10k_to_100k,0.454545,Pothen/mesh1e1=48; Pothen/mesh1em1=48; Pothen/mesh1em6=48,Pothen/tandem_dual=94069,Pothen/mesh1e1=48; Pothen/mesh1em1=48; Pothen/mesh1em6=48,Pothen/tandem_dual=94069,Pothen/mesh1e1=306; Pothen/mesh1em1=306; Pothen/mesh1em6=306,Pothen/tandem_dual=460493,Pothen/mesh1e1=306; Pothen/mesh1em1=306; Pothen/mesh1em6=306,Pothen/tandem_dual=460493
PowerSystem,1,small_group_lt5,0.0,0,1,0.0,0.0,0.0,1,2892518,197156,197156,197156,197156,197156,197156,805839,805839,805839,3698357,3698357,3698357,0.2139400937122758,0.2139400937122758,0.2139400937122758,0.02415229830828888,0.02415229830828888,0.02415229830828888,square:1,square,1.0,unsymmetric:1,unsymmetric,1.0,real:1,real,1.0,partially_pattern_symmetric:1,partially_pattern_symmetric,1.0,no:1,no,1.0,power network problem:1,power network problem,1.0,true:1,true,1.0,no:1,no,1.0,no:1,no,1.0,100k_to_1m:1,100k_to_1m,1.0,PowerSystem/power197k=197156,PowerSystem/power197k=197156,PowerSystem/power197k=197156,PowerSystem/power197k=197156,PowerSystem/power197k=805839,PowerSystem/power197k=805839,PowerSystem/power197k=3698357,PowerSystem/power197k=3698357
Precima,1,small_group_lt5,0.0,0,1,0.0,0.0,0.0,0,0,303813,303813,303813,303813,303813,303813,2006126,2006126,2006126,2006126,2006126,2006126,1.0,1,1.0,1.0,1,1.0,square:1,square,1.0,symmetric:1,symmetric,1.0,real:1,real,1.0,exact_numerical_or_hermitian:1,exact_numerical_or_hermitian,1.0,no:1,no,1.0,data analytics problem:1,data analytics problem,1.0,true:1,true,1.0,no:1,no,1.0,no:1,no,1.0,100k_to_1m:1,100k_to_1m,1.0,Precima/analytics=303813,Precima/analytics=303813,Precima/analytics=303813,Precima/analytics=303813,Precima/analytics=2006126,Precima/analytics=2006126,Precima/analytics=2006126,Precima/analytics=2006126
Priebel,6,homogeneous,0.0,0,1,1.621511,1.690016,1.690016,0,0,584,5523.5,24430,575,5514,24421,6120,59694,299756,6120,59694,299756,0.0,0,0.0,0.0,0,0.0,rectangular:6,rectangular,1.0,rectangular:6,rectangular,1.0,binary:6,binary,1.0,rectangular:6,rectangular,1.0,no:6,no,1.0,combinatorial problem:6,combinatorial problem,1.0,false:6,false,1.0,no:6,no,1.0,no:6,no,1.0,10k_to_100k:2; 1k_to_10k:3; lt_1k:1,1k_to_10k,0.5,Priebel/130bit=584,Priebel/208bit=24430,Priebel/130bit=575,Priebel/208bit=24421,Priebel/130bit=6120,Priebel/208bit=299756,Priebel/130bit=6120,Priebel/208bit=299756
Puri,4,small_group_lt5,0.041667,1,1,0.0,0.0,0.0,0,0,23412,23412,23412,23412,23412,23412,218484,218484,218484,218484,218484,218484,1.0,1,1.0,0.8850885826771654,0.8850885826771654,0.9753731955380578,square:4,square,1.0,unsymmetric:4,unsymmetric,1.0,complex:3; real:1,complex,0.75,pattern_symmetric_only:4,pattern_symmetric_only,1.0,no:4,no,1.0,model reduction problem:4,model reduction problem,1.0,true:4,true,1.0,yes:4,yes,1.0,no:4,no,1.0,10k_to_100k:4,10k_to_100k,1.0,Puri/ABACUS_shell_ud=23412; Puri/ABACUS_shell_ld=23412; Puri/ABACUS_shell_md=23412; Puri/ABACUS_shell_hd=23412,Puri/ABACUS_shell_ud=23412; Puri/ABACUS_shell_ld=23412; Puri/ABACUS_shell_md=23412; Puri/ABACUS_shell_hd=23412,Puri/ABACUS_shell_ud=23412; Puri/ABACUS_shell_ld=23412; Puri/ABACUS_shell_md=23412; Puri/ABACUS_shell_hd=23412,Puri/ABACUS_shell_ud=23412; Puri/ABACUS_shell_ld=23412; Puri/ABACUS_shell_md=23412; Puri/ABACUS_shell_hd=23412,Puri/ABACUS_shell_ud=218484; Puri/ABACUS_shell_ld=218484; Puri/ABACUS_shell_md=218484; Puri/ABACUS_shell_hd=218484,Puri/ABACUS_shell_ud=218484; Puri/ABACUS_shell_ld=218484; Puri/ABACUS_shell_md=218484; Puri/ABACUS_shell_hd=218484,Puri/ABACUS_shell_ud=218484; Puri/ABACUS_shell_ld=218484; Puri/ABACUS_shell_md=218484; Puri/ABACUS_shell_hd=218484,Puri/ABACUS_shell_ud=218484; Puri/ABACUS_shell_ld=218484; Puri/ABACUS_shell_md=218484; Puri/ABACUS_shell_hd=218484
QCD,14,homogeneous,0.0,0,1,1.20412,1.20412,1.20412,0,0,3072,26112,49152,3072,26112,49152,119808,1018368,1916928,119808,1018368,1916928,0.9230769230769231,0.9230769230769231,0.9230769230769231,0.4615384615384616,0.4615384615384616,0.4615384615384616,square:14,square,1.0,unsymmetric:14,unsymmetric,1.0,complex:14,complex,1.0,partially_pattern_symmetric:14,partially_pattern_symmetric,1.0,no:14,no,1.0,theoretical/quantum chemistry problem:14,theoretical/quantum chemistry problem,1.0,true:14,true,1.0,no:14,no,1.0,no:14,no,1.0,10k_to_100k:7; 1k_to_10k:7,10k_to_100k,0.5,QCD/conf5_0-4x4-10=3072; QCD/conf5_0-4x4-14=3072; QCD/conf5_0-4x4-18=3072; QCD/conf5_0-4x4-22=3072; QCD/conf5_0-4x4-26=3072; QCD/conf6_0-4x4-20=3072; QCD/conf6_0-4x4-30=3072,QCD/conf5_4-8x8-05=49152; QCD/conf5_4-8x8-10=49152; QCD/conf5_4-8x8-15=49152; QCD/conf5_4-8x8-20=49152; QCD/conf6_0-8x8-20=49152; QCD/conf6_0-8x8-30=49152; QCD/conf6_0-8x8-80=49152,QCD/conf5_0-4x4-10=3072; QCD/conf5_0-4x4-14=3072; QCD/conf5_0-4x4-18=3072; QCD/conf5_0-4x4-22=3072; QCD/conf5_0-4x4-26=3072; QCD/conf6_0-4x4-20=3072; QCD/conf6_0-4x4-30=3072,QCD/conf5_4-8x8-05=49152; QCD/conf5_4-8x8-10=49152; QCD/conf5_4-8x8-15=49152; QCD/conf5_4-8x8-20=49152; QCD/conf6_0-8x8-20=49152; QCD/conf6_0-8x8-30=49152; QCD/conf6_0-8x8-80=49152,QCD/conf5_0-4x4-10=119808; QCD/conf5_0-4x4-14=119808; QCD/conf5_0-4x4-18=119808; QCD/conf5_0-4x4-22=119808; QCD/conf5_0-4x4-26=119808; QCD/conf6_0-4x4-20=119808; QCD/conf6_0-4x4-30=119808,QCD/conf5_4-8x8-05=1916928; QCD/conf5_4-8x8-10=1916928; QCD/conf5_4-8x8-15=1916928; QCD/conf5_4-8x8-20=1916928; QCD/conf6_0-8x8-20=1916928; QCD/conf6_0-8x8-30=1916928; QCD/conf6_0-8x8-80=1916928,QCD/conf5_0-4x4-10=119808; QCD/conf5_0-4x4-14=119808; QCD/conf5_0-4x4-18=119808; QCD/conf5_0-4x4-22=119808; QCD/conf5_0-4x4-26=119808; QCD/conf6_0-4x4-20=119808; QCD/conf6_0-4x4-30=119808,QCD/conf5_4-8x8-05=1916928; QCD/conf5_4-8x8-10=1916928; QCD/conf5_4-8x8-15=1916928; QCD/conf5_4-8x8-20=1916928; QCD/conf6_0-8x8-20=1916928; QCD/conf6_0-8x8-30=1916928; QCD/conf6_0-8x8-80=1916928
QLi,3,small_group_lt5,0.055556,1,1,0.439352,0.476197,0.501941,1,320016,160000,160000,440020,160000,160000,440020,1750416,1750416,5240084,1750416,1750416,5560100,0.5503013048158469,0.5503013048158469,1.0,0.0,0.0002376736652548767,0.0002439613283568576,square:3,square,1.0,unsymmetric:3,unsymmetric,1.0,real:3,real,1.0,partially_pattern_symmetric:2; pattern_symmetric_only:1,partially_pattern_symmetric,0.666667,no:3,no,1.0,optimization problem:3,optimization problem,1.0,true:3,true,1.0,no:3,no,1.0,no:3,no,1.0,100k_to_1m:3,100k_to_1m,1.0,QLi/crashbasis=160000; QLi/majorbasis=160000,QLi/largebasis=440020,QLi/crashbasis=160000; QLi/majorbasis=160000,QLi/largebasis=440020,QLi/crashbasis=1750416; QLi/majorbasis=1750416,QLi/largebasis=5240084,QLi/crashbasis=1750416; QLi/majorbasis=1750416,QLi/largebasis=5560100
QY,2,small_group_lt5,0.0,0,1,0.444411,0.847755,0.847755,0,0,14454,27335,40216,14454,27335,40216,147972,595066,1042160,147972,595066,1042160,1.0,1,1.0,1.0,1,1.0,square:2,square,1.0,symmetric:2,symmetric,1.0,real:2,real,1.0,exact_numerical_or_hermitian:2,exact_numerical_or_hermitian,1.0,no:2,no,1.0,power network problem sequence:2,power network problem sequence,1.0,true:2,true,1.0,no:2,no,1.0,no:2,no,1.0,10k_to_100k:2,10k_to_100k,1.0,QY/case9=14454,QY/case39=40216,QY/case9=14454,QY/case39=40216,QY/case9=147972,QY/case39=1042160,QY/case9=147972,QY/case39=1042160
Qaplib,8,type_homogeneous_size_diverse,0.0,0,1,3.226858,3.174101,3.174101,0,0,210,2052,52260,225,5244,379350,1050,22800,1567800,1050,22800,1567800,0.0,0,0.0,0.0,0,0.0,rectangular:8,rectangular,1.0,rectangular:8,rectangular,1.0,integer:8,integer,1.0,rectangular:8,rectangular,1.0,no:8,no,1.0,linear programming problem:8,linear programming problem,1.0,true:8,true,1.0,no:8,no,1.0,no:8,no,1.0,100k_to_1m:1; 10k_to_100k:2; 1k_to_10k:2; lt_1k:3,lt_1k,0.375,Qaplib/lp_nug05=210,Qaplib/lp_nug30=52260,Qaplib/lp_nug05=225,Qaplib/lp_nug30=379350,Qaplib/lp_nug05=1050,Qaplib/lp_nug30=1567800,Qaplib/lp_nug05=1050,Qaplib/lp_nug30=1567800
Quaglino,2,small_group_lt5,0.0,0,1,0.879377,0.794786,0.794786,0,0,4326,18547.5,32769,4326,18547.5,32769,61166,221246,381326,61166,221246,381326,0.5699899872904575,0.6554031569105349,0.7408163265306122,0.0,0,0.0,square:2,square,1.0,unsymmetric:2,unsymmetric,1.0,real:2,real,1.0,partially_pattern_symmetric:2,partially_pattern_symmetric,1.0,no:2,no,1.0,materials problem:2,materials problem,1.0,true:2,true,1.0,yes:2,yes,1.0,no:2,no,1.0,10k_to_100k:1; 1k_to_10k:1,10k_to_100k,0.5,Quaglino/viscoplastic1=4326,Quaglino/viscoplastic2=32769,Quaglino/viscoplastic1=4326,Quaglino/viscoplastic2=32769,Quaglino/viscoplastic1=61166,Quaglino/viscoplastic2=381326,Quaglino/viscoplastic1=61166,Quaglino/viscoplastic2=381326
Rajat,32,categorically_heterogeneous,0.135417,3,1,4.540839,4.485022,4.398288,22,1472235,135,33731.5,4690002,135,33731.5,4690002,665,162866,20316253,812,163783.5,20316253,0.626033640830624,0.9951695846058093,1.0,0.009194565053000587,0.4286578279800002,1.0,square:32,square,1.0,symmetric:6; unsymmetric:26,unsymmetric,0.8125,binary:7; real:25,real,0.78125,exact_numerical_or_hermitian:6; partially_pattern_symmetric:19; pattern_symmetric_only:7,partially_pattern_symmetric,0.59375,no:32,no,1.0,circuit simulation problem:32,circuit simulation problem,1.0,true:32,true,1.0,no:32,no,1.0,no:32,no,1.0,100k_to_1m:6; 10k_to_100k:15; 1k_to_10k:7; ge_1m:1; lt_1k:3,10k_to_100k,0.46875,Rajat/rajat11=135,Rajat/rajat31=4690002,Rajat/rajat11=135,Rajat/rajat31=4690002,Rajat/rajat11=665,Rajat/rajat31=20316253,Rajat/rajat11=812,Rajat/rajat31=20316253
Raju,1,small_group_lt5,0.0,0,1,0.0,0.0,0.0,1,44220,67173,67173,67173,67173,67173,67173,3788857,3788857,3788857,3833077,3833077,3833077,0.9022908019592145,0.9022908019592145,0.9022908019592145,0.5518386226500883,0.5518386226500883,0.5518386226500883,square:1,square,1.0,unsymmetric:1,unsymmetric,1.0,real:1,real,1.0,partially_pattern_symmetric:1,partially_pattern_symmetric,1.0,no:1,no,1.0,computational fluid dynamics problem:1,computational fluid dynamics problem,1.0,true:1,true,1.0,yes:1,yes,1.0,no:1,no,1.0,10k_to_100k:1,10k_to_100k,1.0,Raju/laminar_duct3D=67173,Raju/laminar_duct3D=67173,Raju/laminar_duct3D=67173,Raju/laminar_duct3D=67173,Raju/laminar_duct3D=3788857,Raju/laminar_duct3D=3788857,Raju/laminar_duct3D=3833077,Raju/laminar_duct3D=3833077
Rommes,35,mixed_some_attributes,0.07619,1,1,2.786472,2.084421,2.084421,0,0,66,7135,40366,66,7135,40366,1194,34738,145019,1194,34738,145019,0.3339191564147627,0.8020552507215579,1.0,0.0,0.5712336093539642,0.7583878152166104,square:35,square,1.0,unsymmetric:35,unsymmetric,1.0,real:35,real,1.0,partially_pattern_symmetric:19; pattern_symmetric_only:16,partially_pattern_symmetric,0.542857,no:35,no,1.0,eigenvalue/model reduction problem:35,eigenvalue/model reduction problem,1.0,false:22; true:13,false,0.628571,yes:35,yes,1.0,no:35,no,1.0,10k_to_100k:16; 1k_to_10k:14; lt_1k:5,10k_to_100k,0.457143,Rommes/ww_36_pmec_36=66,Rommes/bauru5727=40366,Rommes/ww_36_pmec_36=66,Rommes/bauru5727=40366,Rommes/ww_36_pmec_36=1194,Rommes/bauru5727=145019,Rommes/ww_36_pmec_36=1194,Rommes/bauru5727=145019
Ronis,2,small_group_lt5,0.0,0,1,0.510545,0.515045,0.515045,0,0,48600,103032,157464,48600,103032,157464,1181120,2523904,3866688,1181120,2523904,3866688,1.0,1,1.0,0.7756792256277864,0.7757462281496047,0.775813230671423,square:2,square,1.0,unsymmetric:2,unsymmetric,1.0,real:2,real,1.0,pattern_symmetric_only:2,pattern_symmetric_only,1.0,no:2,no,1.0,materials problem:2,materials problem,1.0,true:2,true,1.0,yes:2,yes,1.0,no:2,no,1.0,100k_to_1m:1; 10k_to_100k:1,100k_to_1m,0.5,Ronis/xenon1=48600,Ronis/xenon2=157464,Ronis/xenon1=48600,Ronis/xenon2=157464,Ronis/xenon1=1181120,Ronis/xenon2=3866688,Ronis/xenon1=1181120,Ronis/xenon2=3866688
Rost,1,small_group_lt5,0.0,0,1,0.0,0.0,0.0,0,0,74104,74104,74104,74104,74104,74104,365580,365580,365580,365580,365580,365580,0.0001203589980660497,0.0001203589980660497,0.0001203589980660497,0.0001148881345175929,0.0001148881345175929,0.0001148881345175929,square:1,square,1.0,unsymmetric:1,unsymmetric,1.0,complex:1,complex,1.0,partially_pattern_symmetric:1,partially_pattern_symmetric,1.0,no:1,no,1.0,semiconductor device problem:1,semiconductor device problem,1.0,true:1,true,1.0,yes:1,yes,1.0,no:1,no,1.0,10k_to_100k:1,10k_to_100k,1.0,Rost/RFdevice=74104,Rost/RFdevice=74104,Rost/RFdevice=74104,Rost/RFdevice=74104,Rost/RFdevice=365580,Rost/RFdevice=365580,Rost/RFdevice=365580,Rost/RFdevice=365580
Rothberg,6,categorically_heterogeneous,0.194444,3,2,1.548315,1.581897,1.581897,2,5276,4350,62113,153746,4350,62113,153746,237798,2455493,9080404,237798,2458131,9080404,1.0,1,1.0,1.0,1,1.0,square:6,square,1.0,symmetric:6,symmetric,1.0,binary:4; real:2,binary,0.666667,exact_numerical_or_hermitian:6,exact_numerical_or_hermitian,1.0,no:4; yes:2,no,0.666667,computational fluid dynamics problem:3; structural problem:3,computational fluid dynamics problem,0.5,true:6,true,1.0,yes:6,yes,1.0,yes:6,yes,1.0,100k_to_1m:2; 10k_to_100k:3; 1k_to_10k:1,10k_to_100k,0.5,Rothberg/struct4=4350,Rothberg/gearbox=153746,Rothberg/struct4=4350,Rothberg/gearbox=153746,Rothberg/struct4=237798,Rothberg/gearbox=9080404,Rothberg/struct4=237798,Rothberg/gearbox=9080404
Rucci,1,small_group_lt5,0.0,0,1,0.0,0.0,0.0,0,0,1977885,1977885,1977885,109900,109900,109900,7791168,7791168,7791168,7791168,7791168,7791168,0.0,0,0.0,0.0,0,0.0,rectangular:1,rectangular,1.0,rectangular:1,rectangular,1.0,real:1,real,1.0,rectangular:1,rectangular,1.0,no:1,no,1.0,least squares problem:1,least squares problem,1.0,true:1,true,1.0,no:1,no,1.0,no:1,no,1.0,ge_1m:1,ge_1m,1.0,Rucci/Rucci1=1977885,Rucci/Rucci1=1977885,Rucci/Rucci1=109900,Rucci/Rucci1=109900,Rucci/Rucci1=7791168,Rucci/Rucci1=7791168,Rucci/Rucci1=7791168,Rucci/Rucci1=7791168
Rudnyi,1,small_group_lt5,0.0,0,1,0.0,0.0,0.0,0,0,60740,60740,60740,60740,60740,60740,2035281,2035281,2035281,2035281,2035281,2035281,0.9691204183655847,0.9691204183655847,0.9691204183655847,0.9180067671423384,0.9180067671423384,0.9180067671423384,square:1,square,1.0,unsymmetric:1,unsymmetric,1.0,real:1,real,1.0,partially_pattern_symmetric:1,partially_pattern_symmetric,1.0,no:1,no,1.0,computational fluid dynamics problem:1,computational fluid dynamics problem,1.0,true:1,true,1.0,yes:1,yes,1.0,no:1,no,1.0,10k_to_100k:1,10k_to_100k,1.0,Rudnyi/water_tank=60740,Rudnyi/water_tank=60740,Rudnyi/water_tank=60740,Rudnyi/water_tank=60740,Rudnyi/water_tank=2035281,Rudnyi/water_tank=2035281,Rudnyi/water_tank=2035281,Rudnyi/water_tank=2035281
SNAP,68,categorically_heterogeneous,0.259804,4,10,4.814793,5.250353,5.250353,0,0,1005,82007.5,65608366,1005,82007.5,65608366,20296,547436.5,3612134270,20296,547436.5,3612134270,0.0,0.5371178064241937,1.0,0.0,0.38366599754485475,1.0,square:68,square,1.0,symmetric:21; unsymmetric:47,unsymmetric,0.691176,binary:53; integer:15,binary,0.779412,exact_numerical_or_hermitian:21; partially_pattern_symmetric:36; pattern_symmetric_only:1; pattern_unsymmetric:10,partially_pattern_symmetric,0.529412,no:68,no,1.0,directed graph:30; directed graph with communities:2; directed temporal multigraph:8; directed weighted graph:4; directed weighted graph sequence:1; directed weighted temporal graph:2; directed weighted temporal multigraph:1; undirected graph:11; undirected graph sequence:3; undirected graph with communities:6,directed graph,0.441176,missing:68,missing,1.0,no:68,no,1.0,no:68,no,1.0,100k_to_1m:16; 10k_to_100k:23; 1k_to_10k:13; ge_1m:16,10k_to_100k,0.338235,SNAP/email-Eu-core=1005; SNAP/email-Eu-core-temporal=1005,SNAP/com-Friendster=65608366,SNAP/email-Eu-core=1005; SNAP/email-Eu-core-temporal=1005,SNAP/com-Friendster=65608366,SNAP/CollegeMsg=20296,SNAP/com-Friendster=3612134270,SNAP/CollegeMsg=20296,SNAP/com-Friendster=3612134270
Sandia,192,type_homogeneous_size_diverse,0.019965,0,3,3.200864,3.232792,3.399263,5,3096985,430,1220,682862,430,1220,682862,1544,5892,2638997,1544,5892,3871773,0.6142197994049846,0.8183347350714887,1.0,0.0007546383156139254,0.32569386038687975,0.7175697865353038,square:192,square,1.0,unsymmetric:192,unsymmetric,1.0,real:192,real,1.0,partially_pattern_symmetric:182; pattern_symmetric_only:10,partially_pattern_symmetric,0.947917,no:192,no,1.0,circuit simulation problem:7; circuit simulation problem sequence:6; subsequent circuit simulation problem:179,subsequent circuit simulation problem,0.932292,true:192,true,1.0,no:192,no,1.0,no:192,no,1.0,100k_to_1m:4; 10k_to_100k:5; 1k_to_10k:125; lt_1k:58,1k_to_10k,0.651042,Sandia/oscil_dcop_01=430; Sandia/oscil_dcop_02=430; Sandia/oscil_dcop_03=430; Sandia/oscil_dcop_04=430; Sandia/oscil_dcop_05=430; Sandia/oscil_dcop_06=430; Sandia/oscil_dcop_07=430; Sandia/oscil_dcop_08=430; Sandia/oscil_dcop_09=430; Sandia/oscil_dcop_10=430; Sandia/oscil_dcop_11=430; Sandia/oscil_dcop_12=430; Sandia/oscil_dcop_13=430; Sandia/oscil_dcop_14=430; Sandia/oscil_dcop_15=430; Sandia/oscil_dcop_16=430; Sandia/oscil_dcop_17=430; Sandia/oscil_dcop_18=430; Sandia/oscil_dcop_19=430; Sandia/oscil_dcop_20=430; Sandia/oscil_dcop_21=430; Sandia/oscil_dcop_22=430; Sandia/oscil_dcop_23=430; Sandia/oscil_dcop_24=430; Sandia/oscil_dcop_25=430; Sandia/oscil_dcop_26=430; Sandia/oscil_dcop_27=430; Sandia/oscil_dcop_28=430; Sandia/oscil_dcop_29=430; Sandia/oscil_dcop_30=430; Sandia/oscil_dcop_31=430; Sandia/oscil_dcop_32=430; Sandia/oscil_dcop_33=430; Sandia/oscil_dcop_34=430; Sandia/oscil_dcop_35=430; Sandia/oscil_dcop_36=430; Sandia/oscil_dcop_37=430; Sandia/oscil_dcop_38=430; Sandia/oscil_dcop_39=430; Sandia/oscil_dcop_40=430; Sandia/oscil_dcop_41=430; Sandia/oscil_dcop_42=430; Sandia/oscil_dcop_43=430; Sandia/oscil_dcop_44=430; Sandia/oscil_dcop_45=430; Sandia/oscil_dcop_46=430; Sandia/oscil_dcop_47=430; Sandia/oscil_dcop_48=430; Sandia/oscil_dcop_49=430; Sandia/oscil_dcop_50=430; Sandia/oscil_dcop_51=430; Sandia/oscil_dcop_52=430; Sandia/oscil_dcop_53=430; Sandia/oscil_dcop_54=430; Sandia/oscil_dcop_55=430; Sandia/oscil_dcop_56=430; Sandia/oscil_dcop_57=430; Sandia/oscil_trans_01=430,Sandia/ASIC_680k=682862,Sandia/oscil_dcop_01=430; Sandia/oscil_dcop_02=430; Sandia/oscil_dcop_03=430; Sandia/oscil_dcop_04=430; Sandia/oscil_dcop_05=430; Sandia/oscil_dcop_06=430; Sandia/oscil_dcop_07=430; Sandia/oscil_dcop_08=430; Sandia/oscil_dcop_09=430; Sandia/oscil_dcop_10=430; Sandia/oscil_dcop_11=430; Sandia/oscil_dcop_12=430; Sandia/oscil_dcop_13=430; Sandia/oscil_dcop_14=430; Sandia/oscil_dcop_15=430; Sandia/oscil_dcop_16=430; Sandia/oscil_dcop_17=430; Sandia/oscil_dcop_18=430; Sandia/oscil_dcop_19=430; Sandia/oscil_dcop_20=430; Sandia/oscil_dcop_21=430; Sandia/oscil_dcop_22=430; Sandia/oscil_dcop_23=430; Sandia/oscil_dcop_24=430; Sandia/oscil_dcop_25=430; Sandia/oscil_dcop_26=430; Sandia/oscil_dcop_27=430; Sandia/oscil_dcop_28=430; Sandia/oscil_dcop_29=430; Sandia/oscil_dcop_30=430; Sandia/oscil_dcop_31=430; Sandia/oscil_dcop_32=430; Sandia/oscil_dcop_33=430; Sandia/oscil_dcop_34=430; Sandia/oscil_dcop_35=430; Sandia/oscil_dcop_36=430; Sandia/oscil_dcop_37=430; Sandia/oscil_dcop_38=430; Sandia/oscil_dcop_39=430; Sandia/oscil_dcop_40=430; Sandia/oscil_dcop_41=430; Sandia/oscil_dcop_42=430; Sandia/oscil_dcop_43=430; Sandia/oscil_dcop_44=430; Sandia/oscil_dcop_45=430; Sandia/oscil_dcop_46=430; Sandia/oscil_dcop_47=430; Sandia/oscil_dcop_48=430; Sandia/oscil_dcop_49=430; Sandia/oscil_dcop_50=430; Sandia/oscil_dcop_51=430; Sandia/oscil_dcop_52=430; Sandia/oscil_dcop_53=430; Sandia/oscil_dcop_54=430; Sandia/oscil_dcop_55=430; Sandia/oscil_dcop_56=430; Sandia/oscil_dcop_57=430; Sandia/oscil_trans_01=430,Sandia/ASIC_680k=682862,Sandia/oscil_dcop_01=1544; Sandia/oscil_dcop_02=1544; Sandia/oscil_dcop_03=1544; Sandia/oscil_dcop_04=1544; Sandia/oscil_dcop_05=1544; Sandia/oscil_dcop_06=1544; Sandia/oscil_dcop_07=1544; Sandia/oscil_dcop_08=1544; Sandia/oscil_dcop_09=1544; Sandia/oscil_dcop_10=1544; Sandia/oscil_dcop_11=1544; Sandia/oscil_dcop_12=1544; Sandia/oscil_dcop_13=1544; Sandia/oscil_dcop_14=1544; Sandia/oscil_dcop_15=1544; Sandia/oscil_dcop_16=1544; Sandia/oscil_dcop_17=1544; Sandia/oscil_dcop_18=1544; Sandia/oscil_dcop_19=1544; Sandia/oscil_dcop_20=1544; Sandia/oscil_dcop_21=1544; Sandia/oscil_dcop_22=1544; Sandia/oscil_dcop_23=1544; Sandia/oscil_dcop_24=1544; Sandia/oscil_dcop_25=1544; Sandia/oscil_dcop_26=1544; Sandia/oscil_dcop_27=1544; Sandia/oscil_dcop_28=1544; Sandia/oscil_dcop_29=1544; Sandia/oscil_dcop_30=1544; Sandia/oscil_dcop_31=1544; Sandia/oscil_dcop_32=1544; Sandia/oscil_dcop_33=1544; Sandia/oscil_dcop_34=1544; Sandia/oscil_dcop_35=1544; Sandia/oscil_dcop_36=1544; Sandia/oscil_dcop_37=1544; Sandia/oscil_dcop_38=1544; Sandia/oscil_dcop_39=1544; Sandia/oscil_dcop_40=1544; Sandia/oscil_dcop_41=1544; Sandia/oscil_dcop_42=1544; Sandia/oscil_dcop_43=1544; Sandia/oscil_dcop_44=1544; Sandia/oscil_dcop_45=1544; Sandia/oscil_dcop_46=1544; Sandia/oscil_dcop_47=1544; Sandia/oscil_dcop_48=1544; Sandia/oscil_dcop_49=1544; Sandia/oscil_dcop_50=1544; Sandia/oscil_dcop_51=1544; Sandia/oscil_dcop_52=1544; Sandia/oscil_dcop_53=1544; Sandia/oscil_dcop_54=1544; Sandia/oscil_dcop_55=1544; Sandia/oscil_dcop_56=1544; Sandia/oscil_dcop_57=1544,Sandia/ASIC_680k=2638997,Sandia/oscil_dcop_01=1544; Sandia/oscil_dcop_02=1544; Sandia/oscil_dcop_03=1544; Sandia/oscil_dcop_04=1544; Sandia/oscil_dcop_05=1544; Sandia/oscil_dcop_06=1544; Sandia/oscil_dcop_07=1544; Sandia/oscil_dcop_08=1544; Sandia/oscil_dcop_09=1544; Sandia/oscil_dcop_10=1544; Sandia/oscil_dcop_11=1544; Sandia/oscil_dcop_12=1544; Sandia/oscil_dcop_13=1544; Sandia/oscil_dcop_14=1544; Sandia/oscil_dcop_15=1544; Sandia/oscil_dcop_16=1544; Sandia/oscil_dcop_17=1544; Sandia/oscil_dcop_18=1544; Sandia/oscil_dcop_19=1544; Sandia/oscil_dcop_20=1544; Sandia/oscil_dcop_21=1544; Sandia/oscil_dcop_22=1544; Sandia/oscil_dcop_23=1544; Sandia/oscil_dcop_24=1544; Sandia/oscil_dcop_25=1544; Sandia/oscil_dcop_26=1544; Sandia/oscil_dcop_27=1544; Sandia/oscil_dcop_28=1544; Sandia/oscil_dcop_29=1544; Sandia/oscil_dcop_30=1544; Sandia/oscil_dcop_31=1544; Sandia/oscil_dcop_32=1544; Sandia/oscil_dcop_33=1544; Sandia/oscil_dcop_34=1544; Sandia/oscil_dcop_35=1544; Sandia/oscil_dcop_36=1544; Sandia/oscil_dcop_37=1544; Sandia/oscil_dcop_38=1544; Sandia/oscil_dcop_39=1544; Sandia/oscil_dcop_40=1544; Sandia/oscil_dcop_41=1544; Sandia/oscil_dcop_42=1544; Sandia/oscil_dcop_43=1544; Sandia/oscil_dcop_44=1544; Sandia/oscil_dcop_45=1544; Sandia/oscil_dcop_46=1544; Sandia/oscil_dcop_47=1544; Sandia/oscil_dcop_48=1544; Sandia/oscil_dcop_49=1544; Sandia/oscil_dcop_50=1544; Sandia/oscil_dcop_51=1544; Sandia/oscil_dcop_52=1544; Sandia/oscil_dcop_53=1544; Sandia/oscil_dcop_54=1544; Sandia/oscil_dcop_55=1544; Sandia/oscil_dcop_56=1544; Sandia/oscil_dcop_57=1544,Sandia/ASIC_680k=3871773
Sanghavi,1,small_group_lt5,0.0,0,1,0.0,0.0,0.0,0,0,51993,51993,51993,51993,51993,51993,380415,380415,380415,380415,380415,380415,0.9219175329301935,0.9219175329301935,0.9219175329301935,0.6030290297239527,0.6030290297239527,0.6030290297239527,square:1,square,1.0,unsymmetric:1,unsymmetric,1.0,real:1,real,1.0,partially_pattern_symmetric:1,partially_pattern_symmetric,1.0,no:1,no,1.0,semiconductor device problem:1,semiconductor device problem,1.0,true:1,true,1.0,yes:1,yes,1.0,no:1,no,1.0,10k_to_100k:1,10k_to_100k,1.0,Sanghavi/ecl32=51993,Sanghavi/ecl32=51993,Sanghavi/ecl32=51993,Sanghavi/ecl32=51993,Sanghavi/ecl32=380415,Sanghavi/ecl32=380415,Sanghavi/ecl32=380415,Sanghavi/ecl32=380415
Schenk,5,homogeneous,0.0,0,1,1.420771,1.431048,1.431053,5,28160000,1062400,8345600,27993600,1062400,8345600,27993600,28192672,225422112,760648352,28704672,229518112,774472352,1.0,1,1.0,1.0,1,1.0,square:5,square,1.0,symmetric:5,symmetric,1.0,real:5,real,1.0,exact_numerical_or_hermitian:5,exact_numerical_or_hermitian,1.0,no:5,no,1.0,optimization problem:5,optimization problem,1.0,true:5,true,1.0,no:5,no,1.0,no:5,no,1.0,ge_1m:5,ge_1m,1.0,Schenk/nlpkkt80=1062400,Schenk/nlpkkt240=27993600,Schenk/nlpkkt80=1062400,Schenk/nlpkkt240=27993600,Schenk/nlpkkt80=28192672,Schenk/nlpkkt240=760648352,Schenk/nlpkkt80=28704672,Schenk/nlpkkt240=774472352
Schenk_AFE,16,mixed_some_attributes,0.145833,2,3,0.476313,0.473875,0.477289,10,558646,503625,504855,1508065,503625,504855,1508065,17550675,17562051,52259885,17550675,17588875,52672325,1.0,1,1.0,1.0,1,1.0,square:16,square,1.0,symmetric:16,symmetric,1.0,real:16,real,1.0,exact_numerical_or_hermitian:16,exact_numerical_or_hermitian,1.0,no:6; yes:10,yes,0.625,structural problem:7; structural problem sequence:1; subsequent structural problem:8,subsequent structural problem,0.5,true:16,true,1.0,yes:16,yes,1.0,yes:16,yes,1.0,100k_to_1m:15; ge_1m:1,100k_to_1m,0.9375,Schenk_AFE/af_0_k101=503625; Schenk_AFE/af_1_k101=503625; Schenk_AFE/af_2_k101=503625; Schenk_AFE/af_3_k101=503625; Schenk_AFE/af_4_k101=503625; Schenk_AFE/af_5_k101=503625,Schenk_AFE/af_shell10=1508065,Schenk_AFE/af_0_k101=503625; Schenk_AFE/af_1_k101=503625; Schenk_AFE/af_2_k101=503625; Schenk_AFE/af_3_k101=503625; Schenk_AFE/af_4_k101=503625; Schenk_AFE/af_5_k101=503625,Schenk_AFE/af_shell10=1508065,Schenk_AFE/af_0_k101=17550675; Schenk_AFE/af_1_k101=17550675; Schenk_AFE/af_2_k101=17550675; Schenk_AFE/af_3_k101=17550675; Schenk_AFE/af_4_k101=17550675; Schenk_AFE/af_5_k101=17550675,Schenk_AFE/af_shell10=52259885,Schenk_AFE/af_0_k101=17550675; Schenk_AFE/af_1_k101=17550675; Schenk_AFE/af_2_k101=17550675; Schenk_AFE/af_3_k101=17550675; Schenk_AFE/af_4_k101=17550675; Schenk_AFE/af_5_k101=17550675,Schenk_AFE/af_shell10=52672325
Schenk_IBMNA,52,mixed_some_attributes,0.028846,1,3,2.201863,2.189106,2.189134,25,193434,2169,10926.5,345241,2169,10926.5,345241,15145,120123,2340859,15145,127036,2341011,1.0,1,1.0,1.0,1,1.0,square:52,square,1.0,symmetric:52,symmetric,1.0,real:52,real,1.0,exact_numerical_or_hermitian:52,exact_numerical_or_hermitian,1.0,no:52,no,1.0,optimization problem:43; optimization problem sequence:5; subsequent optimization problem:4,optimization problem,0.826923,true:52,true,1.0,no:52,no,1.0,no:52,no,1.0,100k_to_1m:3; 10k_to_100k:25; 1k_to_10k:24,10k_to_100k,0.480769,Schenk_IBMNA/c-18=2169,Schenk_IBMNA/c-big=345241,Schenk_IBMNA/c-18=2169,Schenk_IBMNA/c-big=345241,Schenk_IBMNA/c-18=15145,Schenk_IBMNA/c-big=2340859,Schenk_IBMNA/c-18=15145,Schenk_IBMNA/c-big=2341011
Schenk_IBMSDS,7,homogeneous,0.0,0,1,0.656702,0.765896,0.781628,7,4800533,27628,51448,125329,27628,51448,125329,206670,537038,1205518,442898,1056610,2678750,0.9871118002084263,0.9920908271502504,0.9995761793531919,0.1744833443427385,0.189734095484946,0.3613007012666531,square:7,square,1.0,unsymmetric:7,unsymmetric,1.0,real:7,real,1.0,partially_pattern_symmetric:7,partially_pattern_symmetric,1.0,no:7,no,1.0,semiconductor device problem:7,semiconductor device problem,1.0,true:7,true,1.0,yes:7,yes,1.0,no:7,no,1.0,100k_to_1m:2; 10k_to_100k:5,10k_to_100k,0.714286,Schenk_IBMSDS/2D_27628_bjtcai=27628,Schenk_IBMSDS/matrix-new_3=125329,Schenk_IBMSDS/2D_27628_bjtcai=27628,Schenk_IBMSDS/matrix-new_3=125329,Schenk_IBMSDS/2D_27628_bjtcai=206670,Schenk_IBMSDS/matrix_9=1205518,Schenk_IBMSDS/2D_27628_bjtcai=442898,Schenk_IBMSDS/matrix-new_3=2678750
Schenk_ISEI,18,mixed_some_attributes,0.064815,1,3,1.219563,1.721342,1.674667,18,40428312,10938,115625,181343,10938,115625,181343,130500,2129496,6869939,234006,3897557,11063545,1.0,1,1.0,0.09493801090692276,0.1980614094238716,0.3692588097985042,square:18,square,1.0,unsymmetric:18,unsymmetric,1.0,real:18,real,1.0,pattern_symmetric_only:18,pattern_symmetric_only,1.0,no:18,no,1.0,semiconductor device problem:4; semiconductor device problem sequence:3; subsequent semiconductor device problem:11,subsequent semiconductor device problem,0.611111,true:18,true,1.0,yes:18,yes,1.0,no:18,no,1.0,100k_to_1m:16; 10k_to_100k:2,100k_to_1m,0.888889,Schenk_ISEI/igbt3=10938,Schenk_ISEI/ohne2=181343,Schenk_ISEI/igbt3=10938,Schenk_ISEI/ohne2=181343,Schenk_ISEI/igbt3=130500,Schenk_ISEI/ohne2=6869939,Schenk_ISEI/igbt3=234006,Schenk_ISEI/ohne2=11063545
Schmid,2,small_group_lt5,0.0,0,1,1.17195,1.174245,1.174245,0,0,82654,655349.5,1228045,82654,655349.5,1228045,574458,4577385.5,8580313,574458,4577385.5,8580313,1.0,1,1.0,1.0,1,1.0,square:2,square,1.0,symmetric:2,symmetric,1.0,real:2,real,1.0,exact_numerical_or_hermitian:2,exact_numerical_or_hermitian,1.0,yes:2,yes,1.0,thermal problem:2,thermal problem,1.0,true:2,true,1.0,yes:2,yes,1.0,yes:2,yes,1.0,10k_to_100k:1; ge_1m:1,10k_to_100k,0.5,Schmid/thermal1=82654,Schmid/thermal2=1228045,Schmid/thermal1=82654,Schmid/thermal2=1228045,Schmid/thermal1=574458,Schmid/thermal2=8580313,Schmid/thermal1=574458,Schmid/thermal2=8580313
Schulthess,3,small_group_lt5,0.0,0,1,0.918874,1.004644,1.004644,0,0,1922,3625,10204,1996,3923,16559,4335,8054,43816,4335,8054,43816,0.0,0,0.0,0.0,0,0.0,rectangular:3,rectangular,1.0,rectangular:3,rectangular,1.0,integer:3,integer,1.0,rectangular:3,rectangular,1.0,no:3,no,1.0,biochemical network:3,biochemical network,1.0,false:3,false,1.0,no:3,no,1.0,no:3,no,1.0,10k_to_100k:1; 1k_to_10k:2,1k_to_10k,0.666667,Schulthess/N_biocarta=1922,Schulthess/N_reactome=10204,Schulthess/N_biocarta=1996,Schulthess/N_reactome=16559,Schulthess/N_biocarta=4335,Schulthess/N_reactome=43816,Schulthess/N_biocarta=4335,Schulthess/N_reactome=43816
Shen,4,small_group_lt5,0.0,0,1,0.731859,1.341421,1.341421,0,0,3432,11708.5,18510,3432,11708.5,18510,25220,99239,553562,25220,99239,553562,0.1493062958488302,0.1578869688501962,0.3079877899832364,0.001965387548691824,0.019113259823802173,0.02665845434660729,square:4,square,1.0,unsymmetric:4,unsymmetric,1.0,real:4,real,1.0,partially_pattern_symmetric:4,partially_pattern_symmetric,1.0,no:4,no,1.0,2D/3D problem:4,2D/3D problem,1.0,true:4,true,1.0,yes:4,yes,1.0,no:4,no,1.0,10k_to_100k:2; 1k_to_10k:2,10k_to_100k,0.5,Shen/shermanACa=3432,Shen/shermanACb=18510,Shen/shermanACa=3432,Shen/shermanACb=18510,Shen/shermanACa=25220,Shen/e40r0100=553562,Shen/shermanACa=25220,Shen/e40r0100=553562
Shyy,2,small_group_lt5,0.0,0,1,1.209606,1.21626,1.21626,0,0,4720,40600,76480,4720,40600,76480,20042,174902,329762,20042,174902,329762,0.7234369459874719,0.7248864078192176,0.7263358696509635,0.1824427535660244,0.1834090614538549,0.1843753693416854,square:2,square,1.0,unsymmetric:2,unsymmetric,1.0,real:2,real,1.0,partially_pattern_symmetric:2,partially_pattern_symmetric,1.0,no:2,no,1.0,computational fluid dynamics problem:2,computational fluid dynamics problem,1.0,true:2,true,1.0,yes:2,yes,1.0,no:2,no,1.0,10k_to_100k:1; 1k_to_10k:1,10k_to_100k,0.5,Shyy/shyy41=4720,Shyy/shyy161=76480,Shyy/shyy41=4720,Shyy/shyy161=76480,Shyy/shyy41=20042,Shyy/shyy161=329762,Shyy/shyy41=20042,Shyy/shyy161=329762
Simon,12,categorically_heterogeneous,0.236111,4,5,1.284539,1.152719,1.128509,7,22412,3242,17962.5,62424,3242,17962.5,62424,130371,1402778.5,1853104,137845,1408689.5,1853104,0.0,1,1.0,0.0,0.0729162397267196,1.0,square:12,square,1.0,symmetric:2; unsymmetric:10,unsymmetric,0.833333,real:12,real,1.0,exact_numerical_or_hermitian:2; partially_pattern_symmetric:1; pattern_symmetric_only:7; pattern_unsymmetric:2,pattern_symmetric_only,0.583333,no:10; yes:2,no,0.833333,computational fluid dynamics problem:2; computational fluid dynamics problem sequence:2; directed weighted random graph:1; structural problem:4; subsequent computational fluid dynamics problem:3,structural problem,0.333333,missing:1; true:11,true,0.916667,no:1; yes:11,yes,0.916667,no:10; yes:2,no,0.833333,10k_to_100k:8; 1k_to_10k:4,10k_to_100k,0.666667,Simon/raefsky1=3242; Simon/raefsky2=3242,Simon/venkat01=62424; Simon/venkat25=62424; Simon/venkat50=62424,Simon/raefsky1=3242; Simon/raefsky2=3242,Simon/venkat01=62424; Simon/venkat25=62424; Simon/venkat50=62424,Simon/raefsky6=130371,Simon/appu=1853104,Simon/raefsky6=137845,Simon/appu=1853104
Sinclair,2,small_group_lt5,0.0,0,1,0.367716,0.369536,0.370966,2,4747234,292008,486475.5,680943,292008,486475.5,680943,12935272,21613049.5,30290827,14322744,23986666.5,33650589,1.0,1,1.0,1.0,1,1.0,square:2,square,1.0,Hermitian:2,Hermitian,1.0,complex:2,complex,1.0,exact_numerical_or_hermitian:2,exact_numerical_or_hermitian,1.0,no:2,no,1.0,materials problem:2,materials problem,1.0,true:2,true,1.0,yes:2,yes,1.0,yes:2,yes,1.0,100k_to_1m:2,100k_to_1m,1.0,Sinclair/3Dspectralwave2=292008,Sinclair/3Dspectralwave=680943,Sinclair/3Dspectralwave2=292008,Sinclair/3Dspectralwave=680943,Sinclair/3Dspectralwave2=12935272,Sinclair/3Dspectralwave=30290827,Sinclair/3Dspectralwave2=14322744,Sinclair/3Dspectralwave=33650589
Sorensen,1,small_group_lt5,0.0,0,1,0.0,0.0,0.0,0,0,324085,324085,324085,324085,324085,324085,1208908,1208908,1208908,1208908,1208908,1208908,0.0006324084497715383,0.0006324084497715383,0.0006324084497715383,0.0006125422157473015,0.0006125422157473015,0.0006125422157473015,square:1,square,1.0,unsymmetric:1,unsymmetric,1.0,integer:1,integer,1.0,partially_pattern_symmetric:1,partially_pattern_symmetric,1.0,no:1,no,1.0,directed weighted graph:1,directed weighted graph,1.0,missing:1,missing,1.0,no:1,no,1.0,no:1,no,1.0,100k_to_1m:1,100k_to_1m,1.0,Sorensen/Linux_call_graph=324085,Sorensen/Linux_call_graph=324085,Sorensen/Linux_call_graph=324085,Sorensen/Linux_call_graph=324085,Sorensen/Linux_call_graph=1208908,Sorensen/Linux_call_graph=1208908,Sorensen/Linux_call_graph=1208908,Sorensen/Linux_call_graph=1208908
Springer,1,small_group_lt5,0.0,0,1,0.0,0.0,0.0,0,0,327062,327062,327062,37830,37830,37830,6019939,6019939,6019939,6019939,6019939,6019939,0.0,0,0.0,0.0,0,0.0,rectangular:1,rectangular,1.0,rectangular:1,rectangular,1.0,real:1,real,1.0,rectangular:1,rectangular,1.0,no:1,no,1.0,least squares problem:1,least squares problem,1.0,false:1,false,1.0,no:1,no,1.0,no:1,no,1.0,100k_to_1m:1,100k_to_1m,1.0,Springer/ESOC=327062,Springer/ESOC=327062,Springer/ESOC=37830,Springer/ESOC=37830,Springer/ESOC=6019939,Springer/ESOC=6019939,Springer/ESOC=6019939,Springer/ESOC=6019939
Stevenson,1,small_group_lt5,0.0,0,1,0.0,0.0,0.0,0,0,2111154,2111154,2111154,801374,801374,801374,4944201,4944201,4944201,4944201,4944201,4944201,0.0,0,0.0,0.0,0,0.0,rectangular:1,rectangular,1.0,rectangular:1,rectangular,1.0,real:1,real,1.0,rectangular:1,rectangular,1.0,no:1,no,1.0,circuit simulation problem:1,circuit simulation problem,1.0,true:1,true,1.0,no:1,no,1.0,no:1,no,1.0,ge_1m:1,ge_1m,1.0,Stevenson/LargeRegFile=2111154,Stevenson/LargeRegFile=2111154,Stevenson/LargeRegFile=801374,Stevenson/LargeRegFile=801374,Stevenson/LargeRegFile=4944201,Stevenson/LargeRegFile=4944201,Stevenson/LargeRegFile=4944201,Stevenson/LargeRegFile=4944201
Sumner,1,small_group_lt5,0.0,0,1,0.0,0.0,0.0,0,0,29493,29493,29493,11822,11822,11822,117954,117954,117954,117954,117954,117954,0.0,0,0.0,0.0,0,0.0,rectangular:1,rectangular,1.0,rectangular:1,rectangular,1.0,real:1,real,1.0,rectangular:1,rectangular,1.0,no:1,no,1.0,computer graphics/vision problem:1,computer graphics/vision problem,1.0,true:1,true,1.0,yes:1,yes,1.0,no:1,no,1.0,10k_to_100k:1,10k_to_100k,1.0,Sumner/graphics=29493,Sumner/graphics=29493,Sumner/graphics=11822,Sumner/graphics=11822,Sumner/graphics=117954,Sumner/graphics=117954,Sumner/graphics=117954,Sumner/graphics=117954
Sybrandt,2,small_group_lt5,0.166667,2,2,0.784156,0.239958,0.239435,1,8046672,30239687,107101882,183964077,30239687,107101882,183964077,6669254694,9128990329,11588725964,6677301366,9133013665,11588725964,1.0,1,1.0,1.0,1,1.0,square:2,square,1.0,symmetric:2,symmetric,1.0,binary:1; real:1,binary,0.5,exact_numerical_or_hermitian:2,exact_numerical_or_hermitian,1.0,no:2,no,1.0,undirected graph:1; undirected weighted graph:1,undirected graph,0.5,missing:2,missing,1.0,no:2,no,1.0,no:2,no,1.0,ge_1m:2,ge_1m,1.0,Sybrandt/MOLIERE_2016=30239687,Sybrandt/AGATHA_2015=183964077,Sybrandt/MOLIERE_2016=30239687,Sybrandt/AGATHA_2015=183964077,Sybrandt/MOLIERE_2016=6669254694,Sybrandt/AGATHA_2015=11588725964,Sybrandt/MOLIERE_2016=6677301366,Sybrandt/AGATHA_2015=11588725964
Szczerba,1,small_group_lt5,0.0,0,1,0.0,0.0,0.0,0,0,20896,20896,20896,20896,20896,20896,191368,191368,191368,191368,191368,191368,0.9897436481194791,0.9897436481194791,0.9897436481194791,0.3299904380293234,0.3299904380293234,0.3299904380293234,square:1,square,1.0,unsymmetric:1,unsymmetric,1.0,real:1,real,1.0,partially_pattern_symmetric:1,partially_pattern_symmetric,1.0,no:1,no,1.0,computational fluid dynamics problem:1,computational fluid dynamics problem,1.0,true:1,true,1.0,yes:1,yes,1.0,no:1,no,1.0,10k_to_100k:1,10k_to_100k,1.0,Szczerba/Ill_Stokes=20896,Szczerba/Ill_Stokes=20896,Szczerba/Ill_Stokes=20896,Szczerba/Ill_Stokes=20896,Szczerba/Ill_Stokes=191368,Szczerba/Ill_Stokes=191368,Szczerba/Ill_Stokes=191368,Szczerba/Ill_Stokes=191368
TAMU_SmartGridCenter,3,small_group_lt5,0.111111,2,1,1.243032,0.922799,0.910319,2,2679,4000,20000,69999,4000,20000,69999,28505,135888,238627,29336,137736,238627,1.0,1,1.0,0.007345439706182412,0.02328109899213033,1.0,square:3,square,1.0,symmetric:1; unsymmetric:2,unsymmetric,0.666667,real:3,real,1.0,exact_numerical_or_hermitian:1; pattern_symmetric_only:2,pattern_symmetric_only,0.666667,no:3,no,1.0,power network problem:3,power network problem,1.0,true:3,true,1.0,no:3,no,1.0,no:3,no,1.0,10k_to_100k:2; 1k_to_10k:1,10k_to_100k,0.666667,TAMU_SmartGridCenter/ACTIVSg2000=4000,TAMU_SmartGridCenter/ACTIVSg70K=69999,TAMU_SmartGridCenter/ACTIVSg2000=4000,TAMU_SmartGridCenter/ACTIVSg70K=69999,TAMU_SmartGridCenter/ACTIVSg2000=28505,TAMU_SmartGridCenter/ACTIVSg70K=238627,TAMU_SmartGridCenter/ACTIVSg2000=29336,TAMU_SmartGridCenter/ACTIVSg70K=238627
TKK,12,categorically_heterogeneous,0.222222,5,2,2.049179,2.186313,2.186313,1,3602,1282,13681,143571,1282,13681,143571,30644,695378,4706073,30644,695378,4706073,1.0,1,1.0,0.6937221589143272,1,1.0,square:12,square,1.0,symmetric:10; unsymmetric:2,symmetric,0.833333,binary:3; integer:4; real:5,real,0.416667,exact_numerical_or_hermitian:10; pattern_symmetric_only:2,exact_numerical_or_hermitian,0.833333,no:9; yes:3,no,0.75,structural problem:10; structural problem sequence:2,structural problem,0.833333,true:12,true,1.0,yes:12,yes,1.0,no:2; yes:10,yes,0.833333,100k_to_1m:1; 10k_to_100k:6; 1k_to_10k:5,10k_to_100k,0.5,TKK/plbuckle=1282,TKK/engine=143571,TKK/plbuckle=1282,TKK/engine=143571,TKK/plbuckle=30644,TKK/engine=4706073,TKK/plbuckle=30644,TKK/engine=4706073
TOKAMAK,4,small_group_lt5,0.0,0,1,1.296665,1.424462,1.424462,0,0,300,2380,5940,300,2380,5940,3155,31860,83842,3155,31860,83842,0.4651488616462347,0.5239919806861203,0.5290493183743677,0.0,0,0.0,square:4,square,1.0,unsymmetric:4,unsymmetric,1.0,real:4,real,1.0,partially_pattern_symmetric:4,partially_pattern_symmetric,1.0,no:4,no,1.0,electromagnetics problem:4,electromagnetics problem,1.0,true:4,true,1.0,yes:4,yes,1.0,no:4,no,1.0,1k_to_10k:3; lt_1k:1,1k_to_10k,0.75,TOKAMAK/utm300=300,TOKAMAK/utm5940=5940,TOKAMAK/utm300=300,TOKAMAK/utm5940=5940,TOKAMAK/utm300=3155,TOKAMAK/utm5940=83842,TOKAMAK/utm300=3155,TOKAMAK/utm5940=83842
TSOPF,27,mixed_some_attributes,0.148148,2,1,1.690088,2.810246,2.810246,0,0,2454,29214,120216,2454,29214,120216,25032,1977600,16171169,25032,1977600,16171169,0.002485718029041526,0.05962284731399325,1.0,8.236061201778597e-05,0.0008133934303355415,1.0,square:27,square,1.0,symmetric:12; unsymmetric:15,unsymmetric,0.555556,real:27,real,1.0,exact_numerical_or_hermitian:12; partially_pattern_symmetric:15,partially_pattern_symmetric,0.555556,no:27,no,1.0,power network problem:27,power network problem,1.0,true:27,true,1.0,no:27,no,1.0,no:27,no,1.0,100k_to_1m:1; 10k_to_100k:23; 1k_to_10k:3,10k_to_100k,0.851852,TSOPF/TSOPF_FS_b9_c1=2454,TSOPF/TSOPF_FS_b39_c30=120216,TSOPF/TSOPF_FS_b9_c1=2454,TSOPF/TSOPF_FS_b39_c30=120216,TSOPF/TSOPF_FS_b9_c1=25032,TSOPF/TSOPF_RS_b2383=16171169; TSOPF/TSOPF_RS_b2383_c1=16171169,TSOPF/TSOPF_FS_b9_c1=25032,TSOPF/TSOPF_RS_b2383=16171169; TSOPF/TSOPF_RS_b2383_c1=16171169
Toledo,1,small_group_lt5,0.0,0,1,0.0,0.0,0.0,0,0,68600,68600,68600,21961,21961,21961,247424,247424,247424,247424,247424,247424,0.0,0,0.0,0.0,0,0.0,rectangular:1,rectangular,1.0,rectangular:1,rectangular,1.0,real:1,real,1.0,rectangular:1,rectangular,1.0,no:1,no,1.0,counter-example problem:1,counter-example problem,1.0,true:1,true,1.0,no:1,no,1.0,no:1,no,1.0,10k_to_100k:1,10k_to_100k,1.0,Toledo/deltaX=68600,Toledo/deltaX=68600,Toledo/deltaX=21961,Toledo/deltaX=21961,Toledo/deltaX=247424,Toledo/deltaX=247424,Toledo/deltaX=247424,Toledo/deltaX=247424
Tromble,1,small_group_lt5,0.0,0,1,0.0,0.0,0.0,0,0,399130,399130,399130,399130,399130,399130,1216334,1216334,1216334,1216334,1216334,1216334,0.05790231080611451,0.05790231080611451,0.05790231080611451,0.0,0,0.0,square:1,square,1.0,unsymmetric:1,unsymmetric,1.0,real:1,real,1.0,partially_pattern_symmetric:1,partially_pattern_symmetric,1.0,no:1,no,1.0,directed weighted graph:1,directed weighted graph,1.0,missing:1,missing,1.0,no:1,no,1.0,no:1,no,1.0,100k_to_1m:1,100k_to_1m,1.0,Tromble/language=399130,Tromble/language=399130,Tromble/language=399130,Tromble/language=399130,Tromble/language=1216334,Tromble/language=1216334,Tromble/language=1216334,Tromble/language=1216334
UTEP,3,small_group_lt5,0.0,0,1,0.95879,1.157565,1.157565,1,6,16129,65025,146689,16129,65025,146689,253009,1030225,3636643,253009,1030225,3636649,1.0,1,1.0,1.0,1,1.0,square:3,square,1.0,symmetric:3,symmetric,1.0,real:3,real,1.0,exact_numerical_or_hermitian:3,exact_numerical_or_hermitian,1.0,yes:3,yes,1.0,2D/3D problem:3,2D/3D problem,1.0,true:3,true,1.0,yes:3,yes,1.0,yes:3,yes,1.0,100k_to_1m:1; 10k_to_100k:2,10k_to_100k,0.666667,UTEP/Dubcova1=16129,UTEP/Dubcova3=146689,UTEP/Dubcova1=16129,UTEP/Dubcova3=146689,UTEP/Dubcova1=253009,UTEP/Dubcova3=3636643,UTEP/Dubcova1=253009,UTEP/Dubcova3=3636649
Um,2,small_group_lt5,0.0,0,1,0.408189,0.410876,0.410876,0,0,101492,180640.5,259789,101492,180640.5,259789,1647264,2944968.5,4242673,1647264,2944968.5,4242673,1.0,1,1.0,1.0,1,1.0,square:2,square,1.0,symmetric:2,symmetric,1.0,real:2,real,1.0,exact_numerical_or_hermitian:2,exact_numerical_or_hermitian,1.0,yes:2,yes,1.0,electromagnetics problem:2,electromagnetics problem,1.0,true:2,true,1.0,yes:2,yes,1.0,yes:2,yes,1.0,100k_to_1m:2,100k_to_1m,1.0,Um/2cubes_sphere=101492,Um/offshore=259789,Um/2cubes_sphere=101492,Um/offshore=259789,Um/2cubes_sphere=1647264,Um/offshore=4242673,Um/2cubes_sphere=1647264,Um/offshore=4242673
VDOL,91,homogeneous,0.0,0,1,2.270973,2.384904,2.384904,0,0,99,2513,18476,99,2513,18476,927,28757,224897,927,28757,224897,1.0,1,1.0,1.0,1,1.0,square:91,square,1.0,symmetric:91,symmetric,1.0,real:91,real,1.0,exact_numerical_or_hermitian:91,exact_numerical_or_hermitian,1.0,no:91,no,1.0,optimal control problem:91,optimal control problem,1.0,false:1; true:90,true,0.989011,no:91,no,1.0,no:91,no,1.0,10k_to_100k:13; 1k_to_10k:54; lt_1k:24,1k_to_10k,0.593407,VDOL/spaceStation_1=99,VDOL/lowThrust_13=18476,VDOL/spaceStation_1=99,VDOL/lowThrust_13=18476,VDOL/spaceStation_1=927,VDOL/lowThrust_13=224897,VDOL/spaceStation_1=927,VDOL/lowThrust_13=224897
VLSI,14,mixed_some_attributes,0.142857,2,2,2.386745,2.616323,2.616323,8,34910073,46994,741786,11449533,46994,741786,11449533,845089,18026852,349321980,845089,23860888.5,349321980,0.420954312323566,1,1.0,0.04200954350296261,0.1936182841296341,0.3018551635520223,square:14,square,1.0,unsymmetric:14,unsymmetric,1.0,real:14,real,1.0,partially_pattern_symmetric:6; pattern_symmetric_only:8,pattern_symmetric_only,0.571429,no:14,no,1.0,semiconductor device problem:8; semiconductor process problem:6,semiconductor device problem,0.571429,true:14,true,1.0,yes:14,yes,1.0,no:14,no,1.0,100k_to_1m:5; 10k_to_100k:2; ge_1m:7,ge_1m,0.5,VLSI/mosfet2=46994,VLSI/stokes=11449533,VLSI/mosfet2=46994,VLSI/stokes=11449533,VLSI/ss1=845089,VLSI/stokes=349321980,VLSI/ss1=845089,VLSI/stokes=349321980
VanVelzen,10,homogeneous,0.0,0,1,0.016534,0.584432,0.584529,5,2270,21982,22835,22835,21982,22835,22835,498771,981060,1915726,498771,981319,1916152,1.37377639453759e-05,0.15207874478358313,0.3593020610225873,0.0,1.447027227264308e-06,8.389455293641422e-06,square:10,square,1.0,unsymmetric:10,unsymmetric,1.0,real:10,real,1.0,partially_pattern_symmetric:10,partially_pattern_symmetric,1.0,no:10,no,1.0,chemical process simulation problem:10,chemical process simulation problem,1.0,true:10,true,1.0,no:10,no,1.0,no:10,no,1.0,10k_to_100k:10,10k_to_100k,1.0,VanVelzen/std1_Jac2_db=21982; VanVelzen/std1_Jac2=21982; VanVelzen/std1_Jac3_db=21982; VanVelzen/std1_Jac3=21982,VanVelzen/Zd_Jac2_db=22835; VanVelzen/Zd_Jac2=22835; VanVelzen/Zd_Jac3_db=22835; VanVelzen/Zd_Jac3=22835; VanVelzen/Zd_Jac6_db=22835; VanVelzen/Zd_Jac6=22835,VanVelzen/std1_Jac2_db=21982; VanVelzen/std1_Jac2=21982; VanVelzen/std1_Jac3_db=21982; VanVelzen/std1_Jac3=21982,VanVelzen/Zd_Jac2_db=22835; VanVelzen/Zd_Jac2=22835; VanVelzen/Zd_Jac3_db=22835; VanVelzen/Zd_Jac3=22835; VanVelzen/Zd_Jac6_db=22835; VanVelzen/Zd_Jac6=22835,VanVelzen/std1_Jac2_db=498771,VanVelzen/Zd_Jac3=1915726,VanVelzen/std1_Jac2_db=498771,VanVelzen/Zd_Jac3=1916152
Vavasis,1,small_group_lt5,0.0,0,1,0.0,0.0,0.0,0,0,41092,41092,41092,41092,41092,41092,1683902,1683902,1683902,1683902,1683902,1683902,0.0009359570219938022,0.0009359570219938022,0.0009359570219938022,0.0,0,0.0,square:1,square,1.0,unsymmetric:1,unsymmetric,1.0,real:1,real,1.0,partially_pattern_symmetric:1,partially_pattern_symmetric,1.0,no:1,no,1.0,2D/3D problem:1,2D/3D problem,1.0,true:1,true,1.0,yes:1,yes,1.0,no:1,no,1.0,10k_to_100k:1,10k_to_100k,1.0,Vavasis/av41092=41092,Vavasis/av41092=41092,Vavasis/av41092=41092,Vavasis/av41092=41092,Vavasis/av41092=1683902,Vavasis/av41092=1683902,Vavasis/av41092=1683902,Vavasis/av41092=1683902
Wang,6,mixed_some_attributes,0.111111,1,3,0.953261,0.96758,0.96758,0,0,2903,3169,26068,2903,3169,26068,19093,20841,177196,19093,20841,177196,1.0,1,1.0,0.0,0.4273151697055724,0.9780019059720457,square:6,square,1.0,unsymmetric:6,unsymmetric,1.0,real:6,real,1.0,pattern_symmetric_only:6,pattern_symmetric_only,1.0,no:6,no,1.0,semiconductor device problem:2; semiconductor device problem sequence:2; subsequent semiconductor device problem:2,semiconductor device problem,0.333333,true:6,true,1.0,yes:6,yes,1.0,no:6,no,1.0,10k_to_100k:2; 1k_to_10k:4,1k_to_10k,0.666667,Wang/wang1=2903; Wang/wang2=2903,Wang/wang4=26068,Wang/wang1=2903; Wang/wang2=2903,Wang/wang4=26068,Wang/wang1=19093; Wang/wang2=19093,Wang/wang4=177196,Wang/wang1=19093; Wang/wang2=19093,Wang/wang4=177196
Watson,2,small_group_lt5,0.0,0,1,0.443643,0.570464,0.577544,1,12300,40401,76306,112211,40401,76306,112211,201201,474766,748331,201201,480916,760631,1.0,1,1.0,0.0,0,0.0,square:2,square,1.0,unsymmetric:2,unsymmetric,1.0,real:2,real,1.0,pattern_symmetric_only:2,pattern_symmetric_only,1.0,no:2,no,1.0,2D/3D problem:2,2D/3D problem,1.0,true:2,true,1.0,yes:2,yes,1.0,no:2,no,1.0,100k_to_1m:1; 10k_to_100k:1,100k_to_1m,0.5,Watson/chem_master1=40401,Watson/Baumann=112211,Watson/chem_master1=40401,Watson/Baumann=112211,Watson/chem_master1=201201,Watson/Baumann=748331,Watson/chem_master1=201201,Watson/Baumann=760631
Williams,7,categorically_heterogeneous,0.309524,5,4,1.438698,0.673948,0.673948,0,0,36417,121192,1000005,36417,121192,1000005,1273389,3105536,6010480,1273389,3105536,6010480,0.0,1,1.0,0.0,1,1.0,square:7,square,1.0,symmetric:4; unsymmetric:3,symmetric,0.571429,integer:1; real:6,real,0.857143,exact_numerical_or_hermitian:4; partially_pattern_symmetric:2; pattern_unsymmetric:1,exact_numerical_or_hermitian,0.571429,no:4; yes:3,no,0.571429,2D/3D problem:4; economic problem:1; weighted directed graph:1; weighted undirected graph:1,2D/3D problem,0.571429,false:1; missing:2; true:4,true,0.571429,no:3; yes:4,yes,0.571429,no:4; yes:3,no,0.571429,100k_to_1m:3; 10k_to_100k:3; ge_1m:1,100k_to_1m,0.428571,Williams/pdb1HYS=36417,Williams/webbase-1M=1000005,Williams/pdb1HYS=36417,Williams/webbase-1M=1000005,Williams/mac_econ_fwd500=1273389,Williams/consph=6010480,Williams/mac_econ_fwd500=1273389,Williams/consph=6010480
Wissgott,1,small_group_lt5,0.0,0,1,0.0,0.0,0.0,0,0,525825,525825,525825,525825,525825,525825,3674625,3674625,3674625,3674625,3674625,3674625,1.0,1,1.0,1.0,1,1.0,square:1,square,1.0,symmetric:1,symmetric,1.0,real:1,real,1.0,exact_numerical_or_hermitian:1,exact_numerical_or_hermitian,1.0,yes:1,yes,1.0,computational fluid dynamics problem:1,computational fluid dynamics problem,1.0,true:1,true,1.0,yes:1,yes,1.0,yes:1,yes,1.0,100k_to_1m:1,100k_to_1m,1.0,Wissgott/parabolic_fem=525825,Wissgott/parabolic_fem=525825,Wissgott/parabolic_fem=525825,Wissgott/parabolic_fem=525825,Wissgott/parabolic_fem=3674625,Wissgott/parabolic_fem=3674625,Wissgott/parabolic_fem=3674625,Wissgott/parabolic_fem=3674625
YCheng,3,small_group_lt5,0.0,0,1,0.301,0.302956,0.302956,0,0,14318,26722,28634,11028,11028,11028,57376,102432,115262,57376,102432,115262,0.0,0,0.0,0.0,0,0.0,rectangular:3,rectangular,1.0,rectangular:3,rectangular,1.0,real:3,real,1.0,rectangular:3,rectangular,1.0,no:3,no,1.0,power network problem:3,power network problem,1.0,true:3,true,1.0,no:3,no,1.0,no:3,no,1.0,10k_to_100k:3,10k_to_100k,1.0,YCheng/psse1=14318,YCheng/psse2=28634,YCheng/psse0=11028; YCheng/psse1=11028; YCheng/psse2=11028,YCheng/psse0=11028; YCheng/psse1=11028; YCheng/psse2=11028,YCheng/psse1=57376,YCheng/psse2=115262,YCheng/psse1=57376,YCheng/psse2=115262
YZhou,1,small_group_lt5,0.0,0,1,0.0,0.0,0.0,0,0,1020,1020,1020,1020,1020,1020,5883,5883,5883,5883,5883,5883,0.4379791625712601,0.4379791625712601,0.4379791625712601,0.3727147631216827,0.3727147631216827,0.3727147631216827,square:1,square,1.0,unsymmetric:1,unsymmetric,1.0,real:1,real,1.0,partially_pattern_symmetric:1,partially_pattern_symmetric,1.0,no:1,no,1.0,circuit simulation problem:1,circuit simulation problem,1.0,true:1,true,1.0,no:1,no,1.0,no:1,no,1.0,1k_to_10k:1,1k_to_10k,1.0,YZhou/circuit204=1020,YZhou/circuit204=1020,YZhou/circuit204=1020,YZhou/circuit204=1020,YZhou/circuit204=5883,YZhou/circuit204=5883,YZhou/circuit204=5883,YZhou/circuit204=5883
Yoshiyasu,2,small_group_lt5,0.0,0,1,0.010953,0.079084,0.079084,0,0,234023,237011.5,240000,9393,64696.5,120000,711683,782756,853829,711683,782756,853829,0.0,0,0.0,0.0,0,0.0,rectangular:2,rectangular,1.0,rectangular:2,rectangular,1.0,real:2,real,1.0,rectangular:2,rectangular,1.0,no:2,no,1.0,computer graphics/vision problem:2,computer graphics/vision problem,1.0,true:2,true,1.0,yes:2,yes,1.0,no:2,no,1.0,100k_to_1m:2,100k_to_1m,1.0,Yoshiyasu/mesh_deform=234023,Yoshiyasu/image_interp=240000,Yoshiyasu/mesh_deform=9393,Yoshiyasu/image_interp=120000,Yoshiyasu/image_interp=711683,Yoshiyasu/mesh_deform=853829,Yoshiyasu/image_interp=711683,Yoshiyasu/mesh_deform=853829
Zaoui,1,small_group_lt5,0.0,0,1,0.0,0.0,0.0,1,1841302,2063494,2063494,2063494,2063494,2063494,2063494,12771361,12771361,12771361,14612663,14612663,14612663,1.0,1,1.0,1.0,1,1.0,square:1,square,1.0,symmetric:1,symmetric,1.0,real:1,real,1.0,exact_numerical_or_hermitian:1,exact_numerical_or_hermitian,1.0,no:1,no,1.0,optimization problem:1,optimization problem,1.0,true:1,true,1.0,no:1,no,1.0,no:1,no,1.0,ge_1m:1,ge_1m,1.0,Zaoui/kkt_power=2063494,Zaoui/kkt_power=2063494,Zaoui/kkt_power=2063494,Zaoui/kkt_power=2063494,Zaoui/kkt_power=12771361,Zaoui/kkt_power=12771361,Zaoui/kkt_power=14612663,Zaoui/kkt_power=14612663
Zhao,2,small_group_lt5,0.0,0,1,0.0,0.0,0.0,0,0,33861,33861,33861,33861,33861,33861,166453,166453,166453,166453,166453,166453,0.9224990949680222,0.9224990949680222,0.9224990949680222,0.0,0,0.0,square:2,square,1.0,unsymmetric:2,unsymmetric,1.0,real:2,real,1.0,partially_pattern_symmetric:2,partially_pattern_symmetric,1.0,no:2,no,1.0,electromagnetics problem:2,electromagnetics problem,1.0,true:2,true,1.0,yes:2,yes,1.0,no:2,no,1.0,10k_to_100k:2,10k_to_100k,1.0,Zhao/Zhao1=33861; Zhao/Zhao2=33861,Zhao/Zhao1=33861; Zhao/Zhao2=33861,Zhao/Zhao1=33861; Zhao/Zhao2=33861,Zhao/Zhao1=33861; Zhao/Zhao2=33861,Zhao/Zhao1=166453; Zhao/Zhao2=166453,Zhao/Zhao1=166453; Zhao/Zhao2=166453,Zhao/Zhao1=166453; Zhao/Zhao2=166453,Zhao/Zhao1=166453; Zhao/Zhao2=166453
Zitney,8,mixed_some_attributes,0.041667,1,2,0.70457,0.935,0.917952,5,3211,1048,3017.5,5308,1048,3017.5,5308,10965,22636,94408,11404,23752,94408,0.003859310586790632,0.024917542604827172,0.1404154186743065,0.0,0,0.0006197432492253209,square:8,square,1.0,unsymmetric:8,unsymmetric,1.0,real:8,real,1.0,partially_pattern_symmetric:8,partially_pattern_symmetric,1.0,no:8,no,1.0,chemical process simulation problem:6; chemical process simulation problem sequence:2,chemical process simulation problem,0.75,true:8,true,1.0,no:8,no,1.0,no:8,no,1.0,1k_to_10k:8,1k_to_10k,1.0,Zitney/radfr1=1048,Zitney/hydr1=5308; Zitney/hydr1c=5308,Zitney/radfr1=1048,Zitney/hydr1=5308; Zitney/hydr1c=5308,Zitney/extr1b=10965,Zitney/rdist1=94408,Zitney/extr1b=11404,Zitney/rdist1=94408
vanHeukelum,13,type_homogeneous_size_diverse,0.0,0,1,6.013247,6.717756,6.717756,0,0,5,3534,5154859,5,3534,5154859,19,41594,99199551,19,41594,99199551,1.0,1,1.0,0.0,0.1535470310036784,0.2131193964673732,square:13,square,1.0,unsymmetric:13,unsymmetric,1.0,real:13,real,1.0,pattern_symmetric_only:13,pattern_symmetric_only,1.0,no:13,no,1.0,directed weighted graph:13,directed weighted graph,1.0,missing:12; true:1,missing,0.923077,no:13,no,1.0,no:13,no,1.0,100k_to_1m:2; 10k_to_100k:2; 1k_to_10k:2; ge_1m:2; lt_1k:5,lt_1k,0.384615,vanHeukelum/cage3=5,vanHeukelum/cage15=5154859,vanHeukelum/cage3=5,vanHeukelum/cage15=5154859,vanHeukelum/cage3=19,vanHeukelum/cage15=99199551,vanHeukelum/cage3=19,vanHeukelum/cage15=99199551
